Date,EquityStrategy,EquityBuyHold,DailyReturnStrategy,DailyReturnBuyHold,EffectiveExposure
2016-02-04,1.0,1.0,,,0.0
2016-02-05,1.0,0.9910049228072888,-0.0,-0.008995077192711198,0.0
2016-02-06,1.0,0.9676538055104513,-0.0,-0.023563068920676167,0.0
2016-02-07,1.0,0.9729374468414135,0.0,0.00546025996164512,0.0
2016-02-08,1.0,0.9565710456455063,-0.0,-0.0168216376592758,0.0
2016-02-09,1.0,0.9605402201087657,0.0,0.004149377593360981,0.0
2016-02-10,1.0,0.9753859635557617,0.0,0.015455618761403889,0.0
2016-02-11,1.0,0.9748447124925901,-0.0,-0.0005549096290031752,0.0
2016-02-12,1.0,0.9846903270702854,0.0,0.010099674801046898,0.0
2016-02-13,1.0,1.0077579319054615,0.0,0.023426253108231876,0.0
2016-02-14,1.0,1.0479393798809247,0.0,0.039872122762148354,0.0
2016-02-15,0.9812095722964166,1.028248150725534,-0.018790427703583412,-0.018790427703583412,1.0
2016-02-16,1.0020413684547087,1.0500786102734607,0.021230730668003517,0.021230730668003517,1.0
2016-02-17,1.02117612336752,1.0701306734709657,0.019095773403367433,0.019095773403367433,1.0
2016-02-18,1.0359084089623454,1.0855692157014356,0.014426782273603056,0.014426782273603056,1.0
2016-02-19,1.034752453331366,1.084357844274337,-0.0011158859422112366,-0.0011158859422112366,1.0
2016-02-20,1.0759241496347673,1.1275032861671692,0.039788933257273174,0.039788933257273174,1.0
2016-02-21,1.078629577707273,1.130338410783783,0.002514515612856094,0.002514515612856094,1.0
2016-02-22,1.0761455028406999,1.1277352509085286,-0.0023029916089017943,-0.0023029916089017943,1.0
2016-02-23,1.0329078432819307,1.0824248047630094,-0.0401782653411038,-0.0401782653411038,1.0
2016-02-24,1.0426719791436094,1.09265702724297,0.009453056170678709,0.009453056170678709,1.0
2016-02-25,1.0416881871172439,1.091626072836929,-0.0009435297447751845,-0.0009435297447751845,1.0
2016-02-26,1.0596669863990757,1.1104667646073352,0.017259290739953803,0.017259290739953803,1.0
2016-02-27,1.0652500061487007,1.1163174308616202,0.005268654984333265,0.005268654984333265,1.0
2016-02-28,1.0667502889889084,1.1178896363308333,0.001408385666789913,0.001408385666789913,1.0
2016-02-29,1.0734154799675355,1.1248743524317637,0.006248126714776481,0.006248126714776481,1.0
2016-03-01,1.0651516269460641,1.116214335421016,-0.007698652735771305,-0.007698652735771305,1.0
2016-03-02,1.0339408249096147,1.0835073068893528,-0.02930174563591026,-0.02930174563591026,1.0
2016-03-03,1.0300302516048114,1.0794092631253382,-0.003782202240776411,-0.003782202240776411,1.0
2016-03-04,1.0018692048500955,1.0498981932524034,-0.027340019102196744,-0.027340019102196744,1.0
2016-03-05,0.9741508645072439,1.020851052862187,-0.02766662575181056,-0.02766662575181056,1.0
2016-03-06,0.9917607417791886,1.039305136730328,0.018077156130074767,0.018077156130074767,1.0
2016-03-07,1.0138222779704376,1.0624242892858062,0.022244816982442073,0.022244816982442073,1.0
2016-03-08,1.011289013502546,1.0597695816902497,-0.002498726377331839,-0.002498726377331839,1.0
2016-03-09,1.0152733712093267,1.0639449470347173,0.003939880344374647,0.003939880344374647,1.0
2016-03-10,1.0230945178189335,1.0721410345627465,0.007703488372093004,0.007703488372093004,1.0
2016-03-11,1.0314813448437004,1.0809299208742493,0.008197509495648791,0.008197509495648791,1.0
2016-03-12,1.0098133254629975,1.0582231500811876,-0.021006700207444107,-0.021006700207444107,1.0
2016-03-13,1.0145847167908708,1.0632232789504883,0.004725023137999829,0.004725023137999829,1.0
2016-03-14,1.0207334169556561,1.069666743988247,0.00606031222728598,0.00606031222728598,1.0
2016-03-15,1.0216926141813627,1.0706719245341376,0.0009397137487350271,0.0009397137487350271,1.0
2016-03-16,1.023315871024866,1.0723729993041058,0.0015887917960568654,0.0015887917960568654,1.0
2016-03-17,1.029071054379105,1.0784040825794479,0.005624053644819549,0.005624053644819549,1.0
2016-03-18,1.0075260090016978,1.0558261810871414,-0.02093640209364034,-0.02093640209364034,1.0
2016-03-19,1.0088787230379506,1.0572437433954482,0.0013426095447333086,0.0013426095447333086,1.0
2016-03-20,1.0115103667084786,1.060001546431609,0.0026084836665041244,0.0026084836665041244,1.0
2016-03-21,1.0133057871565958,1.0618830382226345,0.0017749896661560793,0.0017749896661560793,1.0
2016-03-22,1.0247669642637554,1.0738936570530169,0.011310679611650443,0.011310679611650443,1.0
2016-03-23,1.0269067119211006,1.0761359828861568,0.002088033408534473,0.002088033408534473,1.0
2016-03-24,1.0156422932192142,1.064331554936983,-0.010969271669101555,-0.010969271669101555,1.0
2016-03-25,1.0241520942472768,1.073249310549241,0.008378738346046744,0.008378738346046744,1.0
2016-03-26,1.0255294030841886,1.074692646717699,0.0013448284143031675,0.0013448284143031675,1.0
2016-03-27,1.0460168720332528,1.096162272223511,0.01997745641173232,0.01997745641173232,1.0
2016-03-28,1.0403600678816505,1.090234284388773,-0.005407947331295571,-0.005407947331295571,1.0
2016-03-29,1.0241029046459584,1.0731977628289389,-0.015626477541371142,-0.015626477541371142,1.0
2016-03-30,1.015248776408668,1.0639191731745663,-0.008645740771872412,-0.008645740771872412,1.0
2016-03-31,1.0232174918222292,1.0722699038635015,0.007849027350468551,0.007849027350468551,1.0
2016-04-01,1.0272756339309876,1.0765225907884224,0.003966060139893868,0.003966060139893868,1.0
2016-04-02,1.0328586536806126,1.0823732570427071,0.005434782608695565,0.005434782608695565,1.0
2016-04-03,1.0333751444944546,1.082914508105879,0.0005000595308966016,0.0005000595308966016,1.0
2016-04-04,1.031678103248974,1.0811361117554577,-0.0016422315308454172,-0.0016422315308454172,1.0
2016-04-05,1.0387860006394656,1.0885847573391068,0.006889646458626331,0.006889646458626331,1.0
2016-04-06,1.0365724685801427,1.0862651099255134,-0.002130883606402234,-0.002130883606402234,1.0
2016-04-07,1.0378759930150774,1.0876311245135184,0.0012575333364970298,0.0012575333364970298,1.0
2016-04-08,1.031702698049633,1.0811618856156087,-0.005948008246640879,-0.005948008246640879,1.0
2016-04-09,1.0316535084483147,1.0811103378953064,-4.7678077619961456e-05,-4.7678077619961456e-05,1.0
2016-04-10,1.0413438599080163,1.0912652387948143,0.009393029132694464,0.009393029132694464,1.0
2016-04-11,1.0426719791436099,1.09265702724297,0.0012753897024091465,0.0012753897024091465,1.0
2016-04-12,1.052165572198038,1.1026057372612696,0.009105062037080724,0.009105062037080724,1.0
2016-04-13,1.0467055264517087,1.0968839403077397,-0.005189340813464338,-0.005189340813464338,1.0
2016-04-14,1.048525541700485,1.0987912059589164,0.0017388035152028358,0.0017388035152028358,1.0
2016-04-15,1.0598637448043489,1.1106729554885435,0.01081347344717587,0.01081347344717587,1.0
2016-04-16,1.0659140657664974,1.117013325085698,0.0057085837607036005,0.0057085837607036005,1.0
2016-04-17,1.0600359084089628,1.1108533725096008,-0.005514663467085068,-0.005514663467085068,1.0
2016-04-18,1.0599621240069854,1.1107760509291478,-6.960556844537447e-05,-6.960556844537447e-05,1.0
2016-04-19,1.074940357608402,1.1264723317611278,0.014130913984732096,0.014130913984732096,1.0
2016-04-20,1.089451289997295,1.1416789092502384,0.013499290715233592,0.013499290715233592,1.0
2016-04-21,1.1122998598096367,1.1656228253305498,0.020972548311360084,0.020972548311360084,1.0
2016-04-22,1.1028554563565267,1.1557256630325525,-0.00849087893864009,-0.00849087893864009,1.0
2016-04-23,1.1207604712363812,1.1744890332225058,0.016235141945986964,0.016235141945986964,1.0
2016-04-24,1.1423301114144475,1.1970927085749632,0.01924553973095744,0.01924553973095744,1.0
2016-04-25,1.1465358223271607,1.2015000386607901,0.0036816948714637476,0.0036816948714637476,1.0
2016-04-26,1.1574067242185007,1.2128920848475475,0.00948151961730681,0.00948151961730681,1.0
2016-04-27,1.095231068152193,1.1477357663857315,-0.05371979855075537,-0.05371979855075537,1.0
2016-04-28,1.1108979561720655,1.1641537153019408,0.01430464171026924,0.01430464171026924,1.0
2016-04-29,1.1284586438426918,1.1825562514497796,0.01580765143464391,0.01580765143464391,1.0
2016-04-30,1.1166531395263042,1.1701847985772829,-0.010461618935530326,-0.010461618935530326,1.0
2016-05-01,1.12393320052141,1.1778138611819893,0.0065195365842916075,0.0065195365842916075,1.0
2016-05-02,1.0979610910253574,1.1505966648624966,-0.023108232307759602,-0.023108232307759602,1.0
2016-05-03,1.112201480607,1.1655197298899456,0.01296984902110121,0.01296984902110121,1.0
2016-05-04,1.1035195159743234,1.1564215572566303,-0.007806107781782701,-0.007806107781782701,1.0
2016-05-05,1.1067168400600118,1.1597721590762649,0.0028973878933762354,0.0028973878933762354,1.0
2016-05-06,1.1370422292727322,1.1915513286424908,0.027401217831903635,0.027401217831903635,1.0
2016-05-07,1.1360584372463667,1.1905203742364494,-0.0008652203067205377,-0.0008652203067205377,1.0
2016-05-08,1.1382227797043711,1.1927884739297405,0.001905133034573847,0.001905133034573847,1.0
2016-05-09,1.1415922673946735,1.1963194927704324,0.002960305970310495,0.002960305970310495,1.0
2016-05-10,1.1136033842445712,1.1669888399185544,-0.024517407790417223,-0.024517407790417223,1.0
2016-05-11,1.1175139575493744,1.1710868836825692,0.0035116392066787405,0.0035116392066787405,1.0
2016-05-12,1.1227034604884532,1.1765251681744375,0.004643792503906452,0.004643792503906452,1.0
2016-05-13,1.1263926805873243,1.1803912471970928,0.0032860147213460422,0.0032860147213460422,1.0
2016-05-14,1.1286554022479651,1.182762442330988,0.0020088213459101834,0.0020088213459101834,1.0
2016-05-15,1.1349762660173643,1.189386324389804,0.0056003486598388275,0.0056003486598388275,1.0
2016-05-16,1.1206866868344036,1.1744117116420527,-0.01259020087979712,-0.01259020087979712,1.0
2016-05-17,1.1170712511375098,1.1706229541998505,-0.0032260896282316764,-0.0032260896282316764,1.0
2016-05-18,1.1204407388278121,1.1741539730405424,0.0030163587925757795,0.0030163587925757795,1.0
2016-05-19,1.0781868712954084,1.1298744813010644,-0.037711827201685866,-0.037711827201685866,1.0
2016-05-20,1.0960672913746037,1.1486120776308666,0.01658378575664954,0.01658378575664954,1.0
2016-05-21,1.0976167638161296,1.150235830820382,0.0014136654325143105,0.0014136654325143105,1.0
2016-05-22,1.0882707395656561,1.1404417639629887,-0.008514833736667504,-0.008514833736667504,1.0
2016-05-23,1.0961164809759218,1.1486636253511688,0.007209365395046019,0.007209365395046019,1.0
2016-05-24,1.0993629946629284,1.1520657748911054,0.0029618327462024308,0.0029618327462024308,1.0
2016-05-25,1.1104306549595417,1.163664011959071,0.01006733931407866,0.01006733931407866,1.0
2016-05-26,1.1189896455889228,1.1726333152916313,0.007707811911670248,0.007707811911670248,1.0
2016-05-27,1.159079170663322,1.214644707337818,0.035826538013495224,0.035826538013495224,1.0
2016-05-28,1.286922944489535,1.3486172324028969,0.11029770619814538,0.11029770619814538,1.0
2016-05-29,1.2917681202193856,1.3536946828526508,0.003764930721452453,0.003764930721452453,1.0
2016-05-30,1.3097961091025356,1.372586922343359,0.013956056509653036,0.013956056509653036,1.0
2016-05-31,1.3068201382227798,1.3694682852650841,-0.0022720871279691135,-0.0022720871279691135,1.0
2016-06-01,1.315428318453479,1.3784891363179463,0.006587119358602678,0.006587119358602678,1.0
2016-06-02,1.3228805430531985,1.3862986159437098,0.00566524568095117,0.00566524568095117,1.0
2016-06-03,1.4049779876534099,1.4723317611278641,0.06205960548087819,0.06205960548087819,1.0
2016-06-04,1.417422956786935,1.4853733343642876,0.008857768052516368,0.008857768052516368,1.0
2016-06-05,1.414619149511793,1.4824351143070695,-0.001978102063125764,-0.001978102063125764,1.0
2016-06-06,1.443149118276396,1.51233279208227,0.020167950345115315,0.020167950345115315,1.0
2016-06-07,1.425785189011043,1.4941364468156397,-0.012031971641358497,-0.012031971641358497,1.0
2016-06-08,1.434393369241742,1.5031572978685017,0.006037501509375431,0.006037501509375431,1.0
2016-06-09,1.4202513588627363,1.4883373282816568,-0.009859227379503066,-0.009859227379503066,1.0
2016-06-10,1.4272608770505912,1.4956828784247016,0.004935406781422014,0.004935406781422014,1.0
2016-06-11,1.4990531001746228,1.5709167762055722,0.05030070134927889,0.05030070134927889,1.0
2016-06-12,1.6671831574805083,1.7471068841980464,0.11215750615258413,0.11215750615258413,1.0
2016-06-13,1.7364175213359894,1.8196603005232093,0.041527749092733046,0.041527749092733046,1.0
2016-06-14,1.6846208711478392,1.7653805510451301,-0.0298296058129488,-0.0298296058129488,1.0
2016-06-15,1.7186354804594306,1.801025799634011,0.020191254836119388,0.020191254836119388,1.0
2016-06-16,1.8932093755380108,1.9839686589860563,0.10157703425970976,0.10157703425970976,1.0
2016-06-17,1.8501684743845146,1.9388644037217453,-0.022734358761172357,-0.022734358761172357,1.0
2016-06-18,1.8667207752281163,1.956210211603392,0.00894637492356365,0.00894637492356365,1.0
2016-06-19,1.8907498954720965,1.9813912729709529,0.012872369859945332,0.012872369859945332,1.0
2016-06-20,1.7293096239454973,1.8122116549395602,-0.08538425516416048,-0.08538425516416048,1.0
2016-06-21,1.6420964608081845,1.7208175468439908,-0.05043235863010587,-0.05043235863010587,1.0
2016-06-22,1.4867556998450522,1.5580298461300548,-0.0945990474193451,-0.0945990474193451,1.0
2016-06-23,1.5521778695983663,1.6265883141318076,0.04400330851943757,0.04400330851943757,1.0
2016-06-24,1.647802454561105,1.7267970823990308,0.06160671842814125,0.06160671842814125,1.0
2016-06-25,1.6569763152069645,1.736410732235367,0.0055673303680707775,0.0055673303680707775,1.0
2016-06-26,1.570525590890085,1.6458156138044793,-0.05217378397233241,-0.05217378397233241,1.0
2016-06-27,1.6180181509628857,1.6955849377561276,0.03023991480831878,0.03023991480831878,1.0
2016-06-28,1.5948006591406567,1.6712544137735508,-0.014349339535166594,-0.014349339535166594,1.0
2016-06-29,1.572640743746771,1.6480321657774684,-0.013895100473451216,-0.013895100473451216,1.0
2016-06-30,1.6564352295924636,1.735843707312044,0.053282662412811765,0.053282662412811765,1.0
2016-07-01,1.66799478590226,1.7479574215830307,0.006978574292120232,0.006978574292120232,1.0
2016-07-02,1.7338104724661205,1.8169282713471997,0.03945796900573595,0.03945796900573595,1.0
2016-07-03,1.631987997737278,1.7102244903219153,-0.058727569331158413,-0.058727569331158413,1.0
2016-07-04,1.6773162153520742,1.7577257145802727,0.027774847411649484,0.027774847411649484,1.0
2016-07-05,1.647531911753855,1.7265135699373695,-0.017757118977096087,-0.017757118977096087,1.0
2016-07-06,1.6694704739418085,1.7495038531920923,0.013316016540522835,0.013316016540522835,1.0
2016-07-07,1.5789124179148528,1.6546045001159824,-0.05424358048881084,-0.05424358048881084,1.0
2016-07-08,1.6412848323864333,1.7199670094590067,0.03950340358583726,0.03950340358583726,1.0
2016-07-09,1.6173786861457484,1.6949148173922008,-0.014565507320216442,-0.014565507320216442,1.0
2016-07-10,1.6046631742049728,1.681589731694116,-0.00786180258816005,-0.00786180258816005,1.0
2016-07-11,1.601047738508079,1.6778009742519138,-0.0022530807430568567,-0.0022530807430568567,1.0
2016-07-12,1.639391032735679,1.7179824222273767,0.023948876292302135,0.023948876292302135,1.0
2016-07-13,1.6117956663961235,1.6890641511379159,-0.01683269323091685,-0.01683269323091685,1.0
2016-07-14,1.6273149856120412,1.7053274568932189,0.009628589739677063,0.009628589739677063,1.0
2016-07-15,1.6416537543963206,1.7203536173612721,0.00881130507065686,0.00881130507065686,1.0
2016-07-16,1.6388007575198604,1.7173638495837522,-0.0017378797866601792,-0.0017378797866601792,1.0
2016-07-17,1.6724464448215648,1.7526224902703678,0.020530675951494715,0.020530675951494715,1.0
2016-07-18,1.6613787845249515,1.741024253202402,-0.006617647058823506,-0.006617647058823506,1.0
2016-07-19,1.6576403748247621,1.7371066264594448,-0.002250185048112474,-0.002250185048112474,1.0
2016-07-20,1.6402764455594088,1.718910281192814,-0.010475088281551415,-0.010475088281551415,1.0
2016-07-21,1.641161858383138,1.7198381401582514,0.0005397948779464201,0.0005397948779464201,1.0
2016-07-22,1.6101478147519617,1.6873373025077965,-0.018897614194940626,-0.018897614194940626,1.0
2016-07-23,1.6171081433384984,1.6946313049305395,0.004322788580506165,0.004322788580506165,1.0
2016-07-24,1.6171081433384984,1.7036521559834017,0.0,0.005323193916349833,0.0
2016-07-25,1.6171081433384984,1.6953787468749193,-0.0,-0.004856278366112021,0.0
2016-07-26,1.6171081433384984,1.6857650970385833,-0.0,-0.005670502744036909,0.0
2016-07-27,1.6171081433384984,1.6942446970282738,0.0,0.0050301195608966065,0.0
2016-07-28,1.6171081433384984,1.694373566329029,0.0,7.606298014750656e-05,0.0
2016-07-29,1.6171081433384984,1.6933426119229877,-0.0,-0.0006084575600850961,0.0
2016-07-30,1.6171081433384984,1.6904301657259206,-0.0,-0.001719939117199365,0.0
2016-07-31,1.6171081433384984,1.6159437098894303,-0.0,-0.04406361016664884,0.0
2016-08-01,1.6171081433384984,1.5598340163406275,-0.0,-0.03472255450819017,0.0
2016-08-02,1.6171081433384984,1.3852676615376684,-0.0,-0.11191341705221414,0.0
2016-08-03,1.6171081433384984,1.4777700456197325,0.0,0.06677582004576998,0.0
2016-08-04,1.6171081433384984,1.5142142838732957,0.0,0.024661643644481535,0.0
2016-08-05,1.6171081433384984,1.50261604680533,-0.0,-0.007659574468085073,0.0
2016-08-06,1.6171081433384984,1.5250650789968814,0.0,0.0149399656946827,0.0
2016-08-07,1.6171081433384984,1.5339055130286863,0.0,0.005796758547261138,0.0
2016-08-08,1.6171081433384984,1.5244722802134076,-0.0,-0.006149813489263023,0.0
2016-08-09,1.6171081433384984,1.5115080285574372,-0.0,-0.008504091431662864,0.0
2016-08-10,1.6171081433384984,1.5333900358256658,0.0,0.014476937505328635,0.0
2016-08-11,1.6171081433384984,1.5152710121394881,-0.0,-0.011816317611860194,0.0
2016-08-12,1.6171081433384984,1.5148328565169205,-0.0,-0.00028915990542766057,0.0
2016-08-13,1.6171081433384984,1.5115080285574372,-0.0,-0.0021948480620681554,0.0
2016-08-14,1.6171081433384984,1.481971184824351,-0.0,-0.019541307869383684,0.0
2016-08-15,1.6171081433384984,1.463414005515606,-0.0,-0.012521956903598364,0.0
2016-08-16,1.6171081433384984,1.492358050465218,0.0,0.019778439211680432,0.0
2016-08-17,1.6171081433384984,1.4805793963761953,-0.0,-0.007892646195295394,0.0
2016-08-18,1.6171081433384984,1.4796515374107582,-0.0,-0.0006266863956828628,0.0
2016-08-19,1.6171081433384984,1.4785690352844143,-0.0,-0.000731592607431053,0.0
2016-08-20,1.6171081433384984,1.4997036006082631,0.0,0.014293932051528069,0.0
2016-08-21,1.6171081433384984,1.4982087167195028,-0.0,-0.0009967862237270086,0.0
2016-08-22,1.6171081433384984,1.5082862960385577,0.0,0.006726418827091685,0.0
2016-08-23,1.6171081433384984,1.501043841336117,-0.0,-0.0048017771701983625,0.0
2016-08-24,1.6171081433384984,1.4909404881569113,-0.0,-0.006730884802280235,0.0
2016-08-25,1.6171081433384984,1.4834918425732622,-0.0,-0.0049959375594239575,0.0
2016-08-26,1.6171081433384984,1.493053944689296,0.0,0.006445672191528473,0.0
2016-08-27,1.6171081433384984,1.4712750328616717,-0.0,-0.01458682179909876,0.0
2016-08-28,1.6171081433384984,1.4830536869506945,0.0,0.008005745918295837,0.0
2016-08-29,1.6171081433384984,1.477383437717467,-0.0,-0.0038233607340851794,0.0
2016-08-30,1.6171081433384984,1.481868089383747,0.0,0.00303553671429313,0.0
2016-08-31,1.6171081433384984,1.4765586741926338,-0.0,-0.003582920253935251,0.0
2016-09-01,1.6171081433384984,1.4768937343745971,0.0,0.00022691965298737848,0.0
2016-09-02,1.6171081433384984,1.4851155957627775,0.0,0.0055669959163731075,0.0
2016-09-03,1.6171081433384984,1.5487770303358332,0.0,0.042866316100032886,0.0
2016-09-04,1.6171081433384984,1.5771540503621226,0.0,0.018322211312842285,0.0
2016-09-05,1.6006442530701648,1.5610969354880282,-0.010181069420839184,-0.010181069420839184,1.0
2016-09-06,1.6199358098853873,1.5799118533982834,0.012052370024269843,0.012052370024269843,1.0
2016-09-07,1.6258025573004278,1.5856336503518131,0.0036215925219009737,0.0036215925219009737,1.0
2016-09-08,1.6595231415418308,1.6185210959045337,0.020740885226183003,0.020740885226183003,1.0
2016-09-09,1.6439313353487057,1.6033145184154232,-0.009395353281207663,-0.009395353281207663,1.0
2016-09-10,1.6483446093050647,1.6076187530606458,0.002684585336055312,0.002684585336055312,1.0
2016-09-11,1.606590280855679,1.566896054022011,-0.02533106743194269,-0.02533106743194269,1.0
2016-09-12,1.6034190660367382,1.5638031908038867,-0.0019738790012172602,-0.0019738790012172602,1.0
2016-09-13,1.6084137293765697,1.5686744503724321,0.003115008075946779,0.003115008075946779,1.0
2016-09-14,1.6078851935734129,1.5681589731694114,-0.0003286068711697565,-0.0003286068711697565,1.0
2016-09-15,1.5999835833162193,1.5604525889842522,-0.00491428759265633,-0.00491428759265633,1.0
2016-09-16,1.606563854065521,1.5668702801618597,0.004112711416490278,0.004112711416490278,1.0
2016-09-17,1.6065374272753632,1.5668445063017087,-1.6449262250528562e-05,-1.6449262250528562e-05,1.0
2016-09-18,1.6157339502502912,1.5758138096342689,0.005724437425977058,0.005724437425977058,1.0
2016-09-19,1.6083344490060965,1.568597128791979,-0.0045796532548249,-0.0045796532548249,1.0
2016-09-20,1.6004064119587447,1.5608649707466689,-0.004929346040091986,-0.004929346040091986,1.0
2016-09-21,1.577679372423003,1.5386994510167789,-0.014200792602377832,-0.014200792602377832,1.0
2016-09-22,1.5755916560005339,1.536663316064847,-0.0013232830820769648,-0.0013232830820769648,1.0
2016-09-23,1.5934297393570755,1.5540606716667955,0.011321514231562801,0.011321514231562801,1.0
2016-09-24,1.5953324682484398,1.55591638959767,0.0011941090619609351,0.0011941090619609351,1.0
2016-09-25,1.590020683426714,1.550735843707312,-0.003329578584680637,-0.003329578584680637,1.0
2016-09-26,1.6043175769021054,1.5646795020490218,0.008991639935512996,0.008991639935512996,1.0
2016-09-27,1.6006971066504814,1.5611484832083302,-0.0022567042234961088,-0.0022567042234961088,1.0
2016-09-28,1.5989265117099059,1.5594216345782106,-0.0011061399019334228,-0.0011061399019334228,1.0
2016-09-29,1.6014370567749008,1.561870151292559,0.0015701441227027324,0.0015701441227027324,1.0
2016-09-30,1.6093650938222526,1.5696023093378695,0.00495057674219046,0.00495057674219046,1.0
2016-10-01,1.6269653360673735,1.5867677001984586,0.010936140166505126,0.010936140166505126,1.0
2016-10-02,1.6183766292660757,1.5783911956493724,-0.0052789734427027835,-0.0052789734427027835,1.0
2016-10-03,1.6199358098853884,1.5799118533982834,0.0009634225996082435,0.0009634225996082435,1.0
2016-10-04,1.6129327104935611,1.5730817804582593,-0.0043230721545212125,-0.0043230721545212125,1.0
2016-10-05,1.6203850653180718,1.5803500090208509,0.004620375528394005,0.004620375528394005,1.0
2016-10-06,1.6170024361778683,1.5770509549215186,-0.0020875464805271138,-0.0020875464805271138,1.0
2016-10-07,1.6331227781741504,1.5927730096136499,0.009969275021246116,0.009969275021246116,1.0
2016-10-08,1.637139650278142,1.5966906363566071,0.0024596265251302096,0.0024596265251302096,1.0
2016-10-09,1.6316428779253112,1.5913296734451918,-0.003357546408393919,-0.003357546408393919,1.0
2016-10-10,1.6350783606458303,1.5946802752648264,0.002105535939878944,0.002105535939878944,1.0
2016-10-11,1.6969170496151742,1.6549911080182478,0.03782001551590386,0.03782001551590386,1.0
2016-10-12,1.6801888914452618,1.6386762545426428,-0.009857970472808897,-0.009857970472808897,1.0
2016-10-13,1.6798453431732099,1.6383411943606794,-0.00020447002941226256,-0.00020447002941226256,1.0
2016-10-14,1.686108492440618,1.6444495992164745,0.003728408268571348,0.003728408268571348,1.0
2016-10-15,1.68645204071267,1.6447846593984379,0.0002037521746627302,0.0002037521746627302,1.0
2016-10-16,1.6963885138120176,1.654475630815227,0.00589193932556098,0.00589193932556098,1.0
2016-10-17,1.6901517913347677,1.6483929998195828,-0.003676470588235281,-0.003676470588235281,1.0
2016-10-18,1.6783918697145292,1.6369236320523726,-0.006957908562136406,-0.006957908562136406,1.0
2016-10-19,1.6643328173505587,1.6232119384520218,-0.008376501708365569,-0.008376501708365569,1.0
2016-10-20,1.6597345558630947,1.6187272867857418,-0.0027628257038060378,-0.0027628257038060378,1.0
2016-10-21,1.6670812035269742,1.6258924199077296,0.004426399172040574,0.004426399172040574,1.0
2016-10-22,1.7250087275529578,1.6823887213587978,0.03474787185137029,0.03474787185137029,1.0
2016-10-23,1.7204897464359672,1.6779813912729709,-0.0026196859440827946,-0.0026196859440827946,1.0
2016-10-24,1.7176885066792364,1.6752493620969613,-0.001628164168100188,-0.001628164168100188,1.0
2016-10-25,1.729104880027423,1.686383669682208,0.006646358349487569,0.006646358349487569,1.0
2016-10-26,1.7811656566383665,1.7371581741797468,0.03010851291456529,0.03010851291456529,1.0
2016-10-27,1.8266461625000079,1.7815149874996778,0.025534124629080113,0.025534124629080113,1.0
2016-10-28,1.82331638694012,1.7782674811206476,-0.0018228902938325353,-0.0018228902938325353,1.0
2016-10-29,1.887612767394143,1.840975282868115,0.035263424885861205,0.035263424885861205,1.0
2016-10-30,1.843030772397868,1.7974947807933193,-0.023618188945511598,-0.023618188945511598,1.0
2016-10-31,1.8416830060998182,1.7961803139256165,-0.0007312771540414209,-0.0007312771540414209,1.0
2016-11-01,1.931005556833315,1.8832959612361144,0.0485005022241356,0.0485005022241356,1.0
2016-11-02,1.9677387951527114,1.9191216268460527,0.019022854796770128,0.019022854796770128,1.0
2016-11-03,1.823448520890909,1.7783963504214026,-0.07332796132151498,-0.07332796132151498,1.0
2016-11-04,1.8665770424285029,1.8204592901878915,0.023652173913043528,0.023652173913043528,1.0
2016-11-05,1.868347637369078,1.8221861388180107,0.0009485785479668163,0.0009485785479668163,1.0
2016-11-06,1.8948537078973904,1.8480373205494987,0.01418690504816178,0.01418690504816178,1.0
2016-11-07,1.8668413103300807,1.8207170287894017,-0.014783409109927259,-0.014783409109927259,1.0
2016-11-08,1.879341182074739,1.832908064640841,0.0066957334163813,0.0066957334163813,1.0
2016-11-09,1.9052922900097373,1.8582179953091575,0.013808619841102487,0.013808619841102487,1.0
2016-11-10,1.883992297142519,1.8374442640274233,-0.011179383330790493,-0.011179383330790493,1.0
2016-11-11,1.8945365864154966,1.8477280342276863,0.0055967793971187785,0.0055967793971187785,1.0
2016-11-12,1.8618466469902495,1.815845769220856,-0.017254847259031925,-0.017254847259031925,1.0
2016-11-13,1.8604724539020419,1.8145055284930023,-0.0007380807062864481,-0.0007380807062864481,1.0
2016-11-14,1.8718624004600708,1.8256140622180985,0.006122072129657319,0.006122072129657319,1.0
2016-11-15,1.8823538361527326,1.835846284698059,0.005604811384684716,0.005604811384684716,1.0
2016-11-16,1.9551860698277377,1.9068790432743112,0.03869210574344728,0.03869210574344728,1.0
2016-11-17,1.9310319836234726,1.8833217350962654,-0.012353855511252232,-0.012353855511252232,1.0
2016-11-18,1.9781509504749,1.9292765277455604,0.024400925127615603,0.024400925127615603,1.0
2016-11-19,1.9840441246800984,1.935024098559241,0.0029791327116788224,0.0029791327116788224,1.0
2016-11-20,1.9344146127636763,1.8866207891955977,-0.02501431863287018,-0.02501431863287018,1.0
2016-11-21,1.9460688272232836,1.897987061522204,0.006024672468203152,0.006024672468203152,1.0
2016-11-22,1.9731827139252265,1.9244310420371658,0.01393264530146654,0.01393264530146654,1.0
2016-11-23,1.959599343784097,1.911183277919534,-0.0068839900356253425,-0.0068839900356253425,1.0
2016-11-24,1.95027068685838,1.9020851052862187,-0.0047604919624554265,-0.0047604919624554265,1.0
2016-11-25,1.9548953751360019,1.9065955308126499,0.0023713058442527135,0.0023713058442527135,1.0
2016-11-26,1.9442189519122348,1.8961828913116319,-0.005461378322113131,-0.005461378322113131,1.0
2016-11-27,1.9271472454702707,1.8795329776540632,-0.008780753024330568,-0.008780753024330568,1.0
2016-11-28,1.928547865348636,1.880898992242068,0.0007267840491469446,0.0007267840491469446,1.0
2016-11-29,1.9354188307896745,1.887600195881337,0.003562766351042246,0.003562766351042246,1.0
2016-11-30,1.9626912782325645,1.9141988195572053,0.014091238035419229,0.014091238035419229,1.0
2016-12-01,1.9925799779010807,1.9433490553880255,0.015228426395939021,0.015228426395939021,1.0
2016-12-02,2.0328808328917853,1.9826541921183536,0.020225464190981368,0.020225464190981368,1.0
2016-12-03,2.0268819515259557,1.9768035258640686,-0.0029509262268443415,-0.0029509262268443415,1.0
2016-12-04,2.0295510573318976,1.979406685739323,0.0013168531122063065,0.0013168531122063065,1.0
2016-12-05,1.9872946198695125,1.9381942833578185,-0.020820583601348974,-0.020820583601348974,1.0
2016-12-06,2.0079075161926268,1.9582978942756255,0.010372340425531812,0.010372340425531812,1.0
2016-12-07,2.0199052789242864,1.9699992267841955,0.005975256646486127,0.005975256646486127,1.0
2016-12-08,2.0292867894303193,1.9791489471378128,0.004644529921239204,0.004644529921239204,1.0
2016-12-09,2.0433722685844478,1.9928864145983145,0.0069410983343969335,0.0069410983343969335,1.0
2016-12-10,2.050375367976275,1.9997164875383386,0.003427226403869499,0.003427226403869499,1.0
2016-12-11,2.0376376551201965,1.9872934869455396,-0.00621238094010601,-0.00621238094010601,1.0
2016-12-12,2.058488392554732,2.0076290626047064,0.010232799429349626,0.010232799429349626,1.0
2016-12-13,2.051194598471168,2.0005154772030207,-0.0035432767607262994,-0.0035432767607262994,1.0
2016-12-14,2.055105763414528,2.0043300085053737,0.0019067742018603617,0.0019067742018603617,1.0
2016-12-15,2.0511417448908524,2.0004639294827187,-0.0019288635136177623,-0.0019288635136177623,1.0
2016-12-16,2.063879457746931,2.0128869300755174,0.006210059781488475,0.006210059781488475,1.0
2016-12-17,2.0839373914767307,2.032449289930153,0.009718558733898375,0.009718558733898375,1.0
2016-12-18,2.089619151360666,2.0379906698626256,0.0027264542145908344,0.0027264542145908344,1.0
2016-12-19,2.0898569924720864,2.0382226346039842,0.00011382031566165018,0.00011382031566165018,1.0
2016-12-20,2.1114741068211993,2.0593056522075313,0.010343824686081415,0.010343824686081415,1.0
2016-12-21,2.205315638671687,2.150828629603856,0.044443610057697924,0.044443610057697924,1.0
2016-12-22,2.262186091091357,2.2062939766488827,0.025787896944277966,0.025787896944277966,1.0
2016-12-23,2.4240237540179645,2.36413309621382,0.07154038457045386,0.07154038457045386,1.0
2016-12-24,2.3559483425713705,2.2977396324647543,-0.028083640407300048,-0.028083640407300048,1.0
2016-12-25,2.3681575196242926,2.3096471558545324,0.005182277061132945,0.005182277061132945,1.0
2016-12-26,2.3839343133485227,2.3250341503647003,0.006662054189171096,0.006662054189171096,1.0
2016-12-27,2.4450066254032894,2.3845975411737417,0.025618286423749304,0.025618286423749304,1.0
2016-12-28,2.5955600489324997,2.5314312224541866,0.061575875486381326,0.061575875486381326,1.0
2016-12-29,2.565301374201774,2.501920152581252,-0.011657859637333567,-0.011657859637333567,1.0
2016-12-30,2.5391124251553547,2.4763782571715764,-0.010208917092467518,-0.010208917092467518,1.0
2016-12-31,2.572304473593601,2.5087502255212764,0.013072303577190247,0.013072303577190247,1.0
2017-01-01,2.6240481287226505,2.5592154436970027,0.020115680573677075,0.020115680573677075,1.0
2017-01-02,2.672937690514653,2.606897084976417,0.01863135102472424,0.01863135102472424,1.0
2017-01-03,2.697303191040181,2.6306605840356707,0.009115626081368289,0.009115626081368289,1.0
2017-01-04,2.9870200915405727,2.9132194128714657,0.1074098386354061,0.1074098386354061,1.0
2017-01-05,2.6611777688944143,2.595427717209206,-0.10908608334070602,-0.10908608334070602,1.0
2017-01-06,2.3670740212278214,2.30859042758834,-0.11051638530287977,-0.11051638530287977,1.0
2017-01-07,2.40219522534759,2.342843887729065,0.014837391566466795,0.014837391566466795,1.0
2017-01-08,2.4400648156437734,2.3797778293254983,0.01576457645764573,0.01576457645764573,1.0
2017-01-09,2.3854406403875195,2.326503260393309,-0.022386362405640514,-0.022386362405640514,1.0
2017-01-10,2.396909867316022,2.337689115698858,0.004808011876010987,0.004808011876010987,1.0
2017-01-11,2.1029646803903757,2.0510064692388976,-0.12263506063947083,-0.12263506063947083,1.0
2017-01-12,2.146516030570495,2.0934817907678034,0.02070950148912387,0.02070950148912387,1.0
2017-01-13,2.146516030570495,2.142890280677337,0.0,0.023601108033241003,0.0
2017-01-14,2.146516030570495,2.134075620505683,-0.0,-0.004113444468499594,0.0
2017-01-15,2.146516030570495,2.1477615402458823,0.0,0.0064130434782607715,0.0
2017-01-16,2.146516030570495,2.1505966648624963,0.0,0.0013200369610348872,0.0
2017-01-17,2.146516030570495,2.3351117296837547,0.0,0.08579715008209399,0.0
2017-01-18,2.146516030570495,2.288693007551741,-0.0,-0.019878587196467956,0.0
2017-01-19,2.146516030570495,2.3271733807572357,0.0,0.016813252401491008,0.0
2017-01-20,2.146516030570495,2.3049820871671947,-0.0,-0.009535728525229326,0.0
2017-01-21,2.146516030570495,2.384236707131627,0.0,0.034384050273395195,0.0
2017-01-22,2.146516030570495,2.4001134049846646,0.0,0.006659027522539107,0.0
2017-01-23,2.146516030570495,2.3472254439547413,-0.0,-0.02203560920083325,0.0
2017-01-24,2.146516030570495,2.2861413953967884,-0.0,-0.026023937630394234,0.0
2017-01-25,2.146516030570495,2.30933786953272,0.0,0.01014656144306647,0.0
2017-01-26,2.146516030570495,2.363514523570195,0.0,0.023459821428571503,0.0
2017-01-27,2.146516030570495,2.3779736591149256,0.0,0.006117641927111839,0.0
2017-01-28,2.146516030570495,2.384030516250419,0.0,0.0025470665380489255,0.0
2017-01-29,2.146516030570495,2.362277378282945,-0.0,-0.009124521611278191,0.0
2017-01-30,2.146516030570495,2.3795200907239877,0.0,0.007299190433587288,0.0
2017-01-31,2.146516030570495,2.5000902085105285,0.0,0.05066993056984703,0.0
2017-02-01,2.196836928844918,2.5586999664939816,0.02344305728806928,0.02344305728806928,1.0
2017-02-02,2.2314242481074174,2.598984509910049,0.015744145051624248,0.015744145051624248,1.0
2017-02-03,2.252712156700203,2.6237789633753446,0.009540054344592264,0.009540054344592264,1.0
2017-02-04,2.291526077356904,2.6689863140802594,0.017229862475442115,0.017229862475442115,1.0
2017-02-05,2.2489945177775548,2.619448954869971,-0.018560364640670457,-0.018560364640670457,1.0
2017-02-06,2.2628471485250437,2.6355833913245186,0.006159477329974905,0.006159477329974905,1.0
2017-02-07,2.332287332687374,2.716461764478466,0.03068708560699407,0.03068708560699407,1.0
2017-02-08,2.3383506247397894,2.7235238021598493,0.002599719154427138,0.002599719154427138,1.0
2017-02-09,2.2001341205084586,2.562540271656486,-0.059108545471751706,-0.059108545471751706,1.0
2017-02-10,2.2172839429194866,2.582515013273538,0.007794898616028334,0.007794898616028334,1.0
2017-02-11,2.2541505289024193,2.6254542642851617,0.016626912444235975,0.016626912444235975,1.0
2017-02-12,2.235009114211401,2.6031598752545166,-0.008491631080351447,-0.008491631080351447,1.0
2017-02-13,2.2191206335777003,2.584654243666074,-0.007108910891089004,-0.007108910891089004,1.0
2017-02-14,2.2436836050309146,2.6132632284337225,0.01106878602341399,0.01106878602341399,1.0
2017-02-15,2.245033462020686,2.6148354339029356,0.0006016253747831435,0.0006016253747831435,1.0
2017-02-16,2.2990498704146467,2.6777494265316117,0.02406040235379936,0.02406040235379936,1.0
2017-02-17,2.3396783529264495,2.7250702337689114,0.017671857855121376,0.017671857855121376,1.0
2017-02-18,2.3504108224352867,2.7375705559421637,0.004587155963302836,0.004587155963302836,1.0
2017-02-19,2.3453875841290888,2.731719889687879,-0.002137174598691338,-0.002137174598691338,1.0
2017-02-20,2.411641220643434,2.8088868269800766,0.028248480960108457,0.028248480960108457,1.0
2017-02-21,2.4967707262114667,2.9080388669811077,0.035299407241562886,0.035299407241562886,1.0
2017-02-22,2.4977001359421287,2.909121369107451,0.0003722447243172944,0.0003722447243172944,1.0
2017-02-23,2.626467641245061,3.059099461326323,0.05155442939284671,0.05155442939284671,1.0
2017-02-24,2.626489770048172,3.059125235186474,8.425309630188949e-06,8.425309630188949e-06,1.0
2017-02-25,2.5625154002542594,2.984613005489832,-0.024357364922361513,-0.024357364922361513,1.0
2017-02-26,2.622064009425971,3.053970463156267,0.023238341968911946,0.023238341968911946,1.0
2017-02-27,2.646184404816965,3.0820639707208946,0.009199010895342141,0.009199010895342141,1.0
2017-02-28,2.644569002189862,3.080182478929869,-0.0006104648731821705,-0.0006104648731821705,1.0
2017-03-01,2.7218427826534874,3.170184798577283,0.029219801184857896,0.029219801184857896,1.0
2017-03-02,2.80852130443929,3.2711410087888866,0.031845528455284544,0.031845528455284544,1.0
2017-03-03,2.8609444390092578,3.3321992834866876,0.018665742177958577,0.018665742177958577,1.0
2017-03-04,2.8191431299325713,3.283512461661383,-0.014611017434215556,-0.014611017434215556,1.0
2017-03-05,2.8302296602911845,3.2964251655970513,0.003932588679482318,0.003932588679482318,1.0
2017-03-06,2.8435290709608982,3.3119152555478233,0.004699057061095635,0.004699057061095635,1.0
2017-03-07,2.7381295817431863,3.189154359648444,-0.03706643631467954,-0.03706643631467954,1.0
2017-03-08,2.545299191433898,2.964560942292327,-0.07042412879032767,-0.07042412879032767,1.0
2017-03-09,2.6494815964805043,3.085904275883399,0.04093130009911139,0.04093130009911139,1.0
2017-03-10,2.4541063938134506,2.8583468646099126,-0.07374091706339259,-0.07374091706339259,1.0
2017-03-11,2.629145226421492,3.062218098404598,0.07132487533926657,0.07132487533926657,1.0
2017-03-12,2.734190654789428,3.18456661254156,0.03995421299374646,0.03995421299374646,1.0
2017-03-13,2.756120298672433,3.2101085079512357,0.00802052477379056,0.00802052477379056,1.0
2017-03-14,2.760391157672857,3.2150828629603856,0.001549590924053934,0.001549590924053934,1.0
2017-03-15,2.7948678329198007,3.2552385370756975,0.0124897789036571,0.0124897789036571,1.0
2017-03-16,2.6003777823771865,3.0287120802082526,-0.06958828186856703,-0.06958828186856703,1.0
2017-03-17,2.366830394343651,2.756694760174231,-0.08981286858251569,-0.08981286858251569,1.0
2017-03-18,2.1464939017673843,2.5000644346503775,-0.09309348616733826,-0.09309348616733826,1.0
2017-03-19,2.1464939017673843,2.627619268537849,0.0,0.051020618556701036,0.0
2017-03-20,2.1464939017673843,2.6932652903425347,0.0,0.02498307977518177,0.0
2017-03-21,2.1464939017673843,2.8722905229516225,0.0,0.0664714438830194,0.0
2017-03-22,2.1464939017673843,2.666486249645609,-0.0,-0.0716516214712587,0.0
2017-03-23,2.1464939017673843,2.6421814995231836,-0.0,-0.009114897976937097,0.0
2017-03-24,2.1464939017673843,2.4095208639397923,-0.0,-0.08805626548568979,0.0
2017-03-25,2.1464939017673843,2.483878450475528,0.0,0.03085990565533181,0.0
2017-03-26,2.1464939017673843,2.5080027835768965,0.0,0.009712364587224576,0.0
2017-03-27,2.1464939017673843,2.6858424186190364,0.0,0.07090886669133045,0.0
2017-03-28,2.1464939017673843,2.69439934018918,0.0,0.003185935820666508,0.0
2017-03-29,2.1464939017673843,2.6889095079770096,-0.0,-0.0020374976085709706,0.0
2017-03-30,2.1464939017673843,2.686512538982963,-0.0,-0.0008914279141546411,0.0
2017-03-31,2.1464939017673843,2.806747596587541,0.0,0.044755070322543666,0.0
2017-04-01,2.1464939017673843,2.8145055284930023,0.0,0.0027640290544448387,0.0
2017-04-02,2.1464939017673843,2.871182246965128,0.0,0.020137362637362655,0.0
2017-04-03,2.1464939017673843,2.9706951210082733,0.0,0.03465919801793538,0.0
2017-04-04,2.1304594470613134,2.9485038274182322,-0.007470067673086889,-0.007470067673086889,1.0
2017-04-05,2.109974081002454,2.920152581252094,-0.009615468666684168,-0.009615468666684168,1.0
2017-04-06,2.2204274501798125,3.0730173458078816,0.052348211369914965,0.052348211369914965,1.0
2017-04-07,2.223593370388909,3.0773989020335577,0.0014258156504236563,0.0014258156504236563,1.0
2017-04-08,2.205901463338076,3.0529137348900743,-0.007956448911222824,-0.007956448911222824,1.0
2017-04-09,2.255196703299713,3.1211371427098635,0.02234698184888151,0.02234698184888151,1.0
2017-04-10,2.2533902664745225,3.118637078275213,-0.0008010107599693006,-0.0008010107599693006,1.0
2017-04-11,2.2794439274893805,3.154694708626511,0.011561983471074289,0.011561983471074289,1.0
2017-04-12,2.2611560825168353,3.1293847779581947,-0.008022941363900027,-0.008022941363900027,1.0
2017-04-13,2.1920272835982115,3.0337122090775535,-0.030572325127453448,-0.030572325127453448,1.0
2017-04-14,2.1858630507205006,3.025181061367561,-0.0028121150333459966,-0.0028121150333459966,1.0
2017-04-15,2.1953794344078434,3.0383515039047393,0.00435360471654711,0.00435360471654711,1.0
2017-04-16,2.193777851243242,3.036134951931751,-0.0007295245366245595,-0.0007295245366245595,1.0
2017-04-17,2.2159765388270243,3.0668573932317846,0.010118931400096898,0.010118931400096898,1.0
2017-04-18,2.238380080071395,3.097863346993479,0.010110008319957009,0.010110008319957009,1.0
2017-04-19,2.26123057475705,3.1294878733987987,0.01020849626437248,0.01020849626437248,1.0
2017-04-20,2.3020895685144476,3.1860357225701694,0.018069361971981834,0.018069361971981834,1.0
2017-04-21,2.327863883628503,3.2217067450192016,0.011196052259029976,0.011196052259029976,1.0
2017-04-22,2.322295588672504,3.214000360834042,-0.0023920191361530563,-0.0023920191361530563,1.0
2017-04-23,2.331569872579151,3.2268357431892576,0.003993584603047218,0.003993584603047218,1.0
2017-04-24,2.3414587174675643,3.240521662929457,0.004241281809613584,0.004241281809613584,1.0
2017-04-25,2.3859119618152893,3.302043867109977,0.01898527785952342,0.01898527785952342,1.0
2017-04-26,2.418092609587752,3.346581097450965,0.013487776702363563,0.013487776702363563,1.0
2017-04-27,2.512735000779682,3.477563854738524,0.03913927482209423,0.03913927482209423,1.0
2017-04-28,2.5203332092815134,3.488079589680146,0.00302387975631091,0.00302387975631091,1.0
2017-04-29,2.542848488886205,3.5192401866027474,0.008933453529785584,0.008933453529785584,1.0
2017-04-30,2.578455779708513,3.568519807211526,0.014002914832689894,0.014002914832689894,1.0
2017-05-01,2.6752025766864893,3.7024150106961518,0.037521216279657654,0.037521216279657654,1.0
2017-05-02,2.7412958168163906,3.7938864403721744,0.024705882352941133,0.024705882352941133,1.0
2017-05-03,2.8549151062028453,3.9511327611536378,0.04144729244084533,0.04144729244084533,1.0
2017-05-04,2.9115105857054573,4.029459522152633,0.01982387475538161,0.01982387475538161,1.0
2017-05-05,2.888995306100765,3.9982989252300314,-0.007733195172030083,-0.007733195172030083,1.0
2017-05-06,2.9524813178231755,4.08616201448491,0.021975117643266984,0.021975117643266984,1.0
2017-05-07,2.997511877032559,4.148483208330111,0.015251767703845731,0.015251767703845731,1.0
2017-05-08,3.190130187165997,4.415062243872264,0.06425939847288409,0.06425939847288409,1.0
2017-05-09,3.203967120785754,4.434212221964484,0.004337419731465397,0.004337419731465397,1.0
2017-05-10,3.342820656544713,4.6263821232505995,0.0433380027086252,0.0433380027086252,1.0
2017-05-11,3.4227880764144785,4.737055078739143,0.02392213884199923,0.02392213884199923,1.0
2017-05-12,3.157744685732946,4.370241501069615,-0.07743494039490084,-0.07743494039490084,1.0
2017-05-13,3.33861184497262,4.620557230856465,0.05727732202570168,0.05727732202570168,1.0
2017-05-14,3.3521321865714677,4.6392690533261165,0.0040496895795798515,0.0040496895795798515,1.0
2017-05-15,3.2549570592122605,4.504781051058017,-0.0289890499391664,-0.0289890499391664,1.0
2017-05-16,3.3102116783910205,4.581252094126137,0.016975529376763054,0.016975529376763054,1.0
2017-05-17,3.3767891180823133,4.673393644166087,0.020112743884600714,0.020112743884600714,1.0
2017-05-18,3.5368170731221116,4.894868424443929,0.04739056821252685,0.04739056821252685,1.0
2017-05-19,3.680344996954501,5.093507564627954,0.040581099012194866,0.040581099012194866,1.0
2017-05-20,3.8343204574769083,5.30660584035671,0.04183723554444563,0.04183723554444563,1.0
2017-05-21,3.8307634530066887,5.301683033067863,-0.0009276753233505852,-0.0009276753233505852,1.0
2017-05-22,3.9542157181013966,5.4725379520090724,0.03222654350996601,0.03222654350996601,1.0
2017-05-23,4.2325559736611345,5.857754065826438,0.07039076150690682,0.07039076150690682,1.0
2017-05-24,4.530934641838446,6.270702853166318,0.07049609503904941,0.07049609503904941,1.0
2017-05-25,4.385730642601241,6.0697440655687,-0.032047250890886336,-0.032047250890886336,1.0
2017-05-26,4.232462858360867,5.857625196525683,-0.03494692144373679,-0.03494692144373679,1.0
2017-05-27,3.9108239881767224,5.4124848578571605,-0.07599331191974301,-0.07599331191974301,1.0
2017-05-28,4.158119602627262,5.754735946802753,0.0632336344458786,0.0632336344458786,1.0
2017-05-29,4.245089293077146,5.875099873708085,0.020915629842617633,0.020915629842617633,1.0
2017-05-30,4.081392595206807,5.648547642980489,-0.038561426290206535,-0.038561426290206535,1.0
2017-05-31,4.28943079906455,5.936467434727699,0.050972357842287375,0.050972357842287375,1.0
2017-06-01,4.506761909888993,6.237248382690275,0.05066665508902468,0.05066665508902468,1.0
2017-06-02,4.616637964204693,6.3893141575813805,0.024380266034157216,0.024380266034157216,1.0
2017-06-03,4.7452488169342235,6.567308435784428,0.027858119637433232,0.027858119637433232,1.0
2017-06-04,4.695543869651409,6.498518003041315,-0.010474676713565279,-0.010474676713565279,1.0
2017-06-05,5.024501602436582,6.953787468749194,0.07005742932385695,0.07005742932385695,1.0
2017-06-06,5.34722061010383,7.400422691306477,0.06422905856189765,0.06422905856189765,1.0
2017-06-07,5.001483500210445,6.921930977602515,-0.06465734913575438,-0.06465734913575438,1.0
2017-06-08,5.213953992360923,7.215984948065672,0.04248149416898772,0.04248149416898772,1.0
2017-06-09,5.235668480383313,7.246037269001778,0.004164687309133219,0.004164687309133219,1.0
2017-06-10,5.45869824758413,7.554705018170571,0.04259814540138507,0.04259814540138507,1.0
2017-06-11,5.585018463927077,7.72952911157504,0.02314108796888581,0.02314108796888581,1.0
2017-06-12,4.945744681470293,6.844789814170468,-0.11446225049850278,-0.11446225049850278,1.0
2017-06-13,5.045005591555493,6.982164488775484,0.020069962458250323,0.020069962458250323,1.0
2017-06-14,4.529519289274379,6.26874403979484,-0.10217754825563585,-0.10217754825563585,1.0
2017-06-15,4.48812022677543,6.211448748679089,-0.009139835787205897,-0.009139835787205897,1.0
2017-06-16,4.619319684852397,6.393025593443129,0.02923260773948333,0.02923260773948333,1.0
2017-06-17,4.907064585739157,6.791257506636769,0.06229161879190315,0.06229161879190315,1.0
2017-06-18,4.684165179958714,6.482770174489033,-0.04542418423189909,-0.04542418423189909,1.0
2017-06-19,4.836371449776038,6.69341993350344,0.0324937878938476,0.0324937878938476,1.0
2017-06-20,5.074932849061481,7.023583082038196,0.04932652542568672,0.04932652542568672,1.0
2017-06-21,4.922726579244157,6.812933323023789,-0.029991780057833206,-0.029991780057833206,1.0
2017-06-22,4.990961471280212,6.9073687466171805,0.01386119885751036,0.01386119885751036,1.0
2017-06-23,5.011018506957842,6.935127193999846,0.004018671711461863,0.004018671711461863,1.0
2017-06-24,4.795139994817572,6.63635660712905,-0.043080765285644196,-0.043080765285644196,1.0
2017-06-25,4.666212550067133,6.457924173303436,-0.026887107548430156,-0.026887107548430156,1.0
2017-06-26,4.484265253344355,6.206113559627825,-0.03899250082814176,-0.03899250082814176,1.0
2017-06-27,4.796834693282441,6.638702028402793,0.06970360187880775,0.06970360187880775,1.0
2017-06-28,4.754690708381351,6.580375782881002,-0.008785790546442795,-0.008785790546442795,1.0
2017-06-29,4.71163419353764,6.520786618211809,-0.009055586889766154,-0.009055586889766154,1.0
2017-06-30,4.572315081277344,6.327972370421918,-0.029569169960474317,-0.029569169960474317,1.0
2017-07-01,4.513540703748471,6.246630067785253,-0.012854402306949786,-0.012854402306949786,1.0
2017-07-02,4.686791031426259,6.486404288770329,0.03838457190247668,0.03838457190247668,1.0
2017-07-03,4.734745411064044,6.552771978659243,0.010231815183616488,0.010231815183616488,1.0
2017-07-04,4.845720225922902,6.70635841129926,0.023438391132822867,0.023438391132822867,1.0
2017-07-05,4.87358032376295,6.744916106085208,0.005749423520369001,0.005749423520369001,1.0
2017-07-06,4.851009174978098,6.713678187582154,-0.004631327953044662,-0.004631327953044662,1.0
2017-07-07,4.657906665283269,6.446429031676074,-0.03980666758802842,-0.03980666758802842,1.0
2017-07-08,4.769570533364106,6.600969097141679,0.023972972432680928,0.023972972432680928,1.0
2017-07-09,4.672507144365219,6.466635738034484,-0.020350551128221928,-0.020350551128221928,1.0
2017-07-10,4.34112841377309,6.008015670506972,-0.07092096819835858,-0.07092096819835858,1.0
2017-07-11,4.34112841377309,5.953787468749195,-0.0,-0.009025975418802679,0.0
2017-07-12,4.34112841377309,6.142993376117941,0.0,0.031779083207431835,0.0
2017-07-13,4.34112841377309,6.031083275342148,-0.0,-0.018217519362932255,0.0
2017-07-14,4.34112841377309,5.714683368128044,-0.0,-0.05246153846153856,0.0
2017-07-15,4.34112841377309,5.06278512332792,-0.0,-0.1140742544785408,0.0
2017-07-16,4.34112841377309,4.927395035954535,-0.0,-0.02674221482352579,0.0
2017-07-17,4.34112841377309,5.760947447099152,0.0,0.16916695435667295,0.0
2017-07-18,4.34112841377309,5.948993530761102,0.0,0.032641520407661107,0.0
2017-07-19,4.34112841377309,5.822289234258614,-0.0,-0.021298442475575774,0.0
2017-07-20,4.34112841377309,7.406067166679554,0.0,0.27201979645770913,0.0
2017-07-21,4.014759700148008,6.849274465836748,-0.07518061723067504,-0.07518061723067504,1.0
2017-07-22,4.268294845824818,7.281811386891414,0.06315076483094706,0.06315076483094706,1.0
2017-07-23,4.161046246184747,7.098842753679219,-0.025126802040158935,-0.025126802040158935,1.0
2017-07-24,4.173102082571953,7.119410294079745,0.0028973089155786003,0.0028973089155786003,1.0
2017-07-25,3.8735795108767768,6.608417742725328,-0.07177456140986016,-0.07177456140986016,1.0
2017-07-26,3.8161556586113994,6.510451300291244,-0.014824492979719328,-0.014824492979719328,1.0
2017-07-27,4.0261508037018325,6.868707956390628,0.05502792964342684,0.05502792964342684,1.0
2017-07-28,4.209073193396435,7.180777855099358,0.045433566354845745,0.045433566354845745,1.0
2017-07-29,4.079359645501006,6.959483491842573,-0.030817603290656748,-0.030817603290656748,1.0
2017-07-30,4.115285433632304,7.020773731281733,0.008806722440106496,0.008806722440106496,1.0
2017-07-31,4.316049856877397,7.3632825588288355,0.04878505427699831,0.04878505427699831,1.0
2017-08-01,4.128277939012001,7.042939251011624,-0.04350550250623053,-0.04350550250623053,1.0
2017-08-02,4.078891311004762,6.958684502177891,-0.011963009452570672,-0.011963009452570672,1.0
2017-08-03,4.21050841201396,7.183226371813706,0.03226786177265817,0.03226786177265817,1.0
2017-08-04,4.3167448048395665,7.364468156395784,0.025231250583060083,0.025231250583060083,1.0
2017-08-05,4.900123403952306,8.359725766127992,0.13514317512091645,0.13514317512091645,1.0
2017-08-06,4.867989614484151,8.304904765586741,-0.006557751064439787,-0.006557751064439787,1.0
2017-08-07,5.133897855400463,8.758550478105105,0.054623830775055726,0.054623830775055726,1.0
2017-08-08,5.1704581612363505,8.82092321967061,0.00712135435211847,0.00712135435211847,1.0
2017-08-09,5.050156625959004,8.61568597128792,-0.02326709384852277,-0.02326709384852277,1.0
2017-08-10,5.204525718947065,8.879043274311194,0.030567189182721055,0.030567189182721055,1.0
2017-08-11,5.523552156276179,9.423309879120596,0.06129788852184914,0.06129788852184914,1.0
2017-08-12,5.8526704466211505,9.98479342251089,0.059584535645419434,0.059584535645419434,1.0
2017-08-13,6.1343811998946265,10.465398592747235,0.048133711925658185,0.048133711925658185,1.0
2017-08-14,6.527374272501638,11.135854016856106,0.06406401229414338,0.06406401229414338,1.0
2017-08-15,6.28464103536725,10.721745405809429,-0.0371869647734111,-0.0371869647734111,1.0
2017-08-16,6.602020748177309,11.263202659862367,0.050500849773914336,0.050500849773914336,1.0
2017-08-17,6.466052668622352,11.031237918503054,-0.020594918547097163,-0.020594918547097163,1.0
2017-08-18,6.1966999030239815,10.571715765870255,-0.04165644472793284,-0.04165644472793284,1.0
2017-08-19,6.2808339291397095,10.715250393051367,0.0135772310152813,0.0135772310152813,1.0
2017-08-20,6.12005922884817,10.440964973324053,-0.025597667778737287,-0.025597667778737287,1.0
2017-08-21,6.0460472708770885,10.314698832444135,-0.012093340146482667,-0.012093340146482667,1.0
2017-08-22,6.182015350432045,10.546663573803448,0.022488755622188883,0.022488755622188883,1.0
2017-08-23,6.2598041995018745,10.679373179721127,0.012583088954056576,0.012583088954056576,1.0
2017-08-24,6.514427089815124,11.113765818706666,0.04067585537795426,0.04067585537795426,1.0
2017-08-25,6.586898076217916,11.237403025851181,0.011124690690927475,0.011124690690927475,1.0
2017-08-26,6.563209415246563,11.196989613134358,-0.0035963302752294313,-0.0035963302752294313,1.0
2017-08-27,6.5568491306362695,11.186138818010772,-0.0009690814672952408,-0.0009690814672952408,1.0
2017-08-28,6.624651879641008,11.301811902368616,0.01034075173209903,0.01034075173209903,1.0
2017-08-29,6.947968865258301,11.853398283460914,0.04880512840394169,0.04880512840394169,1.0
2017-08-30,6.922255790658018,11.809531173483851,-0.0037008045227224784,-0.0037008045227224784,1.0
2017-08-31,7.166937903599361,12.226964612490011,0.03534716432633922,0.03534716432633922,1.0
2017-09-01,7.4752077550792375,12.752880228871877,0.043012769976011445,0.043012769976011445,1.0
2017-09-02,7.02500233610838,11.98481919637104,-0.06022647580128493,-0.06022647580128493,1.0
2017-09-03,6.988834826946762,11.923116575169463,-0.005148398168598134,-0.005148398168598134,1.0
2017-09-04,6.795760153978724,11.593726642439238,-0.027626160547335243,-0.027626160547335243,1.0
2017-09-05,6.696443025646025,11.424289285806335,-0.014614572333685238,-0.014614572333685238,1.0
2017-09-06,6.973923660888903,11.897677775200393,0.04143701875461092,0.04143701875461092,1.0
2017-09-07,6.986009712404899,11.91829686332122,0.001733034673691236,0.001733034673691236,1.0
2017-09-08,6.571790511822919,11.211629165700147,-0.059292674593117156,-0.059292674593117156,1.0
2017-09-09,6.548162281109146,11.171318848423928,-0.0035954022988506917,-0.0035954022988506917,1.0
2017-09-10,6.4227694966306865,10.957395809170338,-0.019149309240579893,-0.019149309240579893,1.0
2017-09-11,6.3613723549294265,10.852650841516533,-0.009559293967106863,-0.009559293967106863,1.0
2017-09-12,6.291575407424549,10.733575607618754,-0.010971995288216685,-0.010971995288216685,1.0
2017-09-13,5.824449516331296,9.936647851748756,-0.0742462516688599,-0.0742462516688599,1.0
2017-09-14,4.910562730949246,8.377535503492359,-0.1569052633763216,-0.1569052633763216,1.0
2017-09-15,4.910562730949246,9.639475244207325,0.0,0.1506337681516121,0.0
2017-09-16,4.910562730949246,9.604654759143278,-0.0,-0.003612280148234448,0.0
2017-09-17,4.910562730949246,9.5877986546045,-0.0,-0.0017549932778928579,0.0
2017-09-18,4.910562730949246,10.567282661924276,0.0,0.10215942601687655,0.0
2017-09-19,4.910562730949246,10.077862831516276,-0.0,-0.046314634146341405,0.0
2017-09-20,4.910562730949246,9.979793293641588,-0.0,-0.009731184033185847,0.0
2017-09-21,4.910562730949246,9.323616588056392,-0.0,-0.06575053072524706,0.0
2017-09-22,4.910562730949246,9.327585762519654,0.0,0.00042571189256590536,0.0
2017-09-23,4.910562730949246,9.76141137658187,0.0,0.046509957142975455,0.0
2017-09-24,4.910562730949246,9.456455063274827,-0.0,-0.031241006196977783,0.0
2017-09-25,4.910562730949246,10.102786154282327,0.0,0.06834813750848312,0.0
2017-09-26,4.910562730949246,10.013376633418387,-0.0,-0.00884998647883306,0.0
2017-09-27,4.910562730949246,10.825021263434625,0.0,0.08105603731187694,0.0
2017-09-28,4.910562730949246,10.79775251939483,-0.0,-0.002519047619047643,0.0
2017-09-29,4.910562730949246,10.714167890925022,-0.0,-0.007740928338529018,0.0
2017-09-30,4.910562730949246,11.183277919534008,0.0,0.04378408415704649,0.0
2017-10-01,4.910562730949246,11.327121833036935,0.0,0.012862410693708304,0.0
2017-10-02,4.910562730949246,11.321709322405216,-0.0,-0.000477836356975736,0.0
2017-10-03,4.910562730949246,11.10335317920565,-0.0,-0.019286499677875435,0.0
2017-10-04,4.910562730949246,10.86326967189876,-0.0,-0.021622612865860757,0.0
2017-10-05,4.910562730949246,11.134410680687646,0.0,0.024959429064922878,0.0
2017-10-06,4.910562730949246,11.24510941003634,0.0,0.009942037573726026,0.0
2017-10-07,4.910562730949246,11.404933116832908,0.0,0.014212730260669826,0.0
2017-10-08,4.910562730949246,11.864970746668728,0.0,0.04033672316384185,0.0
2017-10-09,4.910562730949246,12.292971468336813,0.0,0.03607263185105225,0.0
2017-10-10,4.890434731160994,12.24258357174154,-0.004098919185248073,-0.004098919185248073,1.0
2017-10-11,4.957346173935342,12.410087888863114,0.01368210526315794,0.01368210526315794,1.0
2017-10-12,5.600834723687539,14.020979922162942,0.12980504632408385,0.12980504632408385,1.0
2017-10-13,5.791098373859866,14.497280857754067,0.033970588235294086,0.033970588235294086,1.0
2017-10-14,5.991173780450711,14.998144282069125,0.03454878395676286,0.03454878395676286,1.0
2017-10-15,5.862035416591864,14.674862754194695,-0.021554768496321652,-0.021554768496321652,1.0
2017-10-16,5.925044807233349,14.832598778319028,0.010748722271984867,0.010748722271984867,1.0
2017-10-17,5.759387765497812,14.417897368488878,-0.027958782950181504,-0.027958782950181504,1.0
2017-10-18,5.739249470057493,14.367483698033453,-0.0034966035037541365,-0.0034966035037541365,1.0
2017-10-19,5.8726502338715,14.701435604010413,0.023243590387554747,0.023243590387554747,1.0
2017-10-20,6.16616897860975,15.436222583056265,0.049980627663696264,0.049980627663696264,1.0
2017-10-21,6.202986230396342,15.528389906956363,0.0059708470387869195,0.0059708470387869195,1.0
2017-10-22,6.182590543654385,15.477331889997165,-0.0032880432076428656,-0.0032880432076428656,1.0
2017-10-23,6.08060181429253,15.222016031341013,-0.016496115769227604,-0.016496115769227604,1.0
2017-10-24,5.688790479283978,14.241166009433233,-0.06443627571330113,-0.06443627571330113,1.0
2017-10-25,5.909673398699405,14.794118405113535,0.03882774734274075,0.03882774734274075,1.0
2017-10-26,6.0657966666221945,15.184953220443825,0.02641825654141039,0.02641825654141039,1.0
2017-10-27,5.9508868939180095,14.897291167298127,-0.018943888003448928,-0.018943888003448928,1.0
2017-10-28,5.922069363786389,14.82515013273538,-0.004842560553633191,-0.004842560553633191,1.0
2017-10-29,6.32154066393175,15.82517590659553,0.06745468105931662,0.06745468105931662,1.0
2017-10-30,6.3052220554077705,15.78432433825614,-0.00258142902047398,-0.00258142902047398,1.0
2017-10-31,6.635558051932613,16.611278641202095,0.052390858501410786,0.052390858501410786,1.0
2017-11-01,6.984251196090424,17.484187736797338,0.05254918145976495,0.05254918145976495,1.0
2017-11-02,7.24811846287974,18.14474599860821,0.037780323098490554,0.037780323098490554,1.0
2017-11-03,7.381992826688764,18.479883502152116,0.018470222926769697,0.018470222926769697,1.0
2017-11-04,7.631703571887877,19.105002706255316,0.03382701000417021,0.03382701000417021,1.0
2017-11-05,7.610546006893064,19.05203742364494,-0.0027723253131514136,-0.0027723253131514136,1.0
2017-11-06,7.175822394075081,17.963761952627646,-0.05712121212121213,-0.05712121212121213,1.0
2017-11-07,7.337330288028181,18.36807649681693,0.022507231238952263,0.022507231238952263,1.0
2017-11-08,7.688751779983378,19.2478156653522,0.04789500787889933,0.04789500787889933,1.0
2017-11-09,7.367568618144856,18.44377432408052,-0.04177312144146461,-0.04177312144146461,1.0
2017-11-10,6.772088693974562,16.953065800664966,-0.08082448295136946,-0.08082448295136946,1.0
2017-11-11,6.534341496475679,16.35789582205727,-0.03510692317281938,-0.03510692317281938,1.0
2017-11-12,6.060381153635687,15.171396170004382,-0.07253375770085235,-0.07253375770085235,1.0
2017-11-13,6.729104346600673,16.845459934534393,0.11034342164499211,0.11034342164499211,1.0
2017-11-14,6.8002781893301805,17.023634629758497,0.010577015760717456,0.010577015760717456,1.0
2017-11-15,7.509648616650165,18.7994535941648,0.10431491294473894,0.10431491294473894,1.0
2017-11-16,8.070277758578396,20.202917600969094,0.07465451055662187,0.07465451055662187,1.0
2017-11-17,7.94279699470211,19.883785664578983,-0.01579632915865603,-0.01579632915865603,1.0
2017-11-18,8.006938907070811,20.04435681331993,0.008075481774428406,0.008075481774428406,1.0
2017-11-19,8.269282417354418,20.70110054382845,0.03276452004047825,0.03276452004047825,1.0
2017-11-20,8.500100641013152,21.2789247145545,0.02791272712784898,0.02791272712784898,1.0
2017-11-21,8.348744259996735,20.900023196474134,-0.017806422230593255,-0.017806422230593255,1.0
2017-11-22,8.493912954121724,21.263434624603725,0.01738808731039576,0.01738808731039576,1.0
2017-11-23,8.268602904318087,20.69939946905848,-0.026526060606060664,-0.026526060606060664,1.0
2017-11-24,8.457888467544182,21.173251887935255,0.02289208532764886,0.02289208532764886,1.0
2017-11-25,9.055540774300317,22.669398695842677,0.07066211727070315,0.07066211727070315,1.0
2017-11-26,9.679055759045244,24.230289440449496,0.06885452788357682,0.06885452788357682,1.0
2017-11-27,10.057523928976776,25.177736539601533,0.03910176564256762,0.03910176564256762,1.0
2017-11-28,10.243144240067519,25.642413464264543,0.01845586571819635,0.01845586571819635,1.0
2017-11-29,10.229739301078103,25.608855898347894,-0.0013086742386170247,-0.0013086742386170247,1.0
2017-11-30,10.195784240565748,25.52385370756978,-0.003319249837459348,-0.003319249837459348,1.0
2017-12-01,11.19120906487642,28.015773602412434,0.09763102090275666,0.09763102090275666,1.0
2017-12-02,11.253394803352656,28.171447717724682,0.0055566595276470565,0.0055566595276470565,1.0
2017-12-03,11.623791182064757,29.09868811051831,0.03291419035629595,0.03291419035629595,1.0
2017-12-04,11.98823667388294,30.01103121214464,0.03135341009743131,0.03135341009743131,1.0
2017-12-05,12.064805438294824,30.20271141008789,0.00638699138954224,0.00638699138954224,1.0
2017-12-06,14.506573760433344,36.315368952808065,0.2023877081671055,0.2023877081671055,1.0
2017-12-07,17.9041492377341,44.8207685765097,0.23420936834634487,0.23420936834634487,1.0
2017-12-08,16.85092462272714,42.18415423077914,-0.05882572810481412,-0.05882572810481412,1.0
2017-12-09,15.762622721132669,39.45972834351401,-0.0645841059740222,-0.0645841059740222,1.0
2017-12-10,15.742062303957661,39.40825794479239,-0.0013043779286452395,-0.0013043779286452395,1.0
2017-12-11,17.384990982326116,43.52112167839377,0.10436553017296912,0.10436553017296912,1.0
2017-12-12,18.254314660137297,45.69736333410655,0.050004263947847294,0.050004263947847294,1.0
2017-12-13,17.183041767059336,43.01556741153122,-0.05868601002136464,-0.05868601002136464,1.0
2017-12-14,17.24499070553806,43.170648728059994,0.0036052370307033677,0.0036052370307033677,1.0
2017-12-15,18.26311744265339,45.71939998453568,0.05903898439263089,0.05903898439263089,1.0
2017-12-16,20.23096660456018,50.64566097064357,0.1077499045869843,0.1077499045869843,1.0
2017-12-17,19.951933842278237,49.94713781283023,-0.013792359393201115,-0.013792359393201115,1.0
2017-12-18,19.601902263351896,49.07087811541534,-0.017543741959720416,-0.017543741959720416,1.0
2017-12-19,18.366135737221807,45.977293229206936,-0.0630431939475844,-0.0630431939475844,1.0
2017-12-20,16.984623960451053,42.51885357870048,-0.07522060146658427,-0.07522060146658427,1.0
2017-12-21,16.22471217714103,40.61651073481275,-0.04474116030354813,-0.04474116030354813,1.0
2017-12-22,14.630708437388318,36.62612438464909,-0.09824542477853637,-0.09824542477853637,1.0
2017-12-23,15.521611801928998,38.85638805123843,0.060892701700213214,0.060892701700213214,1.0
2017-12-24,14.642414593786908,36.65542926364082,-0.0566434220467249,-0.0566434220467249,1.0
2017-12-25,14.590977516067158,36.52666305832624,-0.0035128822087564515,-0.0035128822087564515,1.0
2017-12-26,16.25774062896748,40.69919327817727,0.1142324502292551,0.1142324502292551,1.0
2017-12-27,15.821410894427263,39.60689708497642,-0.026838276270860106,-0.026838276270860106,1.0
2017-12-28,14.877227530447092,37.24325369210547,-0.05967757049485001,-0.05967757049485001,1.0
2017-12-29,14.995668711809776,37.53975617928297,0.007961240165231587,0.007961240165231587,1.0
2017-12-30,13.219606956581021,33.093610660068556,-0.11843831638065094,-0.11843831638065094,1.0
2017-12-31,14.272996302021031,35.73063738756153,0.0796838626821359,0.0796838626821359,1.0
2018-01-01,13.878549280083684,34.743189257455086,-0.02763589463562699,-0.02763589463562699,1.0
2018-01-02,15.218528396421796,38.09765715611227,0.09655037347895146,0.09655037347895146,1.0
2018-01-03,15.544519627774955,38.91373489007449,0.021420680295856087,0.021420680295856087,1.0
2018-01-04,15.5927547577023,39.034485424882085,0.0031030312343109934,0.0031030312343109934,1.0
2018-01-05,17.461436198913212,43.7124925900152,0.11984293155690429,0.11984293155690429,1.0
2018-01-06,17.604525171320955,44.07069769839429,0.008194570639993959,0.008194570639993959,1.0
2018-01-07,16.652414155250266,41.68720843320704,-0.05408331135347777,-0.05408331135347777,1.0
2018-01-08,15.437033020210071,38.64465579009768,-0.07298528151589379,-0.07298528151589379,1.0
2018-01-09,14.909123460546326,37.32310111085337,-0.03419760513387582,-0.03419760513387582,1.0
2018-01-10,15.314967769320296,38.33908090414701,0.02722120518003268,0.02722120518003268,1.0
2018-01-11,13.70151554281566,34.30000773215804,-0.10535133020239085,-0.10535133020239085,1.0
2018-01-12,14.228591154662093,35.61947472873012,0.03846841688420399,0.03846841688420399,1.0
2018-01-13,14.228591154662093,36.56782391298745,0.0,0.026624457308249028,0.0
2018-01-14,14.228591154662093,35.19737622103662,-0.0,-0.03747687298024038,0.0
2018-01-15,14.228591154662093,35.02667594525632,-0.0,-0.0048498011530268,0.0
2018-01-16,14.228591154662093,29.82038196860744,-0.0,-0.14863796909492277,0.0
2018-01-17,14.228591154662093,28.86674914301915,-0.0,-0.031979229058574754,0.0
2018-01-18,14.228591154662093,29.13871491533287,0.0,0.009421420159446248,0.0
2018-01-19,14.228591154662093,29.63733601381479,0.0,0.01711197971258316,0.0
2018-01-20,14.228591154662093,32.89466223356272,0.0,0.10990617436835759,0.0
2018-01-21,14.228591154662093,29.686770277584472,-0.0,-0.09752013664713066,0.0
2018-01-22,14.228591154662093,27.74994200881466,-0.0,-0.06524213481829144,0.0
2018-01-23,14.228591154662093,27.90004897033429,0.0,0.0054092711787270265,0.0
2018-01-24,14.228591154662093,29.270831722467076,0.0,0.04913191204754952,0.0
2018-01-25,14.228591154662093,28.655377715920512,-0.0,-0.021026187857660528,0.0
2018-01-26,14.228591154662093,28.57519523699064,-0.0,-0.002798165137614772,0.0
2018-01-27,14.228591154662093,29.17343230495631,0.0,0.020935537377930302,0.0
2018-01-28,14.228591154662093,29.73272507023377,0.0,0.0191713048855906,0.0
2018-01-29,14.228591154662093,28.66829041985618,-0.0,-0.03580010402219136,0.0
2018-01-30,14.228591154662093,25.760973220959304,-0.0,-0.10141229757053172,0.0
2018-01-31,14.228591154662093,26.031572978685016,0.0,0.010504252126062985,0.0
2018-02-01,14.228591154662093,23.233150338926258,-0.0,-0.10750109653573914,0.0
2018-02-02,14.228591154662093,22.648831155442153,-0.0,-0.025150234684493178,0.0
2018-02-03,14.228591154662093,23.815046779556173,0.0,0.05149120570991572,0.0
2018-02-04,14.228591154662093,21.05185700662388,-0.0,-0.11602705627705634,0.0
2018-02-05,14.228591154662093,17.79734013763241,-0.0,-0.15459523917379114,0.0
2018-02-06,14.228591154662093,19.816129281682517,0.0,0.11343207065989502,0.0
2018-02-07,14.228591154662093,19.525632103920202,-0.0,-0.014659632748300733,0.0
2018-02-08,14.228591154662093,21.181216010721926,0.0,0.08479028479028483,0.0
2018-02-09,14.228591154662093,22.348539910822446,0.0,0.05511127876273103,0.0
2018-02-10,14.228591154662093,22.03018119023686,-0.0,-0.014245168671239039,0.0
2018-02-11,14.228591154662093,20.807211526070258,-0.0,-0.055513372931702776,0.0
2018-02-12,14.228591154662093,22.86729039408232,0.0,0.09900792643122314,0.0
2018-02-13,14.228591154662093,21.959354622541817,-0.0,-0.03970456297592051,0.0
2018-02-14,14.228591154662093,24.41552617335498,0.0,0.11185080768684541,0.0
2018-02-15,14.228591154662093,25.8543519162865,0.0,0.058930769409414996,0.0
2018-02-16,14.228591154662093,26.205546534704503,0.0,0.013583578484393177,0.0
2018-02-17,14.228591154662093,28.664398566973375,0.0,0.09382945053302238,0.0
2018-02-18,14.228591154662093,26.75336993221475,-0.0,-0.06666906442476273,0.0
2018-02-19,14.228591154662093,28.71208020825279,0.0,0.0732135906990723,0.0
2018-02-20,14.228591154662093,28.95840098971623,0.0,0.008578994614003577,0.0
2018-02-21,14.228591154662093,26.94468929611588,-0.0,-0.06953808307010678,0.0
2018-02-22,14.228591154662093,25.33570452846723,-0.0,-0.059714355952161235,0.0
2018-02-23,14.228591154662093,26.147555349364673,0.0,0.03204374364191254,0.0
2018-02-24,14.228591154662093,24.9713136936519,-0.0,-0.044984765879512834,0.0
2018-02-25,14.228591154662093,24.737725199103068,-0.0,-0.009354273364008625,0.0
2018-02-26,14.228591154662093,26.547075955565866,0.0,0.07314135563800339,0.0
2018-02-27,14.228591154662093,27.234129745611998,0.0,0.025880582524271833,0.0
2018-02-28,14.228591154662093,26.56581355189567,-0.0,-0.024539656671937915,0.0
2018-03-01,14.228591154662093,28.082991829686332,0.0,0.057110175633315,0.0
2018-03-02,14.228591154662093,28.351246166138303,0.0,0.009552199355355118,0.0
2018-03-03,14.228591154662093,29.46596561767056,0.0,0.03931818181818181,0.0
2018-03-04,14.228591154662093,29.562359854635428,0.0,0.0032713754646840343,0.0
2018-03-05,14.228591154662093,29.324312482280472,-0.0,-0.008052380578732032,0.0
2018-03-06,14.228591154662093,27.578030361607258,-0.0,-0.0595506585782164,0.0
2018-03-07,14.228591154662093,25.58055619990206,-0.0,-0.07242990654205606,0.0
2018-03-08,14.228591154662093,23.982293358076237,-0.0,-0.062479596977330076,0.0
2018-03-09,14.228591154662093,23.853707569782724,-0.0,-0.0053616969142030735,0.0
2018-03-10,14.228591154662093,22.669244052681773,-0.0,-0.049655321447866,0.0
2018-03-11,14.228591154662093,24.572488981674784,0.0,0.08395714142783062,0.0
2018-03-12,14.228591154662093,23.505760457743754,-0.0,-0.043411496683406936,0.0
2018-03-13,14.228591154662093,23.571251836387535,0.0,0.0027861842105263435,0.0
2018-03-14,14.228591154662093,21.15265857367458,-0.0,-0.10260775624056218,0.0
2018-03-15,14.228591154662093,21.28918271089461,0.0,0.006454230646446568,0.0
2018-03-16,14.228591154662093,21.327869274981314,0.0,0.0018171934832851289,0.0
2018-03-17,14.228591154662093,20.25206835227712,-0.0,-0.05044108761329302,0.0
2018-03-18,14.228591154662093,21.113946235727724,0.0,0.042557523925880636,0.0
2018-03-19,14.228591154662093,22.13716848372381,0.0,0.0484619140625,0.0
2018-03-20,14.228591154662093,22.93873553442099,0.0,0.03620910466876226,0.0
2018-03-21,14.228591154662093,22.917626742957292,-0.0,-0.000920224719101137,0.0
2018-03-22,14.228591154662093,22.462151086368205,-0.0,-0.019874468752706043,0.0
2018-03-23,14.228591154662093,23.008582695430295,0.0,0.02432677115210513,0.0
2018-03-24,14.228591154662093,21.98855640609294,-0.0,-0.04433242598380216,0.0
2018-03-25,14.228591154662093,21.786643985669734,-0.0,-0.009182613751180901,0.0
2018-03-26,14.228591154662093,20.99280909301786,-0.0,-0.03643676801135687,0.0
2018-03-27,14.228591154662093,20.087141421170646,-0.0,-0.04314180478821372,0.0
2018-03-28,14.228591154662093,20.47145544988273,0.0,0.019132340468666076,0.0
2018-03-29,14.228591154662093,18.24789298693265,-0.0,-0.10861770275170224,0.0
2018-03-30,14.228591154662093,17.649965205288797,-0.0,-0.0327669491525423,0.0
2018-03-31,14.228591154662093,17.857419005644473,0.0,0.011753779565158329,0.0
2018-04-01,14.228591154662093,17.567488852805486,-0.0,-0.016235837482860616,0.0
2018-04-02,14.228591154662093,18.15771025026418,0.0,0.033597368548461626,0.0
2018-04-03,14.228591154662093,19.13683342354184,0.0,0.05392327335234426,0.0
2018-04-04,14.228591154662093,17.504781051058018,-0.0,-0.08528330347883462,0.0
2018-04-05,14.228591154662093,17.489754890589964,-0.0,-0.000858403222766646,0.0
2018-04-06,14.228591154662093,17.0597438078301,-0.0,-0.02458645563930828,0.0
2018-04-07,14.228591154662093,17.768524961983555,0.0,0.0415469987203525,0.0
2018-04-08,14.228591154662093,18.093275599886596,0.0,0.01827673589101253,0.0
2018-04-09,14.228591154662093,17.45181576844764,-0.0,-0.03545294095022655,0.0
2018-04-10,14.228591154662093,17.590633779221115,0.0,0.007954359169001224,0.0
2018-04-11,14.228591154662093,17.894765329003324,0.0,0.017289402621835315,0.0
2018-04-12,14.228591154662093,20.402587695559163,0.0,0.1401427915062532,0.0
2018-04-13,14.228591154662093,20.343797520554652,-0.0,-0.002881505811015761,0.0
2018-04-14,14.228591154662093,20.627103791334825,0.0,0.013925928553601308,0.0
2018-04-15,14.228591154662093,21.53470450269337,0.0,0.04400039484650353,0.0
2018-04-16,14.228591154662093,20.74519961854687,-0.0,-0.036661978995242483,0.0
2018-04-17,14.228591154662093,20.34098816979819,-0.0,-0.01948457745315213,0.0
2018-04-18,14.228591154662093,21.01097966442434,0.0,0.03293800129243163,0.0
2018-04-19,14.228591154662093,21.32529188896621,0.0,0.014959427383296253,0.0
2018-04-20,14.228591154662093,22.85180030413155,0.0,0.07158206429780045,0.0
2018-04-21,14.228591154662093,22.978478826773884,0.0,0.005543481080544588,0.0
2018-04-22,14.228591154662093,22.668135776695276,-0.0,-0.013505813523086996,0.0
2018-04-23,14.228591154662093,23.019407716693728,0.0,0.015496287099161732,0.0
2018-04-24,14.228591154662093,24.859145854274594,0.0,0.0799211760885874,0.0
2018-04-25,14.228591154662093,22.851052862187167,-0.0,-0.08077884106955868,0.0
2018-04-26,14.228591154662093,23.89780664450115,0.0,0.04580768285062686,0.0
2018-04-27,14.228591154662093,22.99685558906157,-0.0,-0.03770015670651028,0.0
2018-04-28,14.228591154662093,24.046985747055334,0.0,0.045664075852755115,0.0
2018-04-29,14.228591154662093,24.199103069666744,0.0,0.006325837433909465,0.0
2018-04-30,14.228591154662093,23.82491816799402,-0.0,-0.015462759119438618,0.0
2018-05-01,14.228591154662093,23.38279337096317,-0.0,-0.018557243047524596,0.0
2018-05-02,14.228591154662093,23.687414624088248,0.0,0.01302758179026453,0.0
2018-05-03,14.228591154662093,25.066986262532538,0.0,0.05824070124737779,0.0
2018-05-04,14.228591154662093,24.96198355627722,-0.0,-0.004188884341962629,0.0
2018-05-05,14.228591154662093,25.258382948014123,0.0,0.011874032008260205,0.0
2018-05-06,14.228591154662093,24.742905744993426,-0.0,-0.020408163265306145,0.0
2018-05-07,14.228591154662093,24.10629139926287,-0.0,-0.025729166666666692,0.0
2018-05-08,14.228591154662093,23.65478491713704,-0.0,-0.0187298193093125,0.0
2018-05-09,14.228591154662093,23.969896131343592,0.0,0.013321246221869698,0.0
2018-05-10,14.228591154662093,23.223562462950078,-0.0,-0.03113629130071993,0.0
2018-05-11,14.228591154662093,21.658625222299545,-0.0,-0.06738575285971604,0.0
2018-05-12,14.228591154662093,21.843346478002008,0.0,0.008528761812281571,0.0
2018-05-13,14.228591154662093,22.387432665790357,0.0,0.02490855457227137,0.0
2018-05-14,14.228591154662093,22.34593675094719,-0.0,-0.0018535361094161873,0.0
2018-05-15,14.228591154662093,21.849686847599163,-0.0,-0.022207612456747516,0.0
2018-05-16,14.228591154662093,21.505708910023454,-0.0,-0.015742922998162046,0.0
2018-05-17,14.228591154662093,20.77115389571896,-0.0,-0.03415627996164905,0.0
2018-05-18,14.228591154662093,21.23382045929019,0.0,0.022274475741407063,0.0
2018-05-19,14.228591154662093,21.22632026598624,-0.0,-0.0003532192107553733,0.0
2018-05-20,14.228591154662093,21.95123585659424,0.0,0.03415173150711537,0.0
2018-05-21,14.228591154662093,21.63313487461017,-0.0,-0.014491256167178945,0.0
2018-05-22,14.228591154662093,20.587386272842082,-0.0,-0.048340132293791416,0.0
2018-05-23,14.228591154662093,19.343282043351632,-0.0,-0.06043041175807806,0.0
2018-05-24,14.228591154662093,19.54728214644707,0.0,0.010546302465023194,0.0
2018-05-25,14.228591154662093,19.225005799118534,-0.0,-0.01648701568402522,0.0
2018-05-26,14.228591154662093,18.912729709528595,-0.0,-0.016243224727883088,0.0
2018-05-27,14.228591154662093,18.935127193999847,0.0,0.0011842544579889758,0.0
2018-05-28,14.228591154662093,18.319905152194643,-0.0,-0.032491043524659036,0.0
2018-05-29,14.228591154662093,19.227299672671975,0.0,0.049530525018500526,0.0
2018-05-30,14.228591154662093,19.021134565323848,-0.0,-0.01072252010723862,0.0
2018-05-31,14.228591154662093,19.291734323049564,0.0,0.014226267986086727,0.0
2018-06-01,14.228591154662093,19.367303281012397,0.0,0.0039171676686706736,0.0
2018-06-02,14.228591154662093,19.682002113456534,0.0,0.0162489752898467,0.0
2018-06-03,14.228591154662093,19.86229026521302,0.0,0.009160051437715477,0.0
2018-06-04,14.228591154662093,19.29784272790536,-0.0,-0.028418048964687692,0.0
2018-06-05,14.228591154662093,19.62037681383541,0.0,0.016713478831685835,0.0
2018-06-06,14.228591154662093,19.729889945617156,0.0,0.005581601863248853,0.0
2018-06-07,14.228591154662093,19.807031109049202,0.0,0.003909862834748479,0.0
2018-06-08,14.228591154662093,19.63658857187041,-0.0,-0.008605153202436489,0.0
2018-06-09,14.228591154662093,19.32111652362174,-0.0,-0.016065522129469323,0.0
2018-06-10,14.228591154662093,17.449702311915257,-0.0,-0.09685849207619646,0.0
2018-06-11,14.228591154662093,17.73499316992706,0.0,0.01634932521553667,0.0
2018-06-12,14.228591154662093,16.86899146885229,-0.0,-0.04883011190233977,0.0
2018-06-13,14.228591154662093,16.243485656846826,-0.0,-0.037080213903743275,0.0
2018-06-14,14.228591154662093,17.109951287404314,0.0,0.053342345901740584,0.0
2018-06-15,14.228591154662093,16.472641047449677,-0.0,-0.037247928369252614,0.0
2018-06-16,14.228591154662093,16.712518363875358,0.0,0.014562164970068237,0.0
2018-06-17,14.228591154662093,16.616820021134565,-0.0,-0.005726147349979782,0.0
2018-06-18,14.228591154662093,17.291734323049564,0.0,0.04061633339330806,0.0
2018-06-19,14.228591154662093,17.362328926003247,0.0,0.004082563474248069,0.0
2018-06-20,14.228591154662093,17.421016005567154,0.0,0.0033801386792076116,0.0
2018-06-21,14.228591154662093,17.317482409340446,-0.0,-0.00594302859222573,0.0
2018-06-22,14.228591154662093,15.618495322044382,-0.0,-0.09810820344068549,0.0
2018-06-23,14.228591154662093,15.923838243253691,0.0,0.019550085646108384,0.0
2018-06-24,14.228591154662093,15.850898219026263,-0.0,-0.004580555461139002,0.0
2018-06-25,14.228591154662093,16.0983788241965,0.0,0.015613033517127839,0.0
2018-06-26,14.228591154662093,15.65504265573855,-0.0,-0.027539181013158887,0.0
2018-06-27,14.228591154662093,15.80496920023712,0.0,0.00957688508396437,0.0
2018-06-28,14.228591154662093,15.081986649140442,-0.0,-0.04574400253091482,0.0
2018-06-29,14.228591154662093,15.98587592463723,0.0,0.05993171168523115,0.0
2018-06-30,14.228591154662093,16.451944637748394,0.0,0.029155031310662327,0.0
2018-07-01,14.228591154662093,16.36511250289956,-0.0,-0.0052779253006725035,0.0
2018-07-02,14.228591154662093,17.04113508080105,0.0,0.04130876446964327,0.0
2018-07-03,14.228591154662093,16.759761849532204,-0.0,-0.016511413701887134,0.0
2018-07-04,14.228591154662093,16.978453052913736,0.0,0.013048586569721188,0.0
2018-07-05,14.228591154662093,16.837933967370294,-0.0,-0.008276318525928805,0.0
2018-07-06,14.228591154662093,17.01074769968298,0.0,0.01026335728882044,0.0
2018-07-07,14.228591154662093,17.405809428078044,0.0,0.02322424242424237,0.0
2018-07-08,14.228591154662093,17.273563751643085,-0.0,-0.007597789518574594,0.0
2018-07-09,14.228591154662093,17.175726178509755,-0.0,-0.005664006254877285,0.0
2018-07-10,14.228591154662093,16.24706822340782,-0.0,-0.05406804611637739,0.0
2018-07-11,14.228591154662093,16.469599731951853,0.0,0.013696717800656844,0.0
2018-07-12,14.228591154662093,16.108018247892986,-0.0,-0.021954479158189932,0.0
2018-07-13,14.228591154662093,16.021778911827624,-0.0,-0.005353814152566083,0.0
2018-07-14,14.228591154662093,16.105183123276372,0.0,0.005205677341308057,0.0
2018-07-15,14.228591154662093,16.363127915667928,0.0,0.016016259512054543,0.0
2018-07-16,14.228591154662093,17.342740792288463,0.0,0.05986709152854197,0.0
2018-07-17,14.228591154662093,18.853604474342124,0.0,0.08711793021351477,0.0
2018-07-18,14.228591154662093,19.018505631588443,0.0,0.008746399526453175,0.0
2018-07-19,14.228591154662093,19.25309930668316,0.0,0.012335021459576545,0.0
2018-07-20,14.228591154662093,18.903734632335883,-0.0,-0.018145892709648392,0.0
2018-07-21,14.228591154662093,19.093275599886596,0.0,0.010026641361463584,0.0
2018-07-22,14.228591154662093,19.066986262532538,-0.0,-0.001376889848812124,0.0
2018-07-23,14.228591154662093,19.89765200134024,0.0,0.04356565465408635,0.0
2018-07-24,14.228591154662093,21.612670429650247,0.0,0.08619200035232755,0.0
2018-07-25,14.228591154662093,21.024124333101366,-0.0,-0.02723153061832928,0.0
2018-07-26,14.228591154662093,20.443800097940667,-0.0,-0.027602777931017508,0.0
2018-07-27,14.228591154662093,21.093868398670068,0.0,0.03179782122771213,0.0
2018-07-28,14.228591154662093,21.20905177968504,0.0,0.005460514820611939,0.0
2018-07-29,14.228591154662093,21.176679811335344,-0.0,-0.0015263279417661035,0.0
2018-07-30,14.228591154662093,21.057269517255598,-0.0,-0.005638763731783292,0.0
2018-07-31,14.228591154662093,19.916157632928684,-0.0,-0.05419087614335838,0.0
2018-08-01,14.228591154662093,19.598417484986726,-0.0,-0.015953887983725212,0.0
2018-08-02,14.228591154662093,19.417820046908425,-0.0,-0.009214899020119627,0.0
2018-08-03,14.228591154662093,19.108946106858422,-0.0,-0.01590672584789854,0.0
2018-08-04,14.228591154662093,18.054589035799893,-0.0,-0.055176097371487764,0.0
2018-08-05,14.228591154662093,18.11904946003763,0.0,0.003570306923625921,0.0
2018-08-06,14.228591154662093,17.88190417278796,-0.0,-0.01308817483901159,0.0
2018-08-07,14.228591154662093,17.315446274388517,-0.0,-0.031677716921302945,0.0
2018-08-08,14.228591154662093,16.192427639887626,-0.0,-0.06485646495649144,0.0
2018-08-09,14.228591154662093,16.872728678574187,0.0,0.042013529645841485,0.0
2018-08-10,14.228591154662093,15.840640222686153,-0.0,-0.061169030543271496,0.0
2018-08-11,14.228591154662093,16.071445140338668,0.0,0.014570428619543385,0.0
2018-08-12,14.228591154662093,16.278795845253743,0.0,0.012901808337984155,0.0
2018-08-13,14.228591154662093,16.118121601072193,-0.0,-0.00987015536707514,0.0
2018-08-14,14.228591154662093,15.966932137426223,-0.0,-0.009380092009971697,0.0
2018-08-15,14.228591154662093,16.15765870254388,0.0,0.011945097748026212,0.0
2018-08-16,14.228591154662093,16.27851233279208,0.0,0.0074796498968736636,0.0
2018-08-17,14.228591154662093,16.97334982860383,0.0,0.04268433635744717,0.0
2018-08-18,14.228591154662093,16.48661047965154,-0.0,-0.028676681613668764,0.0
2018-08-19,14.228591154662093,16.7260238665945,0.0,0.014521686385352117,0.0
2018-08-20,14.228591154662093,16.131188948168766,-0.0,-0.03556343833836961,0.0
2018-08-21,14.228591154662093,16.69086832134849,0.0,0.034695481838197484,0.0
2018-08-22,14.228591154662093,16.392149282197995,-0.0,-0.017897153904714358,0.0
2018-08-23,14.228591154662093,16.82094899353076,0.0,0.026158846161707716,0.0
2018-08-24,14.228591154662093,17.244980540735586,0.0,0.025208538909897715,0.0
2018-08-25,14.228591154662093,17.365189824480012,0.0,0.006970682481228119,0.0
2018-08-26,14.228591154662093,17.29420861362406,-0.0,-0.0040875574395328185,0.0
2018-08-27,14.228591154662093,17.814634397793757,0.0,0.030092489098328068,0.0
2018-08-28,14.228591154662093,18.224722286656874,0.0,0.02301971961399918,0.0
2018-08-29,14.228591154662093,18.12134333359107,-0.0,-0.005672456975736262,0.0
2018-08-30,14.228591154662093,17.997886543467615,-0.0,-0.006812783569670966,0.0
2018-08-31,14.228591154662093,18.08038866981108,0.0,0.004583989689245449,0.0
2018-09-01,14.228591154662093,18.534189025490345,0.0,0.025099037635013977,0.0
2018-09-02,14.228591154662093,18.8020309801799,0.0,0.014451236810048007,0.0
2018-09-03,14.228591154662093,18.704038763885666,-0.0,-0.005211788896504532,0.0
2018-09-04,14.228591154662093,18.96956107116163,0.0,0.014195987862719806,0.0
2018-09-05,14.228591154662093,17.237454573571483,-0.0,-0.0913097826086956,0.0
2018-09-06,14.228591154662093,16.740122168097116,-0.0,-0.02885184720004308,0.0
2018-09-07,14.228591154662093,16.482409340446917,-0.0,-0.015394919168591148,0.0
2018-09-08,14.228591154662093,15.948864661460346,-0.0,-0.03237055141430589,0.0
2018-09-09,14.228591154662093,16.070027578030363,0.0,0.007596961861667806,0.0
2018-09-10,14.228591154662093,16.237531895151935,0.0,0.010423399481315876,0.0
2018-09-11,14.228591154662093,16.192504961468078,-0.0,-0.002773015873015927,0.0
2018-09-12,14.228591154662093,16.30454393154463,0.0,0.006919187015422157,0.0
2018-09-13,14.228591154662093,16.71689992010103,0.0,0.025290863104647343,0.0
2018-09-14,14.228591154662093,16.69640970128096,-0.0,-0.001225718818561261,0.0
2018-09-15,14.228591154662093,16.801154668934767,0.0,0.006273502479144932,0.0
2018-09-16,14.228591154662093,16.747854326142427,-0.0,-0.0031724214104696946,0.0
2018-09-17,14.228591154662093,16.110466764607335,-0.0,-0.038057863958141036,0.0
2018-09-18,14.228591154662093,16.32954457589113,0.0,0.013598476970579254,0.0
2018-09-19,14.228591154662093,16.461609835305033,0.0,0.008087504143188484,0.0
2018-09-20,14.228591154662093,16.73525090852857,0.0,0.016622983776268363,0.0
2018-09-21,14.228591154662093,17.397355601948504,0.0,0.03956347574582919,0.0
2018-09-22,14.228591154662093,17.28737854068404,-0.0,-0.0063214814814814835,0.0
2018-09-23,14.228591154662093,17.260728369287868,-0.0,-0.0015415970289220926,0.0
2018-09-24,14.228591154662093,16.96458671615248,-0.0,-0.017156961560342743,0.0
2018-09-25,14.228591154662093,16.590350266759454,-0.0,-0.02205986244490732,0.0
2018-09-26,14.228591154662093,16.638727802262945,0.0,0.002916004467996114,0.0
2018-09-27,14.228591154662093,17.21696435475141,0.0,0.034752449788247874,0.0
2018-09-28,14.228591154662093,17.062321193845204,-0.0,-0.008982022482002305,0.0
2018-09-29,14.228591154662093,16.961777365396014,-0.0,-0.0058927403432925685,0.0
2018-09-30,14.228591154662093,17.023634629758497,0.0,0.003646862179000232,0.0
2018-10-01,14.228591154662093,16.94072012165262,-0.0,-0.004870552611657808,0.0
2018-10-02,14.228591154662093,16.749039923709372,-0.0,-0.011314760917291333,0.0
2018-10-03,14.228591154662093,16.665455295239568,-0.0,-0.004990413113260761,0.0
2018-10-04,14.228591154662093,16.875306064589292,0.0,0.012591961373516591,0.0
2018-10-05,14.228591154662093,16.995128740431454,0.0,0.00710047423042548,0.0
2018-10-06,14.228591154662093,16.88814144694451,-0.0,-0.006295174053752239,0.0
2018-10-07,14.228591154662093,16.93342611922988,0.0,0.002681447951370597,0.0
2018-10-08,14.228591154662093,17.031547204824864,0.0,0.00579452054794527,0.0
2018-10-09,14.228591154662093,16.98363359880409,-0.0,-0.0028132268574636576,0.0
2018-10-10,14.228591154662093,16.816309698703577,-0.0,-0.00985206723444021,0.0
2018-10-11,14.228591154662093,15.863011933297248,-0.0,-0.05668888016969742,0.0
2018-10-12,14.228591154662093,15.948890435320498,0.0,0.00541375763848384,0.0
2018-10-13,14.228591154662093,15.969483749581174,0.0,0.0012912067045787179,0.0
2018-10-14,14.228591154662093,15.93724065053223,-0.0,-0.0020190445448676764,0.0
2018-10-15,14.228591154662093,16.599448439392766,0.0,0.04155096878947018,0.0
2018-10-16,14.228591154662093,16.642465011984843,0.0,0.002591445899490896,0.0
2018-10-17,14.228591154662093,16.607902265522306,-0.0,-0.002076780479192686,0.0
2018-10-18,14.228591154662093,16.482280471146165,-0.0,-0.007563977218057905,0.0
2018-10-19,14.228591154662093,16.451429160545374,-0.0,-0.0018717865318939042,0.0
2018-10-20,14.228591154662093,16.531353900873732,0.0,0.0048582247504695975,0.0
2018-10-21,14.228591154662093,16.53619938658213,0.0,0.00029310882444644193,0.0
2018-10-22,14.228591154662093,16.514987499677826,-0.0,-0.0012827546649876176,0.0
2018-10-23,14.228591154662093,16.48274440062888,-0.0,-0.0019523538270659335,0.0
2018-10-24,14.228591154662093,16.536457125183638,0.0,0.003258724593988349,0.0
2018-10-25,14.228591154662093,16.483878450475526,-0.0,-0.0031795610335443314,0.0
2018-10-26,14.228591154662093,16.50782236655584,0.0,0.0014525656781714247,0.0
2018-10-27,14.228591154662093,16.518776257120027,0.0,0.0006635575741584798,0.0
2018-10-28,14.228591154662093,16.504600634036958,-0.0,-0.000858152133210166,0.0
2018-10-29,14.228591154662093,16.149900770638418,-0.0,-0.021490969170562924,0.0
2018-10-30,14.228591154662093,16.154101909843035,0.0,0.000260134056814465,0.0
2018-10-31,14.228591154662093,16.24830536869507,0.0,0.005831550362736859,0.0
2018-11-01,14.228591154662093,16.35093687981649,0.0,0.0063164440101646235,0.0
2018-11-02,14.228591154662093,16.36588571870409,0.0,0.0009142496847414083,0.0
2018-11-03,14.228591154662093,16.319905152194643,-0.0,-0.0028095373082617225,0.0
2018-11-04,14.228591154662093,16.555272043093893,0.0,0.014422074681457175,0.0
2018-11-05,14.228591154662093,16.5055800407227,-0.0,-0.0030015817463974193,0.0
2018-11-06,14.228591154662093,16.620273718394802,0.0,0.006948782011243049,0.0
2018-11-07,14.228591154662093,16.761050542539756,0.0,0.008470186865162432,0.0
2018-11-08,14.228591154662093,16.51135338539653,-0.0,-0.01489746460160668,0.0
2018-11-09,14.228591154662093,16.327456893218898,-0.0,-0.011137578361097855,0.0
2018-11-10,14.228591154662093,16.359751539988142,0.0,0.001977934897054112,0.0
2018-11-11,14.228591154662093,16.385989329621896,0.0,0.0016038012294758985,0.0
2018-11-12,14.228591154662093,16.30936364339287,-0.0,-0.004676292940732463,0.0
2018-11-13,14.228591154662093,16.13273537977783,-0.0,-0.010829868502355455,0.0
2018-11-14,14.228591154662093,14.447434212221964,-0.0,-0.10446468797029718,0.0
2018-11-15,14.228591154662093,14.38057681899018,-0.0,-0.004627630916998693,0.0
2018-11-16,14.228591154662093,14.207170287894018,-0.0,-0.012058384950676904,0.0
2018-11-17,14.228591154662093,14.186370782752133,-0.0,-0.0014640146292613787,0.0
2018-11-18,14.228591154662093,14.330266243975359,0.0,0.010143218686922806,0.0
2018-11-19,14.228591154662093,12.200056702492333,-0.0,-0.14865107913669062,0.0
2018-11-20,14.228591154662093,11.209644578468517,-0.0,-0.08118094433294609,0.0
2018-11-21,14.228591154662093,11.714502951106986,0.0,0.04503785727588561,0.0
2018-11-22,14.228591154662093,10.993479213381788,-0.0,-0.061549665464642245,0.0
2018-11-23,14.228591154662093,11.041006211500296,0.0,0.004323198979687692,0.0
2018-11-24,14.228591154662093,9.729606433155492,-0.0,-0.11877538633923157,0.0
2018-11-25,14.228591154662093,10.146369751797726,0.0,0.04283455055510088,0.0
2018-11-26,14.228591154662093,9.617051985875925,-0.0,-0.05216819205982692,0.0
2018-11-27,14.228591154662093,9.729632207015644,0.0,0.011706313047393335,0.0
2018-11-28,14.228591154662093,10.889533235392664,0.0,0.11921324503311248,0.0
2018-11-29,14.228591154662093,10.948735792159592,0.0,0.005436647787116389,0.0
2018-11-30,14.228591154662093,10.247686796051445,-0.0,-0.064030131826742,0.0
2018-12-01,14.228591154662093,10.675558648418773,0.0,0.04175301810865206,0.0
2018-12-02,14.228591154662093,10.575504523312455,-0.0,-0.009372261293430162,0.0
2018-12-03,14.228591154662093,9.880331967318744,-0.0,-0.06573422142284413,0.0
2018-12-04,14.228591154662093,10.05654784917137,0.0,0.017835016316809726,0.0
2018-12-05,14.228591154662093,9.521869120338152,-0.0,-0.0531672236688332,0.0
2018-12-06,14.228591154662093,8.848836310214182,-0.0,-0.0706828461532214,0.0
2018-12-07,14.228591154662093,8.711590504909921,-0.0,-0.015510040020272231,0.0
2018-12-08,14.228591154662093,8.765689837366942,0.0,0.006210040798695804,0.0
2018-12-09,14.228591154662093,9.101213948813113,0.0,0.03827697735960012,0.0
2018-12-10,14.228591154662093,8.789272919405139,-0.0,-0.034274661727807576,0.0
2018-12-11,14.228591154662093,8.632593623546999,-0.0,-0.017826195328651262,0.0
2018-12-12,14.228591154662093,8.841052604448567,0.0,0.024147896911648647,0.0
2018-12-13,14.228591154662093,8.41516533931287,-0.0,-0.04817155650916549,0.0
2018-12-14,14.228591154662093,8.236578262326349,-0.0,-0.02122205206738126,0.0
2018-12-15,14.228591154662093,8.203819686074382,-0.0,-0.0039772069430580315,0.0
2018-12-16,14.228591154662093,8.234748318255624,0.0,0.0037700282752120007,0.0
2018-12-17,14.228591154662093,9.012654965334159,0.0,0.09446635367762135,0.0
2018-12-18,14.228591154662093,9.453259104616098,0.0,0.04888727472389198,0.0
2018-12-19,14.228591154662093,9.491249774478725,0.0,0.004018790709341191,0.0
2018-12-20,14.228591154662093,10.503724322791825,0.0,0.10667452362654828,0.0
2018-12-21,14.228591154662093,9.894739555143174,-0.0,-0.05797798465894877,0.0
2018-12-22,14.228591154662093,10.259181937678806,0.0,0.03683193281688757,0.0
2018-12-23,14.228591154662093,10.167607412562178,-0.0,-0.008926104018128656,0.0
2018-12-24,14.228591154662093,10.397175184927447,0.0,0.02257834739779918,0.0
2018-12-25,14.228591154662093,9.742519137091161,-0.0,-0.0629647992067427,0.0
2018-12-26,14.228591154662093,9.819531431222455,0.0,0.007904761904761859,0.0
2018-12-27,14.228591154662093,9.252532281759839,-0.0,-0.05774197612523235,0.0
2018-12-28,14.228591154662093,10.021031469883244,0.0,0.0830582552668746,0.0
2018-12-29,14.228591154662093,9.611871439985567,-0.0,-0.04083013122225476,0.0
2018-12-30,14.228591154662093,9.868811051831232,0.0,0.026731486521635484,0.0
2018-12-31,14.228591154662093,9.515348333719942,-0.0,-0.035816139984330086,0.0
2019-01-01,14.228591154662093,9.861336632387433,0.0,0.03636107544706446,0.0
2019-01-02,14.228591154662093,10.028067733704477,0.0,0.01690755599696825,0.0
2019-01-03,14.228591154662093,9.762029949225496,-0.0,-0.026529316668337244,0.0
2019-01-04,14.228591154662093,9.847728034227686,0.0,0.008778715640898938,0.0
2019-01-05,14.228591154662093,9.790510064692388,-0.0,-0.00581027109363963,0.0
2019-01-06,14.228591154662093,10.41519111317302,0.0,0.06380475014610565,0.0
2019-01-07,14.228591154662093,10.3250341503647,-0.0,-0.008656294620872473,0.0
2019-01-08,14.228591154662093,10.293718910281193,-0.0,-0.0030329430031378335,0.0
2019-01-09,14.228591154662093,10.320162890796155,0.0,0.0025689433280084994,0.0
2019-01-10,14.228591154662093,9.345910977087037,-0.0,-0.0944027651518935,0.0
2019-01-11,14.228591154662093,9.370576561251578,0.0,0.0026391845829703,0.0
2019-01-12,14.228591154662093,9.328616716925694,-0.0,-0.004477829517918197,0.0
2019-01-13,14.228591154662093,9.05755302971726,-0.0,-0.029057222033425312,0.0
2019-01-14,14.228591154662093,9.444032062682028,0.0,0.04266925423420154,0.0
2019-01-15,14.228591154662093,9.229000747441944,-0.0,-0.022769015798853154,0.0
2019-01-16,14.228591154662093,9.30361607257919,0.0,0.008084875836414485,0.0
2019-01-17,14.228591154662093,9.383360395886491,0.0,0.008571325674361585,0.0
2019-01-18,14.228591154662093,9.298822134591097,-0.0,-0.009009380193097383,0.0
2019-01-19,14.228591154662093,9.491610608520839,0.0,0.02073256925869993,0.0
2019-01-20,14.228591154662093,9.114126652748782,-0.0,-0.039770274123253624,0.0
2019-01-21,14.228591154662093,9.102708832701873,-0.0,-0.00125276073966607,0.0
2019-01-22,14.228591154662093,9.219387097605608,0.0,0.012817971776111658,0.0
2019-01-23,14.228591154662093,9.157478285522823,-0.0,-0.006715068087212006,0.0
2019-01-24,14.228591154662093,9.198613366323874,0.0,0.0044919659668842815,0.0
2019-01-25,14.228591154662093,9.181087141421171,-0.0,-0.0019053116165167472,0.0
2019-01-26,14.228591154662093,9.16536508672904,-0.0,-0.0017124393277131444,0.0
2019-01-27,14.228591154662093,9.100801567050697,-0.0,-0.007044293278816283,0.0
2019-01-28,14.228591154662093,8.840305162504187,-0.0,-0.028623457244648876,0.0
2019-01-29,14.228591154662093,8.756462795432872,-0.0,-0.009484103266811372,0.0
2019-01-30,14.228591154662093,8.859893296218974,0.0,0.011811904327401423,0.0
2019-01-31,14.228591154662093,8.792752390525528,-0.0,-0.0075780715916859975,0.0
2019-02-01,14.228591154662093,8.85976442691822,0.0,0.00762128096145398,0.0
2019-02-02,14.228591154662093,8.939482976365369,0.0,0.008997818181818218,0.0
2019-02-03,14.228591154662093,8.80120621665507,-0.0,-0.015468093633142277,0.0
2019-02-04,14.228591154662093,8.78777803551638,-0.0,-0.0015257205442225086,0.0
2019-02-05,14.228591154662093,8.836310214180777,0.0,0.005522690544555342,0.0
2019-02-06,14.228591154662093,8.67898657181886,-0.0,-0.0178042235445105,0.0
2019-02-07,14.228591154662093,8.657439624732596,-0.0,-0.0024826570369667067,0.0
2019-02-08,14.228591154662093,9.33526637284466,0.0,0.07829413515927364,0.0
2019-02-09,14.228591154662093,9.33975102451094,0.0,0.0004803988967392314,0.0
2019-02-10,14.228591154662093,9.40446918735019,0.0,0.006929324204618004,0.0
2019-02-11,14.228591154662093,9.253743653186937,-0.0,-0.016027011324146856,0.0
2019-02-12,14.228591154662093,9.2478156653522,-0.0,-0.0006406042848071669,0.0
2019-02-13,14.228591154662093,9.218485012500322,-0.0,-0.003171630351777921,0.0
2019-02-14,14.228591154662093,9.179360292791051,-0.0,-0.004244159388035795,0.0
2019-02-15,14.228591154662093,9.192479187607928,0.0,0.0014291731012214814,0.0
2019-02-16,14.228591154662093,9.23315033892626,0.0,0.004424394169220358,0.0
2019-02-17,14.228591154662093,9.34323049563133,0.0,0.011922274918559461,0.0
2019-02-18,14.228591154662093,9.966751720405165,0.0,0.06673507894998187,0.0
2019-02-19,14.228591154662093,10.02090260058249,0.0,0.005433152314455736,0.0
2019-02-20,14.228591154662093,10.152297739632465,0.0,0.013112106193142292,0.0
2019-02-21,14.228591154662093,10.045903244928994,-0.0,-0.010479843817831402,0.0
2019-02-22,14.228591154662093,10.160107219258228,0.0,0.011368213643395686,0.0
2019-02-23,14.228591154662093,10.593056522075312,0.0,0.04261267066123464,0.0
2019-02-24,14.228591154662093,9.624526405319724,-0.0,-0.09143065693430663,0.0
2019-02-25,14.228591154662093,9.842495940617026,0.0,0.022647299837717183,0.0
2019-02-26,14.228591154662093,9.792726616665378,-0.0,-0.005056575512138672,0.0
2019-02-27,14.228591154662093,9.793834892651871,0.0,0.00011317338162064594,0.0
2019-02-28,14.228591154662093,9.773808603314517,-0.0,-0.0020447852712300874,0.0
2019-03-01,14.228591154662093,9.809969329106421,0.0,0.003699757920329949,0.0
2019-03-02,14.228591154662093,9.819067501739735,0.0,0.0009274414963071909,0.0
2019-03-03,14.228591154662093,9.760380422175828,-0.0,-0.005976848570753646,0.0
2019-03-04,14.228591154662093,9.538183973813757,-0.0,-0.022765142212821443,0.0
2019-03-05,14.228591154662093,9.908992499806697,0.0,0.03887621868177016,0.0
2019-03-06,14.228591154662093,9.92780741771695,0.0,0.0018987720407117603,0.0
2019-03-07,14.228591154662093,9.941106729554885,0.0,0.0013396021174021389,0.0
2019-03-08,14.228591154662093,9.905203742364494,-0.0,-0.003611568426647338,0.0
2019-03-09,14.228591154662093,10.095621021160339,0.0,0.01922396386269498,0.0
2019-03-10,14.228591154662093,10.054176654037475,-0.0,-0.004105182537656349,0.0
2019-03-11,14.228591154662093,9.922111394623572,-0.0,-0.013135362940024486,0.0
2019-03-12,14.228591154662093,9.94871001829944,0.0,0.0026807422954635562,0.0
2019-03-13,14.228591154662093,9.925565091883811,-0.0,-0.0023264248704663038,0.0
2019-03-14,14.228591154662093,9.933116832908064,0.0,0.0007608373885359399,0.0
2019-03-15,14.228591154662093,10.05902213974587,0.0,0.012675307152402171,0.0
2019-03-16,14.228591154662093,10.283770200262893,0.0,0.02234293327867176,0.0
2019-03-17,14.228591154662093,10.224516095775664,-0.0,-0.005761904761904746,0.0
2019-03-18,14.228591154662093,10.233511172968376,0.0,0.000879755785843761,0.0
2019-03-19,14.228591154662093,10.311734838526766,0.0,0.007643873567560799,0.0
2019-03-20,14.228591154662093,10.391633804994974,0.0,0.00774835347488656,0.0
2019-03-21,14.228591154662093,10.23933606536251,-0.0,-0.014655803167280435,0.0
2019-03-22,14.228591154662093,10.26773885924895,0.0,0.002773890192208972,0.0
2019-03-23,14.228591154662093,10.266836774143663,-0.0,-8.785625712270928e-05,0.0
2019-03-24,14.228591154662093,10.230985334673575,-0.0,-0.003491965466946745,0.0
2019-03-25,14.228591154662093,10.07121317559731,-0.0,-0.015616497712569677,0.0
2019-03-26,14.228591154662093,10.10709038892755,0.0,0.0035623526882710976,0.0
2019-03-27,14.228591154662093,10.377922111394623,0.0,0.026796210585370295,0.0
2019-03-28,14.228591154662093,10.338333462202634,-0.0,-0.0038146990088240296,0.0
2019-03-29,14.228591154662093,10.544111961648497,0.0,0.019904416915762724,0.0
2019-03-30,14.228591154662093,10.55217917987577,0.0,0.0007650922388358072,0.0
2019-03-31,14.228591154662093,10.554369957988607,0.0,0.00020761380900502502,0.0
2019-04-01,14.228591154662093,10.662645944483105,0.0,0.01025887731105568,0.0
2019-04-02,14.228591154662093,12.634165829016212,0.0,0.18489968576262994,0.0
2019-04-03,14.44350342168573,12.824995489574475,0.015104254854720445,0.015104254854720445,1.0
2019-04-04,14.241827242420435,12.645918709245082,-0.013963106690755844,-0.013963106690755844,1.0
2019-04-05,14.631275903503113,12.991726590891517,0.027345413931344043,0.027345413931344043,1.0
2019-04-06,14.656122594558251,13.013789015180803,0.0016981903163475476,0.0016981903163475476,1.0
2019-04-07,15.07866147503679,13.388979097399417,0.028830195554957028,0.028830195554957028,1.0
2019-04-08,15.34207703733278,13.622876878270057,0.017469426098071228,0.017469426098071228,1.0
2019-04-09,15.056659381789368,13.369442511404934,-0.018603586388524107,-0.018603586388524107,1.0
2019-04-10,15.437980620564291,13.708033712209078,0.025325753150537533,0.025325753150537533,1.0
2019-04-11,14.633133600030602,12.993376117941184,-0.05213421627577286,-0.05213421627577286,1.0
2019-04-12,14.740212388935273,13.08845588803835,0.007317556979350437,0.007317556979350437,1.0
2019-04-13,14.70546765856962,13.057604577437564,-0.0023571390593891683,-0.0023571390593891683,1.0
2019-04-14,14.990072571882259,13.31031727621846,0.0193536798638827,0.0193536798638827,1.0
2019-04-15,14.600304619208917,12.964225882110362,-0.02600173887112811,-0.02600173887112811,1.0
2019-04-16,15.102201973221034,13.409881697981906,0.03437581386841715,0.03437581386841715,1.0
2019-04-17,15.172155858084214,13.471996700945901,0.0046320321359243355,0.0046320321359243355,1.0
2019-04-18,15.33125014975852,13.613263228433723,0.01048593839678591,0.01048593839678591,1.0
2019-04-19,15.35606781430541,13.635299878862856,0.0016187632648654304,0.0016187632648654304,1.0
2019-04-20,15.441783093143986,13.711410087888863,0.005581850762519158,0.005581850762519158,1.0
2019-04-21,15.377199112305576,13.654063249052811,-0.004182417305620967,-0.004182417305620967,1.0
2019-04-22,15.63832158045045,13.88592489497152,0.0169811463217584,0.0169811463217584,1.0
2019-04-23,16.059641347582826,14.26003247506379,0.026941495285470296,0.026941495285470296,1.0
2019-04-24,15.795935520204413,14.025876955591638,-0.016420405765668167,-0.016420405765668167,1.0
2019-04-25,14.904560478601377,13.234387484213512,-0.05643065840974648,-0.05643065840974648,1.0
2019-04-26,14.976255953959074,13.298048918786566,0.004810304568231283,0.004810304568231283,1.0
2019-04-27,15.008446351599433,13.326632129694065,0.0021494289186376747,0.0021494289186376747,1.0
2019-04-28,14.96316499874194,13.28642490785845,-0.0030170579816656273,-0.0030170579816656273,1.0
2019-04-29,14.943572105678602,13.269027552256501,-0.0013094083414161295,-0.0013094083414161295,1.0
2019-04-30,15.298972672593434,13.58460269594577,0.023782838828728226,0.023782838828728226,1.0
2019-05-01,15.445440433182478,13.714657594267893,0.009573699079247655,0.009573699079247655,1.0
2019-05-02,15.645316968936772,13.892136395267919,0.012940811666651175,0.012940811666651175,1.0
2019-05-03,16.42145677281914,14.581303641846437,0.049608442284893695,0.049608442284893695,1.0
2019-05-04,16.748324282132106,14.871543081007243,0.019904903312475852,0.019904903312475852,1.0
2019-05-05,16.59114574000177,14.731977628289387,-0.009384732435472443,-0.009384732435472443,1.0
2019-05-06,16.509987622957187,14.659913915307094,-0.00489165234977762,-0.00489165234977762,1.0
2019-05-07,16.68574313036239,14.815974638521611,0.010645405158318466,0.010645405158318466,1.0
2019-05-08,17.26615718916907,15.331348746101703,0.034785029007819546,0.034785029007819546,1.0
2019-05-09,17.860271759865967,15.858888115673084,0.03440919506220985,0.03440919506220985,1.0
2019-05-10,18.41192054900484,16.348720327843502,0.030886920230323245,0.030886920230323245,1.0
2019-05-11,20.956993818170098,18.608598159746386,0.1382296465157633,0.1382296465157633,1.0
2019-05-12,20.259806116705924,17.98953581277868,-0.033267543404040145,-0.033267543404040145,1.0
2019-05-13,22.713039513793554,20.16786515116369,0.12108869072862105,0.12108869072862105,1.0
2019-05-14,23.19485052410222,20.595685455810717,0.021212969317297325,0.021212969317297325,1.0
2019-05-15,23.81137355916192,21.143122245418695,0.026580168491237455,0.026580168491237455,1.0
2019-05-16,22.86986973782498,20.30712131755973,-0.03954008864703551,-0.03954008864703551,1.0
2019-05-17,21.374220847640352,18.97907162555736,-0.0653982251464661,-0.0653982251464661,1.0
2019-05-18,21.08021134565731,18.718008196087528,-0.013755331905607071,-0.013755331905607071,1.0
2019-05-19,23.801736758425584,21.134565323848552,0.1291033267239481,0.1291033267239481,1.0
2019-05-20,23.219871374206804,20.61790252326091,-0.024446341463414623,-0.024446341463414623,1.0
2019-05-21,23.08100855877716,20.494600376298358,-0.005980343869772531,-0.005980343869772531,1.0
2019-05-22,22.137008457731408,19.6563828964664,-0.040899430310499696,-0.040899430310499696,1.0
2019-05-23,22.87863574331406,20.31490502332534,0.033501694097408,0.033501694097408,1.0
2019-05-24,23.226141099987075,20.62346967705353,0.01518907685632298,0.01518907685632298,1.0
2019-05-25,23.406424742678027,20.78355112245161,0.007762100553632356,0.007762100553632356,1.0
2019-05-26,25.345134254668274,22.505013015799374,0.08282809242777289,0.08282809242777289,1.0
2019-05-27,25.462894798606005,22.609577566432126,0.0046462781674174725,0.0046462781674174725,1.0
2019-05-28,25.2976468871844,22.462846980592285,-0.0064897535307200105,-0.0064897535307200105,1.0
2019-05-29,25.14403860556783,22.32645171267301,-0.006072038332323615,-0.006072038332323615,1.0
2019-05-30,24.03304900260595,21.33995721539215,-0.04418501022806509,-0.04418501022806509,1.0
2019-05-31,24.82944930924122,22.04711461635609,0.03313771409316035,0.03313771409316035,1.0
2019-06-01,24.84364327177155,22.05971803396995,0.0005716583704113987,0.0005716583704113987,1.0
2019-06-02,25.359154058149155,22.517461790252323,0.020750208845710993,0.020750208845710993,1.0
2019-06-03,23.534576776566386,20.89734271501843,-0.07194945373173611,-0.07194945373173611,1.0
2019-06-04,22.266118366391755,19.771025026418208,-0.05389765119709522,-0.05389765119709522,1.0
2019-06-05,22.61014054207573,20.07649681692827,0.015450478167009063,0.015450478167009063,1.0
2019-06-06,22.655189682867288,20.116497847882677,0.0019924308169481098,0.0019924308169481098,1.0
2019-06-07,23.215778636544698,20.614268408979612,0.024744394618834153,0.024744394618834153,1.0
2019-06-08,23.018427407007458,20.43903193381273,-0.008500737047284823,-0.008500737047284823,1.0
2019-06-09,22.160519929407425,19.67725972318874,-0.03727046432975967,-0.03727046432975967,1.0
2019-06-10,23.26674918501762,20.65952730740483,0.049918921538578465,0.049918921538578465,1.0
2019-06-11,22.98368267664181,20.408180623211937,-0.012166139159573208,-0.012166139159573208,1.0
2019-06-12,23.732131191661328,21.072759607206372,0.03256434251853646,0.03256434251853646,1.0
2019-06-13,23.9150562466023,21.235186473878194,0.0077079067810499335,0.0077079067810499335,1.0
2019-06-14,25.245689437431253,22.41671177092193,0.05563997747310334,0.05563997747310334,1.0
2019-06-15,25.718153912086002,22.83623289260032,0.018714659222347718,0.018714659222347718,1.0
2019-06-16,26.051291147179235,23.13203948555375,0.01295338834319204,0.01295338834319204,1.0
2019-06-17,27.090846513357594,24.05510451300291,0.03990417827298054,0.03990417827298054,1.0
2019-06-18,26.35165745446727,23.398747390396657,-0.027285565200993456,-0.027285565200993456,1.0
2019-06-19,26.929459127532173,23.91180185056316,0.02192657801746556,0.02192657801746556,1.0
2019-06-20,27.665774562106535,24.565607361014457,0.027342377397456374,0.027342377397456374,1.0
2019-06-21,29.71211436665806,26.382638727802263,0.0739664743511057,0.0739664743511057,1.0
2019-06-22,30.962169970607274,27.49261578906673,0.04207225337527598,0.04207225337527598,1.0
2019-06-23,31.444474431556053,27.920874249336325,0.015577217662929854,0.015577217662929854,1.0
2019-06-24,32.022972740818766,28.434547282146447,0.018397455187934675,0.018397455187934675,1.0
2019-06-25,34.12219884338718,30.29853862212944,0.06555375478593817,0.06555375478593817,1.0
2019-06-26,37.52384437077335,33.31900306708936,0.09969010329606576,0.09969010329606576,1.0
2019-06-27,32.39152231596722,28.761797984484136,-0.1367749531229694,-0.1367749531229694,1.0
2019-06-28,35.87807037996118,31.857650970385837,0.10763767228918675,0.10763767228918675,1.0
2019-06-29,34.44079379785118,30.581432511147195,-0.040060030176894856,-0.040060030176894856,1.0
2019-06-30,31.236180208411593,27.7359210288925,-0.09304703045606133,-0.09304703045606133,1.0
2019-07-01,30.703166437564068,27.26263563493904,-0.0170639869308985,-0.0170639869308985,1.0
2019-07-02,31.433328252391142,27.910977087038326,0.023781319633982445,0.023781319633982445,1.0
2019-07-03,34.76336538394433,30.867857419005645,0.10593969257136737,0.10593969257136737,1.0
2019-07-04,32.32391957827164,28.701770664192374,-0.07017288972831615,-0.07017288972831615,1.0
2019-07-05,31.942250021397818,28.36287017706642,-0.011807650862068919,-0.011807650862068919,1.0
2019-07-06,32.6193223526503,28.964071238949458,0.021196763872266988,0.021196763872266988,1.0
2019-07-07,33.306234670196815,29.574009639423696,0.021058448428825205,0.021058448428825205,1.0
2019-07-08,35.683824986805845,31.68517229825511,0.07138574324453884,0.07138574324453884,1.0
2019-07-09,36.4895428025868,32.40060310832754,0.022579356783609006,0.022579356783609006,1.0
2019-07-10,35.11615356511739,31.181112915281318,-0.03763788559641923,-0.03763788559641923,1.0
2019-07-11,32.94218420382588,29.250753885409416,-0.06190795803590021,-0.06190795803590021,1.0
2019-07-12,34.25708502718769,30.418309750251293,0.03991541104943175,0.03991541104943175,1.0
2019-07-13,33.003372083199984,29.305085182607797,-0.0365971869174716,-0.0365971869174716,1.0
2019-07-14,29.563585723983856,26.25075388540942,-0.1042253000858393,-0.1042253000858393,1.0
2019-07-15,31.506736291735123,27.97615917936029,0.06572783781687419,0.06572783781687419,1.0
2019-07-16,27.350865974189286,24.285986752235882,-0.13190418325353515,-0.13190418325353515,1.0
2019-07-17,28.145002213181684,24.99113379210804,0.02903514059634582,0.02903514059634582,1.0
2019-07-18,28.145002213181684,27.446764091858036,0.0,0.09826005975469032,0.0
2019-07-19,28.145002213181684,27.160648470321398,-0.0,-0.010424384476766524,0.0
2019-07-20,28.145002213181684,27.735328230109026,0.0,0.021158543413114073,0.0
2019-07-21,28.145002213181684,27.29632207015645,-0.0,-0.01582841047743566,0.0
2019-07-22,28.145002213181684,26.607361014459133,-0.0,-0.025240069117244524,0.0
2019-07-23,28.145002213181684,25.36178767494008,-0.0,-0.046813110809530434,0.0
2019-07-24,28.145002213181684,25.187762571200288,-0.0,-0.0068617049385577555,0.0
2019-07-25,28.145002213181684,25.473156524652698,0.0,0.011330659189979997,0.0
2019-07-26,28.145002213181684,25.369210546663574,-0.0,-0.004080608458889912,0.0
2019-07-27,28.145002213181684,24.433567875460707,-0.0,-0.03688103220562844,0.0
2019-07-28,28.145002213181684,24.570220881981495,0.0,0.005592838803457401,0.0
2019-07-29,28.145002213181684,24.472305987267713,-0.0,-0.003985104374278792,0.0
2019-07-30,28.145002213181684,24.71458027268744,0.0,0.009899936914231855,0.0
2019-07-31,28.145002213181684,25.998865950153352,0.0,0.05196469708551765,0.0
2019-08-01,28.145002213181684,26.820124230005927,0.0,0.03158823471097327,0.0
2019-08-02,28.145002213181684,27.14763267094513,0.0,0.01221129470283322,0.0
2019-08-03,28.145002213181684,27.889275496791154,0.0,0.02731887656045129,0.0
2019-08-04,28.145002213181684,28.293280754658625,0.0,0.014486043494172263,0.0
2019-08-05,28.145002213181684,30.463388231655454,0.0,0.07670045392807645,0.0
2019-08-06,27.30204445582783,29.55099358230882,-0.029950530860468616,-0.029950530860468616,1.0
2019-08-07,28.515379754364787,30.86427485244465,0.044441188296357126,0.044441188296357126,1.0
2019-08-08,28.529595736882875,30.879661846954818,0.0004985373731840603,0.0004985373731840603,1.0
2019-08-09,28.232179285206332,30.557746333668394,-0.010424839328937452,-0.010424839328937452,1.0
2019-08-10,26.86261105316659,29.07536276708163,-0.048510893126744836,-0.048510893126744836,1.0
2019-08-11,27.481280134912645,29.744993427665662,0.023030861762528776,0.023030861762528776,1.0
2019-08-12,27.12057041433648,29.354570994097788,-0.013125652036780955,-0.013125652036780955,1.0
2019-08-13,25.848132823320643,27.977319003067088,-0.04691780340811713,-0.04691780340811713,1.0
2019-08-14,23.873944805490737,25.8405113533854,-0.07637642654206567,-0.07637642654206567,1.0
2019-08-15,23.873944805490737,26.547101729426014,0.0,0.02734428767207997,0.0
2019-08-16,23.873944805490737,26.683110389443026,0.0,0.005123295996799948,0.0
2019-08-17,23.873944805490737,26.33518905126421,-0.0,-0.013039009811857238,0.0
2019-08-18,23.873944805490737,26.586973891079666,0.0,0.009560775862490711,0.0
2019-08-19,23.873944805490737,28.145055284930024,0.0,0.058603186667028684,0.0
2019-08-20,23.873944805490737,27.75610196139076,-0.0,-0.013819597069597012,0.0
2019-08-21,23.873944805490737,26.108920332998274,-0.0,-0.059344847150502034,0.0
2019-08-22,23.873944805490737,26.050027062553156,-0.0,-0.002255676209279356,0.0
2019-08-23,23.873944805490737,26.832779195340088,0.0,0.030048035301741827,0.0
2019-08-24,23.873944805490737,26.155210185829528,-0.0,-0.025251540460193067,0.0
2019-08-25,23.873944805490737,26.131395139049975,-0.0,-0.0009105278302239395,0.0
2019-08-26,23.873944805490737,26.70597180339699,0.0,0.021987982703931097,0.0
2019-08-27,23.873944805490737,26.216783937730355,-0.0,-0.018317545950693126,0.0
2019-08-28,23.873944805490737,25.037526740379906,-0.0,-0.04498100148940465,0.0
2019-08-29,23.873944805490737,24.47228021340756,-0.0,-0.022575972971832226,0.0
2019-08-30,23.873944805490737,24.697595298847908,0.0,0.009206951026856203,0.0
2019-08-31,23.873944805490737,24.745122296966418,0.0,0.0019243573126621616,0.0
2019-09-01,23.873944805490737,25.172092064228462,0.0,0.017254704266076226,0.0
2019-09-02,23.873944805490737,26.756514343153174,0.0,0.06294360734427418,0.0
2019-09-03,23.873944805490737,27.393695713807055,0.0,0.02381406495935945,0.0
2019-09-04,23.769180927144248,27.27348643006263,-0.0043882097910519224,-0.0043882097910519224,1.0
2019-09-05,23.753210275878303,27.255161215495242,-0.0006719058311220882,-0.0006719058311220882,1.0
2019-09-06,23.156141525807975,26.570066238820587,-0.025136339178399747,-0.025136339178399747,1.0
2019-09-07,23.55024149270102,27.022268615170496,0.01701924158883772,0.01701924158883772,1.0
2019-09-08,23.358413979605174,26.802159849480656,-0.00814545843002501,-0.00814545843002501,1.0
2019-09-09,23.15856744751926,26.5728498157169,-0.008555655031219356,-0.008555655031219356,1.0
2019-09-10,23.15856744751926,26.013582824299597,-0.0,-0.021046556741028066,0.0
2019-09-11,23.15856744751926,26.1867573906544,0.0,0.006657082475891807,0.0
2019-09-12,23.15856744751926,26.865950153354465,0.0,0.025936497313044926,0.0
2019-09-13,23.15856744751926,26.71700301554164,-0.0,-0.0055440859884954286,0.0
2019-09-14,23.15856744751926,26.70236346297585,-0.0,-0.0005479489056939846,0.0
2019-09-15,23.15856744751926,26.558571097193223,-0.0,-0.005385005188098813,0.0
2019-09-16,23.15856744751926,26.45052707544009,-0.0,-0.004068141367912337,0.0
2019-09-17,23.15856744751926,26.251681744374853,-0.0,-0.007517632087183257,0.0
2019-09-18,23.15856744751926,26.174025103739787,-0.0,-0.002958158695935964,0.0
2019-09-19,23.15856744751926,26.48266707904843,0.0,0.011791918670718493,0.0
2019-09-20,23.15856744751926,26.209051779685044,-0.0,-0.010331863423977183,0.0
2019-09-21,23.15856744751926,25.70682234078198,-0.0,-0.019162442164059934,0.0
2019-09-22,23.15856744751926,25.842934096239592,0.0,0.005294771701194856,0.0
2019-09-23,23.15856744751926,24.984509910049226,-0.0,-0.03321697849762628,0.0
2019-09-24,23.15856744751926,21.985128482692854,-0.0,-0.12004964028331677,0.0
2019-09-25,23.15856744751926,21.748885280548468,-0.0,-0.010745591154054934,0.0
2019-09-26,23.15856744751926,20.773731281734065,-0.0,-0.044836964572457894,0.0
2019-09-27,23.15856744751926,21.119075233897778,0.0,0.016624069478908154,0.0
2019-09-28,23.15856744751926,21.17959225753241,0.0,0.0028655148468572644,0.0
2019-09-29,23.15856744751926,20.754143148019278,-0.0,-0.0200876912236978,0.0
2019-09-30,23.15856744751926,21.405087759993812,0.0,0.031364562118126216,0.0
2019-10-01,23.15856744751926,21.447769272403928,0.0,0.0019939891342042326,0.0
2019-10-02,23.15856744751926,21.602927910513156,0.0,0.007234255280285096,0.0
2019-10-03,23.15856744751926,21.238717492718884,-0.0,-0.01685930811337044,0.0
2019-10-04,23.15856744751926,21.022887187814117,-0.0,-0.010162115719970166,0.0
2019-10-05,23.15856744751926,20.999587618237584,-0.0,-0.0011082954195769101,0.0
2019-10-06,23.15856744751926,20.257712827650195,-0.0,-0.035328064725570485,0.0
2019-10-07,23.15856744751926,21.157761797984485,0.0,0.04442994024013358,0.0
2019-10-08,23.15856744751926,21.083017603546484,-0.0,-0.003532708003410878,0.0
2019-10-09,23.15856744751926,22.13974586973891,0.0,0.05012224938875298,0.0
2019-10-10,23.15856744751926,22.13330240470115,-0.0,-0.00029103608847491635,0.0
2019-10-11,23.15856744751926,21.30810072424547,-0.0,-0.03728326055312958,0.0
2019-10-12,23.15856744751926,21.415577721075287,0.0,0.005043950102391115,0.0
2019-10-13,23.15856744751926,21.348411041521686,-0.0,-0.0031363468419299823,0.0
2019-10-14,23.15856744751926,21.534060156189593,0.0,0.008696156088939144,0.0
2019-10-15,23.15856744751926,21.037758705121263,-0.0,-0.023047277079593087,0.0
2019-10-16,23.15856744751926,20.602438207170287,-0.0,-0.020692341995775743,0.0
2019-10-17,23.15856744751926,20.81548493517874,0.0,0.010340850236566057,0.0
2019-10-18,23.15856744751926,20.500940745895512,-0.0,-0.015111067086005736,0.0
2019-10-19,23.15856744751926,20.529601278383463,0.0,0.0013980106007422943,0.0
2019-10-20,23.15856744751926,21.22766050671409,0.0,0.03400257115882943,0.0
2019-10-21,23.15856744751926,21.160132993118378,-0.0,-0.003181109551585015,0.0
2019-10-22,23.15856744751926,20.682801103121214,-0.0,-0.02255807608356719,0.0
2019-10-23,23.15856744751926,19.265573854996262,-0.0,-0.06852201696757021,0.0
2019-10-24,23.15856744751926,19.15222041805201,-0.0,-0.00588373010829657,0.0
2019-10-25,23.15856744751926,22.340781978916983,0.0,0.16648521640130975,0.0
2019-10-26,23.15856744751926,23.86602747493492,0.0,0.06827180433779434,0.0
2019-10-27,23.881502064365435,24.611046676460735,0.0312167243714212,0.0312167243714212,1.0
2019-10-28,23.07533467906758,23.780252068352276,-0.0337569799054126,-0.0337569799054126,1.0
2019-10-29,23.586285838763402,24.306812031237914,0.022142741017720624,0.022142741017720624,1.0
2019-10-30,22.920123572994537,23.620299492254954,-0.02824362726385876,-0.02824362726385876,1.0
2019-10-31,22.907718689234912,23.60751565762004,-0.0005412223769265534,-0.0005412223769265534,1.0
2019-11-01,23.141910889890408,23.848862084074334,0.010223287784896229,0.010223287784896229,1.0
2019-11-02,23.280465438334602,23.991649269311065,0.005987169733019826,0.005987169733019826,1.0
2019-11-03,23.025365006181033,23.72875589577051,-0.01095770326539558,-0.01095770326539558,1.0
2019-11-04,23.54059284959237,24.25972318874198,0.022376533152591804,0.022376533152591804,1.0
2019-11-05,23.314403799749538,24.02662439753602,-0.009608468711387985,-0.009608468711387985,1.0
2019-11-06,23.362372684932925,24.076058661305705,0.0020574785268110407,0.0020574785268110407,1.0
2019-11-07,23.00615744423064,23.708961571174516,-0.015247391414657807,-0.015247391414657807,1.0
2019-11-08,21.91615331339251,22.585659424211965,-0.04737879993564409,-0.04737879993564409,1.0
2019-11-09,22.02839750354008,22.701332508569806,0.00512152787683684,0.00512152787683684,1.0
2019-11-10,22.589468395200193,23.279543287198123,0.02547034533810022,0.02547034533810022,1.0
2019-11-11,21.812437480829686,22.478775226165624,-0.03439792830784849,-0.03439792830784849,1.0
2019-11-12,22.03367458110718,22.706770793061676,0.010142704155458704,0.010142704155458704,1.0
2019-11-13,21.904473715175286,22.573623031521432,-0.005863791146424546,-0.005863791146424546,1.0
2019-11-14,21.583497347895,22.24284131034305,-0.014653461729049133,-0.014653461729049133,1.0
2019-11-15,21.152027479707417,21.798190675017395,-0.019990730011587576,-0.019990730011587576,1.0
2019-11-16,21.210850638180478,21.85881079409263,0.002780970218079215,0.002780970218079215,1.0
2019-11-17,21.210850638180478,21.90780690223975,0.0,0.002241480957434261,0.0
2019-11-18,21.210850638180478,21.05425397561793,-0.0,-0.038961130633964,0.0
2019-11-19,21.210850638180478,20.93703445965102,-0.0,-0.00556749795564615,0.0
2019-11-20,21.210850638180478,20.83290806464084,-0.0,-0.004973311536113134,0.0
2019-11-21,21.210850638180478,19.630557488595066,-0.0,-0.057714005760266085,0.0
2019-11-22,21.210850638180478,18.771179669579112,-0.0,-0.04377755545227047,0.0
2019-11-23,21.210850638180478,18.890409546637798,0.0,0.006351751949394746,0.0
2019-11-24,21.210850638180478,17.80623211938452,-0.0,-0.05739300805398606,0.0
2019-11-25,21.210850638180478,18.36905590350267,0.0,0.03160824706454535,0.0
2019-11-26,21.210850638180478,18.460965488801257,0.0,0.005003500766801228,0.0
2019-11-27,21.210850638180478,19.39153070955437,0.0,0.050407180562555665,0.0
2019-11-28,21.210850638180478,19.156189592515272,-0.0,-0.012136283646919432,0.0
2019-11-29,21.210850638180478,20.00051547720302,0.0,0.04407587848356043,0.0
2019-11-30,21.210850638180478,19.474522539240702,-0.0,-0.02629896907216489,0.0
2019-12-01,21.210850638180478,19.08366195005026,-0.0,-0.020070355429914533,0.0
2019-12-02,21.210850638180478,18.827830614191086,-0.0,-0.013405778017279268,0.0
2019-12-03,21.210850638180478,18.82249542513982,-0.0,-0.00028336716855970057,0.0
2019-12-04,21.210850638180478,18.554576148869817,-0.0,-0.014233993432781866,0.0
2019-12-05,21.210850638180478,19.056006598108198,0.0,0.027024624287573795,0.0
2019-12-06,21.210850638180478,19.433696744761463,0.0,0.01982000503141923,0.0
2019-12-07,21.210850638180478,19.33603958864919,-0.0,-0.005025145621797122,0.0
2019-12-08,21.210850638180478,19.381942833578183,0.0,0.0023739734664145473,0.0
2019-12-09,21.210850638180478,18.91159565968195,-0.0,-0.02426728723404248,0.0
2019-12-10,21.210850638180478,18.607103275857625,-0.0,-0.01610082984554706,0.0
2019-12-11,21.210850638180478,18.560349493543647,-0.0,-0.0025126846248357815,0.0
2019-12-12,21.210850638180478,18.52086393979226,-0.0,-0.0021274143444939275,0.0
2019-12-13,21.210850638180478,18.68579087089873,0.0,0.008904926446337225,0.0
2019-12-14,21.210850638180478,18.203845459934534,-0.0,-0.025792079890757047,0.0
2019-12-15,21.210850638180478,18.32779195340086,0.0,0.006808808267413813,0.0
2019-12-16,21.210850638180478,17.7247609474471,-0.0,-0.03290254535227122,0.0
2019-12-17,21.210850638180478,17.053583855254,-0.0,-0.037866637196580455,0.0
2019-12-18,21.210850638180478,18.77762313461687,0.0,0.10109542334303612,0.0
2019-12-19,21.210850638180478,18.426041908296604,-0.0,-0.01872341476872652,0.0
2019-12-20,21.210850638180478,18.531405448594036,0.0,0.005718186294257244,0.0
2019-12-21,21.210850638180478,18.41029407974432,-0.0,-0.006535465924895623,0.0
2019-12-22,21.210850638180478,19.364055774633368,0.0,0.05180589135392499,0.0
2019-12-23,21.210850638180478,18.842727905358384,-0.0,-0.02692245236960711,0.0
2019-12-24,21.210850638180478,18.698961313435913,-0.0,-0.007629818391719612,0.0
2019-12-25,21.210850638180478,18.536869506946054,-0.0,-0.008668492531368033,0.0
2019-12-26,21.210850638180478,18.542050052836412,0.0,0.0002794725338286508,0.0
2019-12-27,21.210850638180478,18.675300909817263,0.0,0.00718641447958257,0.0
2019-12-28,21.210850638180478,18.821799530915744,0.0,0.007844511946871524,0.0
2019-12-29,21.210850638180478,19.033712209077553,0.0,0.011258895718962991,0.0
2019-12-30,21.210850638180478,18.603572257016932,-0.0,-0.0225988471053733,0.0
2019-12-31,21.210850638180478,18.468826516147324,-0.0,-0.007243003602105835,0.0
2020-01-01,21.210850638180478,18.491017809737365,0.0,0.0012015540657464019,0.0
2020-01-02,21.210850638180478,17.899997422613986,-0.0,-0.031962566539314397,0.0
2020-01-03,21.210850638180478,18.90370885847573,0.0,0.056073272647162886,0.0
2020-01-04,21.210850638180478,18.9402561921699,0.0,0.0019333419683820185,0.0
2020-01-05,21.210850638180478,18.95770509549215,0.0,0.0009212601532528897,0.0
2020-01-06,21.210850638180478,20.01244877445295,0.0,0.05563667509584791,0.0
2020-01-07,21.210850638180478,21.027655351942062,0.0,0.05072875333402882,0.0
2020-01-08,21.210850638180478,20.736384958375215,-0.0,-0.01385177703799223,0.0
2020-01-09,21.210850638180478,20.139127297095285,-0.0,-0.028802400345037227,0.0
2020-01-10,21.210850638180478,21.129642516559706,0.0,0.04918362175541158,0.0
2020-01-11,21.210850638180478,20.670635841129926,-0.0,-0.021723352634577142,0.0
2020-01-12,21.210850638180478,21.085105286218717,0.0,0.02005112219451366,0.0
2020-01-13,21.210850638180478,20.88842495940617,-0.0,-0.009327927185694418,0.0
2020-01-14,21.210850638180478,22.721436119487617,0.0,0.08775248318835227,0.0
2020-01-15,21.210850638180478,22.703703703703702,-0.0,-0.000780426716456839,0.0
2020-01-16,21.210850638180478,22.46130054898322,-0.0,-0.010676811056203883,0.0
2020-01-17,21.210850638180478,22.937240650532228,0.0,0.021189338547475733,0.0
2020-01-18,21.210850638180478,22.962756772081754,0.0,0.001112432046133316,0.0
2020-01-19,21.210850638180478,22.416892187942988,-0.0,-0.023771735665572558,0.0
2020-01-20,21.210850638180478,22.239980411866284,-0.0,-0.007891895745113953,0.0
2020-01-21,21.210850638180478,22.480038145313024,0.0,0.010793972341749836,0.0
2020-01-22,21.210850638180478,22.32114229748189,-0.0,-0.007068308639158749,0.0
2020-01-23,21.210850638180478,21.61194876156602,-0.0,-0.0317722778908085,0.0
2020-01-24,21.210850638180478,21.72030206964097,0.0,0.0050135834241678,0.0
2020-01-25,21.210850638180478,21.461403644423825,-0.0,-0.011919651227089267,0.0
2020-01-26,21.210850638180478,22.152632799814427,0.0,0.032208012432132005,0.0
2020-01-27,21.210850638180478,22.92832289491997,0.0,0.03501570680628263,0.0
2020-01-28,21.210850638180478,24.213252918889662,0.0,0.05604116924986191,0.0
2020-01-29,20.971388951163032,23.93989535812779,-0.011289584331257596,-0.011289584331257596,1.0
2020-01-30,21.456001967393703,24.493105492409597,0.02310829375008061,0.02310829375008061,1.0
2020-01-31,21.076466708223112,24.0598469032707,-0.017689001881495248,-0.017689001881495248,1.0
2020-02-01,21.178519020623536,24.17634475115338,0.004842002875207196,0.004842002875207196,1.0
2020-02-02,21.050547227109025,24.030258511817316,-0.0060425279685464295,-0.0060425279685464295,1.0
2020-02-03,20.953439484712074,23.919405139307713,-0.004613074489194013,-0.004613074489194013,1.0
2020-02-04,20.69117407302108,23.620015979793294,-0.012516580482280548,-0.012516580482280548,1.0
2020-02-05,21.70603013277474,24.778525219722155,0.04904777545112404,0.04904777545112404,1.0
2020-02-06,22.042870497531794,25.163045439315447,0.015518285135357246,0.015518285135357246,1.0
2020-02-07,22.14456156280867,25.279130905435704,0.004613331339412552,0.004613331339412552,1.0
2020-02-08,22.36489973022365,25.530658006649652,0.009949990059186176,0.009949990059186176,1.0
2020-02-09,22.958044929133273,26.20776308667749,0.026521254558009577,0.026521254558009577,1.0
2020-02-10,22.24329491726156,25.391839995876182,-0.03113287799888864,-0.03113287799888864,1.0
2020-02-11,23.187572320253334,26.469780148972912,0.042452226907218726,0.042452226907218726,1.0
2020-02-12,23.37072461188878,26.678857702518105,0.007898726486147423,0.007898726486147423,1.0
2020-02-13,23.111891047871428,26.383386169746643,-0.011075119334797212,-0.011075119334797212,1.0
2020-02-14,23.416332061235874,26.730920900023197,0.013172483927596401,0.013172483927596401,1.0
2020-02-15,22.37749822365716,25.54503982061393,-0.044363644778442124,-0.044363644778442124,1.0
2020-02-16,22.399579454083625,25.570246655841643,0.0009867604593583046,0.0009867604593583046,1.0
2020-02-17,21.900606864692183,25.000644346503776,-0.022275980243927074,-0.022275980243927074,1.0
2020-02-18,23.002500903274083,26.25851181731488,0.05031340206185586,0.05031340206185586,1.0
2020-02-19,21.675008036040637,24.743111935874634,-0.05771080600390266,-0.05771080600390266,1.0
2020-02-20,21.697518247426306,24.768808474445215,0.001038533012224896,0.001038533012224896,1.0
2020-02-21,21.89080803646613,24.989458491198224,0.008908382370539147,0.008908382370539147,1.0
2020-02-22,21.828876732724016,24.918760792803937,-0.0028291008554343078,-0.0028291008554343078,1.0
2020-02-23,22.498944991002713,25.68367741436635,0.03069641495909803,0.03069641495909803,1.0
2020-02-24,21.81029508380686,24.897548905899637,-0.030608097733971218,-0.030608097733971218,1.0
2020-02-25,21.00877802844957,23.9825768705379,-0.03674948240165632,-0.03674948240165632,1.0
2020-02-26,19.819597653642003,22.625067656382893,-0.05660397635679748,-0.05660397635679748,1.0
2020-02-27,19.89679164835374,22.713188484239282,0.003894831573311608,0.003894831573311608,1.0
2020-02-28,19.89679164835374,22.446171293074563,-0.0,-0.011756041708983589,0.0
2020-02-29,19.89679164835374,21.97239619577824,-0.0,-0.021107167503550905,0.0
2020-03-01,19.89679164835374,21.965282610376555,-0.0,-0.00032375100732318085,0.0
2020-03-02,19.89679164835374,22.977396324647543,0.0,0.04607788263980073,0.0
2020-03-03,19.89679164835374,22.57233433851388,-0.0,-0.017628715647784565,0.0
2020-03-04,19.89679164835374,22.57960256707647,0.0,0.0003219972047900921,0.0
2020-03-05,19.89679164835374,23.37732931261115,0.0,0.03532952996692029,0.0
2020-03-06,19.89679164835374,23.605015593185392,0.0,0.009739618992808285,0.0
2020-03-07,19.89679164835374,22.942266553261682,-0.0,-0.028076619450106977,0.0
2020-03-08,19.89679164835374,20.716410216758163,-0.0,-0.09701989693721313,0.0
2020-03-09,19.89679164835374,20.45032088455888,-0.0,-0.012844374552113957,0.0
2020-03-10,19.89679164835374,20.347637825717158,-0.0,-0.005021097684548059,0.0
2020-03-11,19.89679164835374,20.459419057192196,0.0,0.005493572887058207,0.0
2020-03-12,19.89679164835374,12.518621613959123,-0.0,-0.3881242874509483,0.0
2020-03-13,19.89679164835374,14.530271398747391,0.0,0.16069259434642058,0.0
2020-03-14,19.89679164835374,13.31284311451326,-0.0,-0.08378565346956157,0.0
2020-03-15,19.89679164835374,13.777030335833398,0.0,0.03486762499395013,0.0
2020-03-16,19.89679164835374,12.983865563545452,-0.0,-0.05757153413714733,0.0
2020-03-17,19.89679164835374,13.741874790587387,0.0,0.05838085917726876,0.0
2020-03-18,19.89679164835374,13.953040026804816,0.0,0.015366552194324257,0.0
2020-03-19,19.89679164835374,15.944380009794067,0.0,0.14271728448880983,0.0
2020-03-20,19.89679164835374,15.99551534833372,0.0,0.003207107363738304,0.0
2020-03-21,19.89679164835374,15.976648882703161,-0.0,-0.0011794847005366371,0.0
2020-03-22,19.89679164835374,14.995876182375834,-0.0,-0.06138788600337486,0.0
2020-03-23,19.89679164835374,16.728858991211112,0.0,0.11556395823486443,0.0
2020-03-24,19.89679164835374,17.440243305239825,0.0,0.042524377448722284,0.0
2020-03-25,19.89679164835374,17.245186731616794,-0.0,-0.01118428052918441,0.0
2020-03-26,19.89679164835374,17.418438619552052,0.0,0.010046390951373274,0.0
2020-03-27,19.89679164835374,16.424031547204823,-0.0,-0.0570893347025383,0.0
2020-03-28,19.89679164835374,16.11335343694425,-0.0,-0.01891606877200913,0.0
2020-03-29,19.89679164835374,15.147838861826335,-0.0,-0.05992015125195538,0.0
2020-03-30,19.89679164835374,16.511765767158945,0.0,0.09004102286629201,0.0
2020-03-31,19.89679164835374,16.558029846130054,0.0,0.0028018856143856574,0.0
2020-04-01,19.89679164835374,17.18113868914147,0.0,0.03763182267466747,0.0
2020-04-02,19.89679164835374,17.537874687491946,0.0,0.02076323373001654,0.0
2020-04-03,19.89679164835374,17.376710739967525,-0.0,-0.009189479933926381,0.0
2020-04-04,19.89679164835374,17.718936055052968,0.0,0.019694481896294747,0.0
2020-04-05,19.89679164835374,17.470166756875177,-0.0,-0.014039742420473789,0.0
2020-04-06,19.89679164835374,18.922034073043122,0.0,0.0831055213366283,0.0
2020-04-07,19.89679164835374,18.557205082605222,-0.0,-0.019280643351004434,0.0
2020-04-08,19.89679164835374,18.995618443774323,0.0,0.023624967187545476,0.0
2020-04-09,19.89679164835374,18.79749478079332,-0.0,-0.010429966445548278,0.0
2020-04-10,19.89679164835374,17.71156473104977,-0.0,-0.05776993489861848,0.0
2020-04-11,19.89679164835374,17.757287558957703,0.0,0.002581523914021,0.0
2020-04-12,19.89679164835374,17.804917652516817,0.0,0.002682284296009252,0.0
2020-04-13,19.89679164835374,17.683986700688163,-0.0,-0.0067919972554078,0.0
2020-04-14,19.89679164835374,17.725637258692235,0.0,0.0023552696973274667,0.0
2020-04-15,19.89679164835374,17.072914250367276,-0.0,-0.036823669513200485,0.0
2020-04-16,19.89679164835374,18.33201886646563,0.0,0.07374866397347879,0.0
2020-04-17,19.89679164835374,18.13825098585015,-0.0,-0.010569914968281857,0.0
2020-04-18,19.89679164835374,18.716358669037863,0.0,0.0318722948336474,0.0
2020-04-19,19.89679164835374,18.37859223175855,-0.0,-0.018046589256598966,0.0
2020-04-20,19.89679164835374,17.62465527462048,-0.0,-0.04102256297058782,0.0
2020-04-21,19.89679164835374,17.664578983994435,0.0,0.002265219305108701,0.0
2020-04-22,19.89679164835374,18.394391608031135,0.0,0.041315030757199,0.0
2020-04-23,19.89679164835374,19.301605711487408,0.0,0.049320147292078786,0.0
2020-04-24,19.89679164835374,19.36812804453723,0.0,0.0034464662704321025,0.0
2020-04-25,19.89679164835374,19.45310446145519,0.0,0.004387435725463851,0.0
2020-04-26,19.89679164835374,19.86236758679347,0.0,0.021038447932524296,0.0
2020-04-27,19.89679164835374,20.077244258872653,0.0,0.0108182809093742,0.0
2020-04-28,19.89679164835374,19.987654320987655,-0.0,-0.004462262685547835,0.0
2020-04-29,19.89679164835374,22.664888270316244,0.0,0.13394437918197388,0.0
2020-04-30,19.51334780691562,22.22809866233666,-0.01927164179104468,-0.01927164179104468,1.0
2020-05-01,19.977498804924803,22.756823629474987,0.023786333467837206,0.023786333467837206,1.0
2020-05-02,20.330827360297302,23.159308229593545,0.017686325942134262,0.017686325942134262,1.0
2020-05-03,20.159706467348904,22.96438052527127,-0.00841681894769164,-0.00841681894769164,1.0
2020-05-04,20.099928416420745,22.896285986752236,-0.0029652242717411736,-0.0029652242717411736,1.0
2020-05-05,20.428594566224852,23.270677079306168,0.016351607975658267,0.016351607975658267,1.0
2020-05-06,20.71594553018686,23.598005103224313,0.014066115171578852,0.014066115171578852,1.0
2020-05-07,22.636852785182665,25.786154282326866,0.09272602364187033,0.09272602364187033,1.0
2020-05-08,22.19616501155368,25.284156808165157,-0.01946771390046953,-0.01946771390046953,1.0
2020-05-09,21.578948716599374,24.581071677105076,-0.02780733944954139,-0.02780733944954139,1.0
2020-05-10,19.752233750026708,22.500219077811284,-0.08465263950358637,-0.08465263950358637,1.0
2020-05-11,19.39596380683412,22.09438387587309,-0.018036944464172477,-0.018036944464172477,1.0
2020-05-12,19.959397956801205,22.73620454135416,0.029049041108674345,0.029049041108674345,1.0
2020-05-13,21.090338947563183,24.02448516714348,0.056662079347769456,0.056662079347769456,1.0
2020-05-14,22.162995207367196,25.246372329183743,0.05086007685656235,0.05086007685656235,1.0
2020-05-15,21.069613476461672,24.000876311245136,-0.04933366274167106,-0.04933366274167106,1.0
2020-05-16,21.230394259919468,24.184025361478387,0.007630931798412677,0.007630931798412677,1.0
2020-05-17,21.894401247273255,24.940410835330805,0.03127624382404215,0.03127624382404215,1.0
2020-05-18,22.0118078734149,25.07415139565453,0.005362404060091253,0.005362404060091253,1.0
2020-05-19,22.136794229708297,25.216526199128843,0.005678150427814277,0.005678150427814277,1.0
2020-05-20,21.516048269369893,24.509420345885204,-0.028041366509399257,-0.028041366509399257,1.0
2020-05-21,20.503645207757284,23.35616897342715,-0.047053392376603886,-0.047053392376603886,1.0
2020-05-22,20.745472538688464,23.63163999072141,0.011794357953467172,0.011794357953467172,1.0
2020-05-23,20.774705408408064,23.664939818036547,0.0014091204558046577,0.0014091204558046577,1.0
2020-05-24,19.720263127028414,22.46380061341787,-0.05075606419684253,-0.05075606419684253,1.0
2020-05-25,20.13563233934452,22.936957138070568,0.021063066432760014,0.021063066432760014,1.0
2020-05-26,20.011437895156533,22.795484419701538,-0.00616789391537087,-0.00616789391537087,1.0
2020-05-27,20.835275371441632,23.73393644166087,0.0411683298622183,0.0411683298622183,1.0
2020-05-28,21.67619552314337,24.69184772803423,0.040360404972346275,0.040360404972346275,1.0
2020-05-29,21.322437072627935,24.2888734245728,-0.0163201356131768,-0.0163201356131768,1.0
2020-05-30,21.9480250098394,25.00149488388876,0.029339420024109053,0.029339420024109053,1.0
2020-05-31,21.37386610735909,24.347457408696098,-0.02615993476510592,-0.02615993476510592,1.0
2020-06-01,23.098854307477172,26.31243073275084,0.08070548357763707,0.08070548357763707,1.0
2020-06-02,21.545575277871503,24.5430552333823,-0.06724485158135596,-0.06724485158135596,1.0
2020-06-03,21.87503333978102,24.91834841104152,0.015291216765415783,0.015291216765415783,1.0
2020-06-04,22.14645555739427,25.227531637413335,0.01240785389431398,0.01240785389431398,1.0
2020-06-05,21.75090677377349,24.776953014252943,-0.017860590946288668,-0.017860590946288668,1.0
2020-06-06,21.8832465996171,24.927704322276348,0.0060843360334374985,0.0060843360334374985,1.0
2020-06-07,22.060680163348604,25.129822933580765,0.008108191941437415,0.008108191941437415,1.0
2020-06-08,22.131703366173543,25.21072708059486,0.003219447555517174,0.003219447555517174,1.0
2020-06-09,22.1269518935411,25.205314569963143,-0.00021469077882663168,-0.00021469077882663168,1.0
2020-06-10,22.38631442109201,25.500760328874456,0.011721566024944341,0.011721566024944341,1.0
2020-06-11,20.97019456814285,23.88762596974149,-0.06325828478558815,-0.06325828478558815,1.0
2020-06-12,21.413687973230992,24.392819402561923,0.02114875012947559,0.02114875012947559,1.0
2020-06-13,21.438191996378304,24.420732493105493,0.0011443158776733853,0.0011443158776733853,1.0
2020-06-14,21.09880109406097,24.03412459083997,-0.0158311345646438,-0.0158311345646438,1.0
2020-06-15,21.34209911890219,24.311270909044048,0.011531367292225259,0.011531367292225259,1.0
2020-06-16,21.554150554670063,24.552823526379544,0.009935828457476426,0.009935828457476426,1.0
2020-06-17,21.398619017168105,24.375654011701332,-0.007215850938197099,-0.007215850938197099,1.0
2020-06-18,21.214510765691024,24.16593211165236,-0.008603744537410085,-0.008603744537410085,1.0
2020-06-19,21.046557521164253,23.97461274775123,-0.007916903971143752,-0.007916903971143752,1.0
2020-06-20,21.168353602975866,24.11335343694425,0.005786983533489387,0.005786983533489387,1.0
2020-06-21,21.168353602975866,23.933967370293047,-0.0,-0.0074392832635366,0.0
2020-06-22,21.168353602975866,24.976777752003915,0.0,0.04357031016116486,0.0
2020-06-23,21.021606296263695,24.803628959509265,-0.00693239112802535,-0.00693239112802535,1.0
2020-06-24,20.28404708055418,23.933374571509574,-0.03508576867604085,-0.03508576867604085,1.0
2020-06-25,20.191428953066893,23.82409340446919,-0.0045660576077088955,-0.0045660576077088955,1.0
2020-06-26,20.191428953066893,23.59705147039872,-0.0,-0.009529929647936752,0.0
2020-06-27,20.191428953066893,23.20281450552849,-0.0,-0.01670704347807106,0.0
2020-06-28,20.191428953066893,23.488337328281656,0.0,0.012305525378618842,0.0
2020-06-29,20.191428953066893,23.671872986417178,0.0,0.007813905921494557,0.0
2020-06-30,20.191428953066893,23.547514111188434,-0.0,-0.005253444680955344,0.0
2020-07-01,20.191428953066893,23.814969457975717,0.0,0.011358113876666298,0.0
2020-07-02,20.191428953066893,23.432382277893762,-0.0,-0.016064987223984306,0.0
2020-07-03,20.191428953066893,23.361091780716,-0.0,-0.003042392204612443,0.0
2020-07-04,20.191428953066893,23.55346787288332,0.0,0.008234893042375901,0.0
2020-07-05,20.191428953066893,23.388205881594885,-0.0,-0.007016461107992478,0.0
2020-07-06,20.191428953066893,24.08131652877651,0.0,0.02963504984908072,0.0
2020-07-07,20.191428953066893,23.85097554060672,-0.0,-0.00956513269922532,0.0
2020-07-08,20.191428953066893,24.318358720585582,0.0,0.019595977497152584,0.0
2020-07-09,19.76700422966051,23.80718575221011,-0.02102004392026524,-0.02102004392026524,1.0
2020-07-10,19.88277782687871,23.946622335627204,0.005856911642912355,0.005856911642912355,1.0
2020-07-11,19.88277782687871,23.802159849480656,-0.0,-0.006032687371179679,0.0
2020-07-12,19.88277782687871,23.978375731333283,0.0,0.007403356794802418,0.0
2020-07-13,19.88277782687871,23.807108430629654,-0.0,-0.007142573067608904,0.0
2020-07-14,19.88277782687871,23.85870769865203,0.0,0.00216738912971004,0.0
2020-07-15,19.88277782687871,23.686589860563416,-0.0,-0.0072140469744862434,0.0
2020-07-16,19.88277782687871,23.531817830356452,-0.0,-0.00653416262611306,0.0
2020-07-17,19.88277782687871,23.594139024201656,0.0,0.0026483799209429115,0.0
2020-07-18,19.88277782687871,23.649707466687286,0.0,0.002355179921107897,0.0
2020-07-19,19.88277782687871,23.745122296966418,0.0,0.004034503615468976,0.0
2020-07-20,19.88277782687871,23.61156215366375,-0.0,-0.0056247401732577584,0.0
2020-07-21,19.88277782687871,24.212325059924222,0.0,0.02544358998149776,0.0
2020-07-22,20.183406704299088,24.578416969509522,0.015120064210241813,0.015120064210241813,1.0
2020-07-23,20.346504854777926,24.7770303358334,0.008080803843887097,0.008080803843887097,1.0
2020-07-24,20.215217828120746,24.617155081316525,-0.0064525591787992775,-0.0064525591787992775,1.0
2020-07-25,20.554113180504235,25.029846130054896,0.016764368074830394,0.016764368074830394,1.0
2020-07-26,21.040211703998587,25.621794376143715,0.02364969576772702,0.02364969576772702,1.0
2020-07-27,23.38511271486038,28.47730611613701,0.11144854642390101,0.11144854642390101,1.0
2020-07-28,23.142391511941703,28.181731487924946,-0.010379304383871357,-0.010379304383871357,1.0
2020-07-29,23.514664204489367,28.6350679141215,0.01608618073700674,0.01608618073700674,1.0
2020-07-30,23.527003449458114,28.650094074589553,0.0005247468074152106,0.0005247468074152106,1.0
2020-07-31,24.02580102437828,29.25750663676899,0.021201066935349733,0.021201066935349733,1.0
2020-08-01,24.99611437873882,30.439109255393177,0.04038630609551763,0.04038630609551763,1.0
2020-08-02,23.426659778108494,28.5279002036135,-0.06278794283183753,-0.06278794283183753,1.0
2020-08-03,23.775015923804208,28.952112167839374,0.01487007319845235,0.01487007319845235,1.0
2020-08-04,23.698631129477956,28.859094306554294,-0.003212817798779022,-0.003212817798779022,1.0
2020-08-05,24.88326214173477,30.30168303306786,0.04998731807692014,0.04998731807692014,1.0
2020-08-06,24.919539098641174,30.345859429366733,0.0014578858953366858,0.0014578858953366858,1.0
2020-08-07,24.565299059118164,29.914482332018867,-0.014215352784848423,-0.014215352784848423,1.0
2020-08-08,24.92184609298353,30.348668780123198,0.014514255780371688,0.014514255780371688,1.0
2020-08-09,24.738768101594747,30.125724889816745,-0.007346084664262675,-0.007346084664262675,1.0
2020-08-10,25.185880537211858,30.670197685507357,0.018073350854858727,0.018073350854858727,1.0
2020-08-11,24.103921355732727,29.35263795458646,-0.04295895789232185,-0.04295895789232185,1.0
2020-08-12,24.480490560679456,29.81120647439367,0.015622736209150778,0.015622736209150778,1.0
2020-08-13,24.966229277716746,30.40271656485992,0.019841870236762427,0.019841870236762427,1.0
2020-08-14,24.930354457438828,30.359029871903914,-0.0014369338628936745,-0.0014369338628936745,1.0
2020-08-15,25.100183105173347,30.565839325755817,0.006812123270226733,0.006812123270226733,1.0
2020-08-16,25.226327016003076,30.719451532255984,0.0050256171559055485,0.0050256171559055485,1.0
2020-08-17,26.042071749425784,31.71282765019717,0.03233703951055644,0.03233703951055644,1.0
2020-08-18,25.29227742307446,30.79976288048661,-0.028791654272585232,-0.028791654272585232,1.0
2020-08-19,24.887749139905235,30.307147091419882,-0.0159941422594142,-0.0159941422594142,1.0
2020-08-20,25.110807978199613,30.578777803551638,0.008962595895694037,0.008962595895694037,1.0
2020-08-21,24.401692946582298,29.715250393051363,-0.02823943507643978,-0.02823943507643978,1.0
2020-08-22,24.705856393316193,30.08564653728189,0.01246485018067145,0.01246485018067145,1.0
2020-08-23,24.657346016869592,30.026572849815718,-0.001963517300283657,-0.001963517300283657,1.0
2020-08-24,24.87712426687897,30.29420861362406,0.008913297070131332,0.008913297070131332,1.0
2020-08-25,23.96929024553342,29.188690430165725,-0.03649272366075795,-0.03649272366075795,1.0
2020-08-26,24.26210920632692,29.545271785355293,0.012216421837858427,0.012216421837858427,1.0
2020-08-27,23.980169099588192,29.201938194283358,-0.011620593425785253,-0.011620593425785253,1.0
2020-08-28,24.413926366122492,29.730147684218664,0.01808816546426062,0.01808816546426062,1.0
2020-08-29,24.28547546095041,29.573726126962033,-0.005261378413524143,-0.005261378413524143,1.0
2020-08-30,24.797035582553512,30.196680326812547,0.021064447448256196,0.021064447448256196,1.0
2020-08-31,24.667907394638718,30.039434006031083,-0.005207404227207113,-0.005207404227207113,1.0
2020-09-01,25.237713832114878,30.73331786901724,0.02309909909909913,0.02309909909909913,1.0
2020-09-02,24.118631090300955,29.370550787391426,-0.04434168440367592,-0.04434168440367592,1.0
2020-09-03,21.530225768349233,26.218510786360472,-0.1073197443196775,-0.1073197443196775,1.0
2020-09-04,22.223445820598567,27.062682027887313,0.03219752824275579,0.03219752824275579,1.0
2020-09-05,22.223445820598567,26.207788860537644,-0.0,-0.03158937338393619,0.0
2020-09-06,22.223445820598567,26.438464908889404,0.0,0.008801812681691112,0.0
2020-09-07,22.223445820598567,26.740379906698625,0.0,0.011419535848607776,0.0
2020-09-08,22.223445820598567,26.097811799273178,-0.0,-0.024029879518072228,0.0
2020-09-09,22.223445820598567,26.352637954586456,0.0,0.009764272854491773,0.0
2020-09-10,22.223445820598567,26.658496352998785,0.0,0.011606367413365515,0.0
2020-09-11,22.223445820598567,26.790406969251784,0.0,0.004948164161485469,0.0
2020-09-12,22.223445820598567,26.924714554498827,0.0,0.005013271556538523,0.0
2020-09-13,22.223445820598567,26.64182066548107,-0.0,-0.010506848213567843,0.0
2020-09-14,22.223445820598567,27.526353772004434,0.0,0.033200925628533495,0.0
2020-09-15,22.223445820598567,27.793886440372173,0.0,0.009719146625218222,0.0
2020-09-16,22.223445820598567,28.247145544988275,0.0,0.016307870638692545,0.0
2020-09-17,22.223445820598567,28.20590736874662,-0.0,-0.0014599059638070733,0.0
2020-09-18,22.223445820598567,28.190211087914637,-0.0,-0.0005564891292727525,0.0
2020-09-19,22.223445820598567,28.557437047346582,0.0,0.013026719036856482,0.0
2020-09-20,22.223445820598567,28.147349158483465,-0.0,-0.014360108303249186,0.0
2020-09-21,22.223445820598567,26.848166189850254,-0.0,-0.04615649457141313,0.0
2020-09-22,22.223445820598567,27.14278718523673,0.0,0.010973598468630552,0.0
2020-09-23,22.223445820598567,26.37980360318565,-0.0,-0.028109993894292362,0.0
2020-09-24,22.223445820598567,27.68115157607155,0.0,0.049331222948481246,0.0
2020-09-25,22.223445820598567,27.55362251604423,-0.0,-0.004607072060454298,0.0
2020-09-26,22.223445820598567,27.65535194206036,0.0,0.003692052685881686,0.0
2020-09-27,22.223445820598567,27.77958194798835,0.0,0.004492078285181833,0.0
2020-09-28,22.223445820598567,27.566560993840046,-0.0,-0.007668256295114362,0.0
2020-09-29,22.223445820598567,27.94074589551277,0.0,0.013573869506477099,0.0
2020-09-30,22.223445820598567,27.783267609989945,-0.0,-0.005636151808964929,0.0
2020-10-01,22.223445820598567,27.36573107554318,-0.0,-0.01502834512872886,0.0
2020-10-02,22.223445820598567,27.25101162401093,-0.0,-0.004192084297531373,0.0
2020-10-03,22.223445820598567,27.195675146266655,-0.0,-0.0020306210465785846,0.0
2020-10-04,22.223445820598567,27.503569679630917,0.0,0.011321452095170104,0.0
2020-10-05,22.223445820598567,27.822882033042088,0.0,0.01160985127132963,0.0
2020-10-06,22.223445820598567,27.327147606897086,-0.0,-0.01781750810560445,0.0
2020-10-07,22.223445820598567,27.50192015258125,0.0,0.006395564886547245,0.0
2020-10-08,22.223445820598567,28.17879326786773,0.0,0.024611849337470737,0.0
2020-10-09,22.475457174464474,28.498337586020256,0.011339886527962362,0.011339886527962362,1.0
2020-10-10,22.968239175736553,29.123173277661795,0.021925338267732908,0.021925338267732908,1.0
2020-10-11,23.119693974708554,29.315214309647157,0.006594097083941763,0.006594097083941763,1.0
2020-10-12,23.447869753718475,29.73133328178561,0.014194641995215251,0.014194641995215251,1.0
2020-10-13,23.22988542085366,29.454934405525915,-0.009296551676309384,-0.009296551676309384,1.0
2020-10-14,23.2288284285645,29.453594164798062,-4.5501399167924284e-05,-4.5501399167924284e-05,1.0
2020-10-15,23.39477621796289,29.66401195907111,0.007144044733410793,0.007144044733410793,1.0
2020-10-16,23.028101527497725,29.199077295806593,-0.015673357464459303,-0.015673357464459303,1.0
2020-10-17,23.1072539885361,29.29944070723472,0.003437211745130675,0.003437211745130675,1.0
2020-10-18,23.40465503051159,29.676538055104515,0.012870462328541388,0.012870462328541388,1.0
2020-10-19,23.905201859754047,30.311219361323747,0.02138663563252341,0.02138663563252341,1.0
2020-10-20,24.237300706298747,30.732312688471353,0.013892325548767293,0.013892325548767293,1.0
2020-10-21,26.03453315304515,33.0111600814454,0.07415151004333342,0.07415151004333342,1.0
2020-10-22,26.39842307536387,33.47256372586922,0.013977201748907042,0.013977201748907042,1.0
2020-10-23,26.29693148882955,33.34387484213511,-0.003844607923911725,-0.003844607923911725,1.0
2020-10-24,26.68141243401213,33.83138740689193,0.014620753198748782,0.014620753198748782,1.0
2020-10-25,26.5162777156054,33.62200056702492,-0.006189129560331019,-0.006189129560331019,1.0
2020-10-26,26.564635112834555,33.68331658032424,0.0018236872364891799,0.0018236872364891799,1.0
2020-10-27,27.84398199144129,35.305497564370214,0.048159776077203675,0.048159776077203675,1.0
2020-10-28,26.996091234560453,34.2303925358901,-0.030451490635982403,-0.030451490635982403,1.0
2020-10-29,27.359838869455633,34.691615763292866,0.013474085256813373,0.013474085256813373,1.0
2020-10-30,27.58650273515645,34.979020077837056,0.00828454680534918,0.00828454680534918,1.0
2020-10-31,28.060726391043822,35.580324235160695,0.01719042317325048,0.01719042317325048,1.0
2020-11-01,27.993200845186223,35.49470347173896,-0.002406407621691198,-0.002406407621691198,1.0
2020-11-02,27.569651838854238,34.95765354777185,-0.015130424301043055,-0.015130424301043055,1.0
2020-11-03,28.530254561954337,36.17567463078945,0.034842758577977806,0.034842758577977806,1.0
2020-11-04,28.785721467534813,36.499600505167656,0.008954245572037278,0.008954245572037278,1.0
2020-11-05,31.726456956955875,40.22838217479832,0.10215952005016415,0.10215952005016415,1.0
2020-11-06,31.70966704097804,40.20709296631357,-0.0005292086664645534,-0.0005292086664645534,1.0
2020-11-07,30.15292066679072,38.23317611278641,-0.04909374709534331,-0.04909374709534331,1.0
2020-11-08,31.471742142042686,39.9054099332457,0.04373776888235126,0.04373776888235126,1.0
2020-11-09,31.18584605459923,39.54290059022139,-0.009084215489346237,-0.009084215489346237,1.0
2020-11-10,31.130516573616575,39.472744142890285,-0.0017741856637715214,-0.0017741856637715214,1.0
2020-11-11,31.92480562537203,40.47988350215212,0.025514804737568175,0.025514804737568175,1.0
2020-11-12,33.15461615381171,42.03925358901002,0.038522099174890245,0.038522099174890245,1.0
2020-11-13,33.213055631337475,42.11335343694425,0.0017626347189378944,0.0017626347189378944,1.0
2020-11-14,32.68953954658055,41.44954766875435,-0.015762358349918792,-0.015762358349918792,1.0
2020-11-15,32.45553771517997,41.152838990695635,-0.0071583091914506625,-0.0071583091914506625,1.0
2020-11-16,33.999864429969634,43.11100801567051,0.0475828417431321,0.0475828417431321,1.0
2020-11-17,35.93643691791226,45.5665352199799,0.05695824146391626,0.05695824146391626,1.0
2020-11-18,36.146920670878984,45.833423541843864,0.005857112474659587,0.005857112474659587,1.0
2020-11-19,36.225524308998,45.93309105904792,0.0021745597317874843,0.0021745597317874843,1.0
2020-11-20,37.960760092630096,48.1333281785613,0.04790091563149823,0.04790091563149823,1.0
2020-11-21,38.05418194957216,48.25178483981546,0.0024610112314427113,0.0024610112314427113,1.0
2020-11-22,37.477816250357144,47.520967035232864,-0.015145922726148564,-0.015145922726148564,1.0
2020-11-23,37.370409572358476,47.384777958194796,-0.002865873435132227,-0.002865873435132227,1.0
2020-11-24,38.97220007948392,49.41580968581665,0.0428625355048351,0.0428625355048351,1.0
2020-11-25,38.05564547735715,48.25364055774633,-0.02351816423649289,-0.02351816423649289,1.0
2020-11-26,34.90107231712875,44.253717879326786,-0.0828936973912412,-0.0828936973912412,1.0
2020-11-27,34.86844784358828,44.21235083378438,-0.000934769947582903,-0.000934769947582903,1.0
2020-11-28,36.05939357862646,45.7224413000335,0.0341553986108154,0.0341553986108154,1.0
2020-11-29,36.99887678271812,46.91368334235418,0.026053771593333774,0.026053771593333774,1.0
2020-11-30,40.07208186345586,50.810433258589136,0.08306211831201327,0.08306211831201327,1.0
2020-12-01,38.179720110684904,48.41096420010825,-0.04722394407206254,-0.04722394407206254,1.0
2020-12-02,39.07950512360863,49.551869893553956,0.023567092957077707,0.023567092957077707,1.0
2020-12-03,39.53281252823547,50.126652748782185,0.011599619882417311,0.011599619882417311,1.0
2020-12-04,37.92589967386255,48.089126008402275,-0.040647572272405674,-0.040647572272405674,1.0
2020-12-05,38.943986516073224,49.380035567927,0.026844105241155436,0.026844105241155436,1.0
2020-12-06,39.38434576515784,49.938400474239025,0.011307503121255058,0.011307503121255058,1.0
2020-12-07,38.98209921880743,49.4283615557102,-0.0102133611346229,-0.0102133611346229,1.0
2020-12-08,37.23096789728831,47.2079692775587,-0.04492142179645009,-0.04492142179645009,1.0
2020-12-09,37.69915450106257,47.801618598417484,0.012575192916442157,0.012575192916442157,1.0
2020-12-10,37.10335640514681,47.0461609835305,-0.01580401745877269,-0.01580401745877269,1.0
2020-12-11,36.6738719805757,46.50158509239929,-0.011575352371936298,-0.011575352371936298,1.0
2020-12-12,38.25759198491142,48.50970385834686,0.04318387775292831,0.04318387775292831,1.0
2020-12-13,38.959617805887945,49.399855666383154,0.018349974071901753,0.018349974071901753,1.0
2020-12-14,39.17451246898443,49.67233691589989,0.005515830883330963,0.005515830883330963,1.0
2020-12-15,39.524600511219674,50.116240109281165,0.008936627928998853,0.008936627928998853,1.0
2020-12-16,43.41727951767963,55.05206319750509,0.09848749781430333,0.09848749781430333,1.0
2020-12-17,46.39887182443175,58.83265032603933,0.06867294173827743,0.06867294173827743,1.0
2020-12-18,47.03160367014379,59.63493904482074,0.013636793758827315,0.013636793758827315,1.0
2020-12-19,48.479337551123905,61.4706306863579,0.03078215004391094,0.03078215004391094,1.0
2020-12-20,47.720173166208276,60.508028557437044,-0.015659545349914317,-0.015659545349914317,1.0
2020-12-21,46.20153949475517,58.58243769169309,-0.03182372507668285,-0.03182372507668285,1.0
2020-12-22,48.42502440888083,61.40176293203433,0.048125775427420026,0.048125775427420026,1.0
2020-12-23,47.215743922980636,59.86842444392896,-0.024972222537040567,-0.024972222537040567,1.0
2020-12-24,48.21096314355078,61.13033841078378,0.02107812220842198,0.02107812220842198,1.0
2020-12-25,50.21670764610912,63.67357406118714,0.0416034937237435,0.0416034937237435,1.0
2020-12-26,53.81584769780399,68.23719683496996,0.07167216291954048,0.07167216291954048,1.0
2020-12-27,53.37536648807063,67.67867728549705,-0.008184972058915108,-0.008184972058915108,1.0
2020-12-28,54.96433080030259,69.6934457073636,0.029769618773242357,0.029769618773242357,1.0
2020-12-29,55.62696333173304,70.53364777442717,0.012055682690615077,0.012055682690615077,1.0
2020-12-30,58.739134839746214,74.47980618057166,0.05594717600264554,0.05594717600264554,1.0
2020-12-31,58.927482734964926,74.71862676873116,0.0032065146300259695,0.0032065146300259695,1.0
2021-01-01,59.78681746605341,75.8082424804763,0.014582919398635541,0.014582919398635541,1.0
2021-01-02,65.5048815023461,83.05860975798345,0.0956408833693041,0.0956408833693041,1.0
2021-01-03,67.2423125776557,85.26163045439316,0.026523688547507307,0.026523688547507307,1.0
2021-01-04,65.08631255583805,82.52787442975334,-0.03206314505212415,-0.03206314505212415,1.0
2021-01-05,69.17331552930543,87.71009562102115,0.0627935861316633,0.0627935861316633,1.0
2021-01-06,74.922987700399,95.00054125106317,0.08311980027410604,0.08311980027410604,1.0
2021-01-07,80.30206211349264,101.8210778628315,0.07179471318740527,0.07179471318740527,1.0
2021-01-08,82.65913459154851,104.80978891208537,0.029352577206853914,0.029352577206853914,1.0
2021-01-09,81.83037132974654,103.75893708600736,-0.010026275570113485,-0.010026275570113485,1.0
2021-01-10,77.59049068307175,98.38287069254362,-0.05181304420078481,-0.05181304420078481,1.0
2021-01-11,72.06368127079296,91.37500966519755,-0.07123049955765515,-0.07123049955765515,1.0
2021-01-12,69.1902680594816,87.73159102038713,-0.03987325044517176,-0.03987325044517176,1.0
2021-01-13,76.0092505452606,96.37789633753448,0.0985540694815179,0.0985540694815179,1.0
2021-01-14,79.52879094687165,100.84058867496584,0.04630410609712965,0.04630410609712965,1.0
2021-01-15,74.71038996285394,94.7309724477435,-0.06058687585526856,-0.06058687585526856,1.0
2021-01-16,73.19049603136375,92.80378360267018,-0.02034380937170699,-0.02034380937170699,1.0
2021-01-17,72.8105073034101,92.32196706100673,-0.005191776918560764,-0.005191776918560764,1.0
2021-01-18,74.44524751247269,94.3947782159334,0.022451982132886794,0.022451982132886794,1.0
2021-01-19,73.00824616858252,92.57269517255598,-0.019302794898350184,-0.019302794898350184,1.0
2021-01-20,72.1663314834904,91.50516765896027,-0.011531775234650321,-0.011531775234650321,1.0
2021-01-21,62.720194662999916,79.52769401273228,-0.13089395880752908,-0.13089395880752908,1.0
2021-01-22,67.04772436257596,85.0148972911673,0.0689973894824174,0.0689973894824174,1.0
2021-01-23,65.27335953747007,82.76504549086316,-0.026464206533104773,-0.026464206533104773,1.0
2021-01-24,65.63222874641528,83.22008299182968,0.005497942981457893,0.005497942981457893,1.0
2021-01-25,65.57797658449657,83.15129255908657,-0.0008266085573342963,-0.0008266085573342963,1.0
2021-01-26,66.08401164293275,83.79293280754658,0.007716539679814005,0.007716539679814005,1.0
2021-01-27,61.80788835680459,78.37091162143355,-0.06470738049670843,-0.06470738049670843,1.0
2021-01-28,68.07231577271992,86.31405448594035,0.10135320235747325,0.10135320235747325,1.0
2021-01-29,69.64381938540592,88.30668316193716,0.02308579625721774,0.02308579625721774,1.0
2021-01-30,69.75260828409041,88.4446248614655,0.0015620754238427903,0.0015620754238427903,1.0
2021-01-31,67.35833780816597,85.40874764813526,-0.03432517485472364,-0.03432517485472364,1.0
2021-02-01,68.1621601172987,86.42797494780794,0.01193352352936583,0.01193352352936583,1.0
2021-02-02,72.18580453374074,91.52985901698497,0.059030471004995144,0.059030471004995144,1.0
2021-02-03,76.58797415035144,97.11170390989459,0.060983868574230105,0.060983868574230105,1.0
2021-02-04,75.15824979183665,95.29884790845125,-0.018667739607631684,-0.018667739607631684,1.0
2021-02-05,77.87490291595543,98.7434985437769,0.0361457741717377,0.0361457741717377,1.0
2021-02-06,79.81395527042264,101.20217015902472,0.024899579734434907,0.024899579734434907,1.0
2021-02-07,79.01306001685991,100.18665429521378,-0.010034526554274392,-0.010034526554274392,1.0
2021-02-08,94.4140068196405,119.71468336812804,0.19491647076438157,0.19491647076438157,1.0
2021-02-09,94.54944412007676,119.88641459831439,0.001434504317722407,0.001434504317722407,1.0
2021-02-10,91.16558494019942,115.59576277739117,-0.0357893080321009,-0.0357893080321009,1.0
2021-02-11,97.5642707036131,123.70914198819558,0.07018751393534006,0.07018751393534006,1.0
2021-02-12,96.36586504222639,122.189592515271,-0.012283243166212987,-0.012283243166212987,1.0
2021-02-13,96.00833740041743,121.73625608907444,-0.003710106702744742,-0.003710106702744742,1.0
2021-02-14,98.95214223283203,125.46892961158792,0.030661970742572153,0.030661970742572153,1.0
2021-02-15,97.43917973154576,123.55052965282611,-0.01528984079724427,-0.01528984079724427,1.0
2021-02-16,99.92380272141875,126.7009716745277,0.025499219068944923,0.025499219068944923,1.0
2021-02-17,106.04480441440477,134.46225418180882,0.06125669286277047,0.06125669286277047,1.0
2021-02-18,104.88967445654933,132.99757725714582,-0.010892848209153039,-0.010892848209153039,1.0
2021-02-19,113.79652161504463,144.29124461970667,0.08491633904522189,0.08491633904522189,1.0
2021-02-20,113.67447965919602,144.13649836335986,-0.001072457700082019,-0.001072457700082019,1.0
2021-02-21,116.85692082766369,148.1717570040465,0.027996091805380097,0.027996091805380097,1.0
2021-02-22,110.05348832460022,139.54516868991468,-0.058220193163372125,-0.058220193163372125,1.0
2021-02-23,99.3979084040112,126.03415036470011,-0.09682182802929995,-0.09682182802929995,1.0
2021-02-24,101.10094657637346,128.19356168973428,0.017133541336102454,0.017133541336102454,1.0
2021-02-25,95.65471249936847,121.28786824402691,-0.053869268898395606,-0.053869268898395606,1.0
2021-02-26,94.16622343493124,119.40050001288692,-0.015561063595764368,-0.015561063595764368,1.0
2021-02-27,93.87057049558783,119.02561921699012,-0.003139692010136752,-0.003139692010136752,1.0
2021-02-28,91.94155956786767,116.57967988865693,-0.020549687911088466,-0.020549687911088466,1.0
2021-03-01,100.90089045887481,127.93989535812779,0.09744593123193335,0.09744593123193335,1.0
2021-03-02,98.60843679788134,125.03311941029408,-0.022719855598577032,-0.022719855598577032,1.0
2021-03-03,102.36563785035547,129.79715972061135,0.0381022270961997,0.0381022270961997,1.0
2021-03-04,98.31760130416353,124.66434701925306,-0.039544876886417835,-0.039544876886417835,1.0
2021-03-05,99.13260333943161,125.69774994200881,0.008289482498120782,0.008289482498120782,1.0
2021-03-06,99.4179302771809,126.05953761694887,0.002878235092569126,0.002878235092569126,1.0
2021-03-07,103.62307246573691,131.39155648341452,0.042297623545691554,0.042297623545691554,1.0
2021-03-08,106.5432575858437,135.09428078043248,0.028180838983252077,0.028180838983252077,1.0
2021-03-09,111.62728886283767,141.54070981210856,0.047718001046642256,0.047718001046642256,1.0
2021-03-10,113.60774685755531,144.05188278048405,0.01774170110994211,0.01774170110994211,1.0
2021-03-11,117.52020381588747,149.01278383463492,0.03443829374802854,0.03443829374802854,1.0
2021-03-12,116.32181848127557,147.49326013557052,-0.010197270730480934,-0.010197270730480934,1.0
2021-03-13,124.35615915861744,157.68061032500836,0.06906993702677688,0.06906993702677688,1.0
2021-03-14,119.87247917509254,151.99541225289312,-0.036055150093578625,-0.036055150093578625,1.0
2021-03-15,113.09034913201066,143.3958349441996,-0.05657787416889504,-0.05657787416889504,1.0
2021-03-16,115.7144544505034,146.7231371942576,0.023203618510626578,0.023203618510626578,1.0
2021-03-17,119.77661810517549,151.87386272842085,0.03510506681263115,0.03510506681263115,1.0
2021-03-18,117.1735916521416,148.57328797133945,-0.021732342206791877,-0.021732342206791877,1.0
2021-03-19,117.97590977993974,149.59060800536096,0.006847260688056966,0.006847260688056966,1.0
2021-03-20,118.13250725293399,149.78916982396453,0.0013273682168364331,0.0013273682168364331,1.0
2021-03-21,116.60112869368656,147.84741874790586,-0.012963227437208236,-0.012963227437208236,1.0
2021-03-22,109.98832068461847,139.46253769427048,-0.056713070303462176,-0.056713070303462176,1.0
2021-03-23,110.4669552506356,140.06943477924688,0.004351685370209246,0.004351685370209246,1.0
2021-03-24,106.26057312881733,134.73584370731206,-0.03807819372114063,-0.03807819372114063,1.0
2021-03-25,104.32719194451697,132.28436299904638,-0.018194718204244564,-0.018194718204244564,1.0
2021-03-26,111.94450851023494,141.9429366736256,0.07301372177034149,0.07301372177034149,1.0
2021-03-27,113.5383105948673,143.96383927420808,0.014237429828785508,0.014237429828785508,1.0
2021-03-28,113.380351227962,143.7635506069744,-0.0013912428860153314,-0.0013912428860153314,1.0
2021-03-29,117.10962329187251,148.49217763344416,0.03289169616711152,0.03289169616711152,1.0
2021-03-30,119.49391332137428,151.51539988144023,0.02035947142925565,0.02035947142925565,1.0
2021-03-31,119.52143577444207,151.55029768808475,0.00023032514630072498,0.00023032514630072498,1.0
2021-04-01,119.37199332617443,151.36080826825435,-0.0012503401360544064,-0.0012503401360544064,1.0
2021-04-02,119.88943170526869,152.01690765225908,0.004334671514451438,0.004334671514451438,1.0
2021-04-03,116.05437910534285,147.15415345756332,-0.03198824571421599,-0.03198824571421599,1.0
2021-04-04,118.33423016596555,150.0449496121034,0.01964467931497249,0.01964467931497249,1.0
2021-04-05,120.17803125375943,152.38284491868345,0.015581299554726646,0.015581299554726646,1.0
2021-04-06,117.93590668714991,149.53988504858373,-0.018656692435535138,-0.018656692435535138,1.0
2021-04-07,113.73999285434928,144.21956751462668,-0.03557791643499364,-0.03557791643499364,1.0
2021-04-08,118.0642092896343,149.70256965385704,0.03801843420917428,0.03801843420917428,1.0
2021-04-09,118.08368233988462,149.72726101188175,0.00016493610017365157,0.00016493610017365157,1.0
2021-04-10,121.51061395554527,154.072527642465,0.02902121231108623,0.02902121231108623,1.0
2021-04-11,121.9306870833879,154.6051702363463,0.0034570899954164958,0.0034570899954164958,1.0
2021-04-12,121.63505447081927,154.23031521430966,-0.0024245956423295523,-0.0024245956423295523,1.0
2021-04-13,129.25434273369203,163.89138895332354,0.0626405627557034,0.0626405627557034,1.0
2021-04-14,128.00135968198995,162.30263666589346,-0.009693933876431804,-0.009693933876431804,1.0
2021-04-15,128.52424563672832,162.96564344441867,0.004085003128384335,0.004085003128384335,1.0
2021-04-16,124.86182833510729,158.32178664398566,-0.02849592529002498,-0.02849592529002498,1.0
2021-04-17,122.08029214585383,154.7948658470579,-0.022276913820197364,-0.022276913820197364,1.0
2021-04-18,114.38772585985747,145.04087734219954,-0.06301235154979623,-0.06301235154979623,1.0
2021-04-19,113.21369200144586,143.55223072759608,-0.010263634927491938,-0.010263634927491938,1.0
2021-04-20,113.21369200144586,145.620479909276,0.0,0.014407642230267026,0.0
2021-04-21,113.21369200144586,138.66558416454032,-0.0,-0.047760423184078915,0.0
2021-04-22,113.21369200144586,133.25495502461402,-0.0,-0.0390192647478127,0.0
2021-04-23,113.21369200144586,131.929353849326,-0.0,-0.009947856535940214,0.0
2021-04-24,113.21369200144586,129.09907471842058,-0.0,-0.02145299016728175,0.0
2021-04-25,113.21369200144586,126.60377844789814,-0.0,-0.019328537218140096,0.0
2021-04-26,113.21369200144586,139.31699270599756,0.0,0.10041733678060294,0.0
2021-04-27,113.21369200144586,141.93566844506302,0.0,0.018796527890834414,0.0
2021-04-28,113.21369200144586,141.483105234671,-0.0,-0.0031885093813976972,0.0
2021-04-29,113.21369200144586,138.09634268924455,-0.0,-0.023937575725447746,0.0
2021-04-30,113.21369200144586,148.96974148818268,0.0,0.07873777528928705,0.0
2021-05-01,113.21369200144586,149.1256991159566,0.0,0.001046908091642873,0.0
2021-05-02,113.21369200144586,145.94499858243768,-0.0,-0.021328989921755026,0.0
2021-05-03,113.21369200144586,147.45929018789144,0.0,0.010375769092206388,0.0
2021-05-04,113.21369200144586,137.22498002525836,-0.0,-0.06940430914588425,0.0
2021-05-05,113.21369200144586,148.2401350550272,0.0,0.08027077160252682,0.0
2021-05-06,111.09760654176844,145.4693677672105,-0.0186910736878928,-0.0186910736878928,1.0
2021-05-07,112.94736793356464,147.89141472718367,0.016649876170831357,0.016649876170831357,1.0
2021-05-08,116.05282860565256,151.95765354777186,0.027494759098012356,0.027494759098012356,1.0
2021-05-09,114.78226793058992,150.29400242274286,-0.01094812328426742,-0.01094812328426742,1.0
2021-05-10,109.96725476068347,143.98930384803734,-0.04194910291211651,-0.04194910291211651,1.0
2021-05-11,111.7127895494175,146.2748782185108,0.015873223283901616,0.015873223283901616,1.0
2021-05-12,111.7127895494175,127.57743756282377,-0.0,-0.12782400425421026,0.0
2021-05-13,111.7127895494175,128.0705946029537,0.0,0.0038655505985301097,0.0
2021-05-14,111.7127895494175,128.59475759684528,0.0,0.004092766146019944,0.0
2021-05-15,111.7127895494175,120.55854532333308,-0.0,-0.06249253409463518,0.0
2021-05-16,111.7127895494175,119.72161653650868,-0.0,-0.006942094271126131,0.0
2021-05-17,111.7127895494175,112.3237712312173,-0.0,-0.061792059941284116,0.0
2021-05-18,111.7127895494175,110.45941905719219,-0.0,-0.016598019756542404,0.0
2021-05-19,111.7127895494175,94.67189876027733,-0.0,-0.14292597617900404,0.0
2021-05-20,111.7127895494175,104.70200262893374,0.0,0.10594594594594597,0.0
2021-05-21,111.7127895494175,96.24157839119565,-0.0,-0.08080479862187573,0.0
2021-05-22,111.7127895494175,96.59225753241063,0.0,0.0036437384660252814,0.0
2021-05-23,111.7127895494175,89.58650996159695,-0.0,-0.07252907996754265,0.0
2021-05-24,111.7127895494175,100.20505683136163,0.0,0.11852841319877894,0.0
2021-05-25,111.7127895494175,98.8731926080569,-0.0,-0.013291387335333416,0.0
2021-05-26,111.7127895494175,101.2738214902446,0.0,0.02427987626235595,0.0
2021-05-27,111.7127895494175,99.37596329802314,-0.0,-0.018739869438068713,0.0
2021-05-28,111.7127895494175,91.96234439031934,-0.0,-0.07460173126041314,0.0
2021-05-29,111.7127895494175,89.24925900152066,-0.0,-0.02950213380036759,0.0
2021-05-30,111.7127895494175,91.93391582257276,0.0,0.030080438214129535,0.0
2021-05-31,111.7127895494175,96.08317224670738,0.0,0.045133032646433424,0.0
2021-06-01,111.7127895494175,94.55140596407124,-0.0,-0.015942086910943343,0.0
2021-06-02,111.7127895494175,96.8527797108173,0.0,0.02433992094861659,0.0
2021-06-03,111.7127895494175,101.15866388308977,0.0,0.04445803398858539,0.0
2021-06-04,111.7127895494175,94.99347921338178,-0.0,-0.06094569098731051,0.0
2021-06-05,111.7127895494175,91.59898450991004,-0.0,-0.03573397596951633,0.0
2021-06-06,111.7127895494175,92.27165648599191,0.0,0.007343661937748935,0.0
2021-06-07,111.7127895494175,86.53808087837317,-0.0,-0.062137993680531634,0.0
2021-06-08,111.7127895494175,86.09018273666847,-0.0,-0.0051757346264034165,0.0
2021-06-09,111.7127895494175,96.40418567488852,0.0,0.11980463521338325,0.0
2021-06-10,111.7127895494175,94.57473130750793,-0.0,-0.018976918424996714,0.0
2021-06-11,111.7127895494175,96.23557308178046,0.0,0.01756115773538225,0.0
2021-06-12,111.7127895494175,91.6449650764195,-0.0,-0.047701778649563265,0.0
2021-06-13,111.7127895494175,100.55733395190597,0.0,0.09724886542380973,0.0
2021-06-14,111.7127895494175,104.48586303770716,0.0,0.03906755411475116,0.0
2021-06-15,111.7127895494175,103.51393077141164,-0.0,-0.009302045636018441,0.0
2021-06-16,111.7127895494175,98.84533106523364,-0.0,-0.04510117306324313,0.0
2021-06-17,111.7127895494175,98.1859584009897,-0.0,-0.006670751740502245,0.0
2021-06-18,111.7127895494175,92.37817984999613,-0.0,-0.059150805732065215,0.0
2021-06-19,111.7127895494175,91.45800149488389,-0.0,-0.009960992483359465,0.0
2021-06-20,111.7127895494175,91.71829170854919,0.0,0.0028460081065717624,0.0
2021-06-21,111.7127895494175,81.47070800793834,-0.0,-0.11172889845325851,0.0
2021-06-22,111.7127895494175,83.86393979226268,0.0,0.029375364997333175,0.0
2021-06-23,111.7127895494175,86.82788216191139,0.0,0.03534227436715476,0.0
2021-06-24,111.7127895494175,89.31822985128483,0.0,0.02868142844633237,0.0
2021-06-25,111.7127895494175,81.43155751436893,-0.0,-0.08829857409900799,0.0
2021-06-26,111.7127895494175,83.18562334080775,0.0,0.021540369360236067,0.0
2021-06-27,111.7127895494175,89.45908399701024,0.0,0.07541520282297354,0.0
2021-06-28,111.7127895494175,88.90234284388772,-0.0,-0.006223416653149627,0.0
2021-06-29,111.7127895494175,92.53918915435965,0.0,0.0409083292310779,0.0
2021-06-30,111.7127895494175,90.36315368952808,-0.0,-0.02351474531727138,0.0
2021-07-01,111.7127895494175,86.38395319466997,-0.0,-0.04403565316600111,0.0
2021-07-02,111.7127895494175,87.1285857882935,0.0,0.008620033768835134,0.0
2021-07-03,111.7127895494175,89.38931415758138,0.0,0.02594703390206554,0.0
2021-07-04,111.7127895494175,90.94061702621202,0.0,0.017354455431841664,0.0
2021-07-05,111.7127895494175,86.85218691203382,-0.0,-0.04495714069104895,0.0
2021-07-06,111.7127895494175,88.2129178587077,0.0,0.015667204189712347,0.0
2021-07-07,111.7127895494175,87.31812675584422,-0.0,-0.010143538209411607,0.0
2021-07-08,111.7127895494175,84.73401376324131,-0.0,-0.029594233048866325,0.0
2021-07-09,111.7127895494175,87.1781746952241,0.0,0.02884509801237689,0.0
2021-07-10,111.7127895494175,86.38199438129848,-0.0,-0.00913279403599676,0.0
2021-07-11,111.7127895494175,88.29926029021367,0.0,0.022195203093507976,0.0
2021-07-12,111.7127895494175,85.28853836439083,-0.0,-0.03409679668807519,0.0
2021-07-13,111.7127895494175,84.36851465243949,-0.0,-0.010787190513461331,0.0
2021-07-14,111.7127895494175,84.58050465218176,0.0,0.0025126672031097197,0.0
2021-07-15,111.7127895494175,82.13789015180804,-0.0,-0.028879166782208476,0.0
2021-07-16,111.7127895494175,80.899146885229,-0.0,-0.015081264740177458,0.0
2021-07-17,111.7127895494175,81.27505863553183,0.0,0.004646671377587452,0.0
2021-07-18,111.7127895494175,81.93059099461325,0.0,0.008065603028612589,0.0
2021-07-19,111.7127895494175,79.49181679940205,-0.0,-0.029766344482631157,0.0
2021-07-20,111.7127895494175,76.79620608778576,-0.0,-0.0339105435018382,0.0
2021-07-21,111.7127895494175,82.82478929869326,0.0,0.0785010551695251,0.0
2021-07-22,111.7127895494175,83.2179695352973,0.0,0.004747132349303129,0.0
2021-07-23,111.7127895494175,86.72197737055079,0.0,0.042106384652502715,0.0
2021-07-24,111.7127895494175,88.36055052965283,0.0,0.01889455486122782,0.0
2021-07-25,111.7127895494175,91.31230186345009,0.0,0.03340575987931049,0.0
2021-07-26,111.7127895494175,96.04054228201757,0.0,0.05178097936506032,0.0
2021-07-27,111.7127895494175,101.73066316142169,0.0,0.05924707154084374,0.0
2021-07-28,111.7127895494175,103.1859068532694,0.0,0.014304867840472024,0.0
2021-07-29,111.7127895494175,103.19709270857497,0.0,0.00010840487472263405,0.0
2021-07-30,111.7127895494175,108.86350163664011,0.0,0.05490861011043102,0.0
2021-07-31,111.7127895494175,106.94865847057915,-0.0,-0.01758939531866477,0.0
2021-08-01,111.7127895494175,102.74855022036651,-0.0,-0.039272192005737505,0.0
2021-08-02,111.7127895494175,100.90360576303512,-0.0,-0.017955917172305713,0.0
2021-08-03,111.7127895494175,98.43408335266373,-0.0,-0.02447407495199805,0.0
2021-08-04,111.7127895494175,102.3799840202067,0.0,0.04008673147700126,0.0
2021-08-05,111.7127895494175,105.38606665120234,0.0,0.02936201504390068,0.0
2021-08-06,111.7127895494175,110.49145596535993,0.0,0.04844463292339163,0.0
2021-08-07,111.7127895494175,115.04765586741925,0.0,0.04123576671383278,0.0
2021-08-08,111.7127895494175,112.96461249001263,-0.0,-0.018105917601720867,0.0
2021-08-09,111.7127895494175,119.29554885435192,0.0,0.056043536332221144,0.0
2021-08-10,110.04786749422915,117.51761643341324,-0.014903593956463235,-0.014903593956463235,1.0
2021-08-11,109.9460876631612,117.40892806515632,-0.0009248687265411837,-0.0009248687265411837,1.0
2021-08-12,107.21550639973401,114.49300239696899,-0.02483563827930635,-0.02483563827930635,1.0
2021-08-13,115.44936681444372,123.28575478749453,0.07679729072034802,0.07679729072034802,1.0
2021-08-14,113.70197340930062,121.41975308641976,-0.015135582406022197,-0.015135582406022197,1.0
2021-08-15,113.47229902645911,121.1744890332225,-0.0020199683079794584,-0.0020199683079794584,1.0
2021-08-16,110.78834774492032,118.30835846284698,-0.023652920620855333,-0.023652920620855333,1.0
2021-08-17,107.81754484084357,115.1359055645764,-0.02681512058395119,-0.02681512058395119,1.0
2021-08-18,107.90539842990862,115.22972241552618,0.0008148357412027796,0.0008148357412027796,1.0
2021-08-19,112.87223970466368,120.53369932214748,0.046029590243173546,0.046029590243173546,1.0
2021-08-20,119.09084980998743,127.17441171164205,0.05509423859750706,0.05509423859750706,1.0
2021-08-21,117.94349159103837,125.94917394778214,-0.009634310451052341,-0.009634310451052341,1.0
2021-08-22,118.95141844074874,127.02551612154951,0.008545845439316802,0.008545845439316802,1.0
2021-08-23,119.48691502882194,127.59736075672053,0.004501809184729755,0.004501809184729755,1.0
2021-08-24,115.08446065700566,122.89607979587102,-0.036844656762243355,-0.036844656762243355,1.0
2021-08-25,118.23386701137952,126.25925925925927,0.0273660434814067,0.0273660434814067,1.0
2021-08-26,113.07884045257492,120.75432356504034,-0.04360025337163709,-0.04360025337163709,1.0
2021-08-27,118.4516666783364,126.49184257326219,0.04751398408630503,0.04751398408630503,1.0
2021-08-28,118.12672907680266,126.14484909404882,-0.002743208353632731,-0.002743208353632731,1.0
2021-08-29,117.78796177567159,125.78308719296889,-0.002867829353937479,-0.002867829353937479,1.0
2021-08-30,113.4221452467676,121.12093095182865,-0.03706504861013504,-0.03706504861013504,1.0
2021-08-31,113.70885205569721,121.42709863656279,0.0025277851014529062,0.0025277851014529062,1.0
2021-09-01,117.87793929765908,125.87917214361195,0.036664579464048774,0.036664579464048774,1.0
2021-09-02,118.93872311441685,127.01195907111008,0.008999002044641546,0.008999002044641546,1.0
2021-09-03,120.73834596097115,128.9337354055517,0.015130672327994477,0.015130672327994477,1.0
2021-09-04,120.54038575835808,128.72233820459292,-0.0016395802098949641,-0.0016395802098949641,1.0
2021-09-05,124.99627635165514,133.4806824918168,0.03696595597619523,0.03696595597619523,1.0
2021-09-06,127.19174719663143,135.82517590659552,0.0175642899857249,0.0175642899857249,1.0
2021-09-07,113.18269594536258,120.86522848527024,-0.11014119673670042,-0.11014119673670042,1.0
2021-09-08,111.16944889089213,118.71532771463183,-0.017787587030462015,-0.017787587030462015,1.0
2021-09-09,111.98919045655299,119.59071110080157,0.007373802549524244,0.007373802549524244,1.0
2021-09-10,108.25167190307249,115.59949998711306,-0.03337392241379311,-0.03337392241379311,1.0
2021-09-11,109.02492830045333,116.42524291863192,0.007143135840647297,0.007143135840647297,1.0
2021-09-12,109.02492830045333,118.62220675790614,0.0,0.018870167535829374,0.0
2021-09-13,109.02492830045333,115.84762493878708,-0.0,-0.023390070838773425,0.0
2021-09-14,109.02492830045333,121.46503775870512,0.0,0.04848966755154649,0.0
2021-09-15,111.3866960707978,124.09629114152428,0.02166263997749085,0.02166263997749085,1.0
2021-09-16,110.47298875512021,123.078326760999,-0.008203020180227116,-0.008203020180227116,1.0
2021-09-17,109.43273751051927,121.91937936544755,-0.009416340196125361,-0.009416340196125361,1.0
2021-09-18,111.77174125416161,124.52527126987808,0.02137389410931534,0.02137389410931534,1.0
2021-09-19,109.32266511311208,121.79674733884893,-0.021911407244524228,-0.021911407244524228,1.0
2021-09-20,99.50695097736616,110.86102734606563,-0.08978663414023036,-0.08978663414023036,1.0
2021-09-21,94.20142903449724,104.95012758060774,-0.05331810381845292,-0.05331810381845292,1.0
2021-09-22,94.20142903449724,112.30985334673574,0.0,0.07012593443943449,0.0
2021-09-23,94.20142903449724,115.71842057784993,0.0,0.030349672175164155,0.0
2021-09-24,94.20142903449724,110.43820717028788,-0.0,-0.045629843383575786,0.0
2021-09-25,94.20142903449724,110.06858424186191,-0.0,-0.003346875487176715,0.0
2021-09-26,94.20142903449724,111.28642490785843,0.0,0.011064380216978975,0.0
2021-09-27,94.20142903449724,108.69290445630043,-0.0,-0.023304913008979966,0.0
2021-09-28,94.20142903449724,105.74001907265651,-0.0,-0.027167232290044363,0.0
2021-09-29,94.20142903449724,107.0186345008892,0.0,0.012092067312321264,0.0
2021-09-30,94.20142903449724,112.95247300188149,0.0,0.0554467782986241,0.0
2021-10-01,94.20142903449724,124.1417562308307,0.0,0.09906187028559188,0.0
2021-10-02,93.20775801073353,122.83226371813707,-0.010548364647417596,-0.010548364647417596,1.0
2021-10-03,94.33487161908478,124.3176112786412,0.0120924870676693,0.0120924870676693,1.0
2021-10-04,96.31323665557224,126.92476610221912,0.02097172554043336,0.02097172554043336,1.0
2021-10-05,100.71070081086877,132.71988968787855,0.04565794181564464,0.04565794181564464,1.0
2021-10-06,108.23161719084221,142.63120183509884,0.0746784236373994,0.0746784236373994,1.0
2021-10-07,105.2164758313926,138.6577489110544,-0.02785823068810922,-0.02785823068810922,1.0
2021-10-08,105.5411346184589,139.08559498956157,0.0030856268897141437,0.0030856268897141437,1.0
2021-10-09,107.49391810714619,141.65903760406195,0.018502581915068372,0.018502581915068372,1.0
2021-10-10,106.96241646875379,140.95860718059743,-0.004944481025081049,-0.004944481025081049,1.0
2021-10-11,112.43254543341408,148.1673239001005,0.05114066365785819,0.05114066365785819,1.0
2021-10-12,109.53342069594503,144.346761514472,-0.02578545852798464,-0.02578545852798464,1.0
2021-10-13,112.19761764123092,147.85772829196628,0.024323141999567977,0.024323141999567977,1.0
2021-10-14,112.18234303203221,147.83759890718832,-0.0001361402275720236,-0.0001361402275720236,1.0
2021-10-15,120.66235231917095,159.0128353823552,0.07559130125065572,0.07559130125065572,1.0
2021-10-16,119.06258636702262,156.90461094358102,-0.013258202922455053,-0.013258202922455053,1.0
2021-10-17,120.33323436322205,158.5791128637336,0.01067210141297048,0.01067210141297048,1.0
2021-10-18,121.34104564620559,159.90723987731644,0.008375169904778712,0.008375169904778712,1.0
2021-10-19,125.7625267286417,165.7340137632413,0.03643846201332268,0.03643846201332268,1.0
2021-10-20,129.13311078665413,170.17588082167063,0.026801179538044284,0.026801179538044284,1.0
2021-10-21,121.65711857739704,160.32377123121728,-0.05789368941640738,-0.05789368941640738,1.0
2021-10-22,118.69141923082115,156.4154746256347,-0.02437752415358363,-0.02437752415358363,1.0
2021-10-23,119.88907767320543,157.9937884997036,0.010090522551214676,0.010090522551214676,1.0
2021-10-24,119.01772086958104,156.84548570839456,-0.007268024915493498,-0.007268024915493498,1.0
2021-10-25,123.37726253161723,162.59063377922112,0.03662934922786287,0.03662934922786287,1.0
2021-10-26,118.00685857630943,155.51333797262816,-0.04352831182270367,-0.04352831182270367,1.0
2021-10-27,114.32579510596703,150.66231088430115,-0.031193640054082317,-0.031193640054082317,1.0
2021-10-28,118.50368430931215,156.1680713420449,0.03654371438635251,0.03654371438635251,1.0
2021-10-29,121.79930347992547,160.51114719451533,0.027810267586375392,0.027810267586375392,1.0
2021-10-30,121.04767927235048,159.52063197505092,-0.006171005794781692,-0.006171005794781692,1.0
2021-10-31,119.97448640351378,158.10634294698318,-0.008865869013664263,-0.008865869013664263,1.0
2021-11-01,119.20363691957215,157.09049202299028,-0.0064251117637545985,-0.0064251117637545985,1.0
2021-11-02,123.73511083444568,163.0622180984046,0.03801456089742428,0.03801456089742428,1.0
2021-11-03,123.08755345855621,162.20884558880385,-0.005233416542180014,-0.005233416542180014,1.0
2021-11-04,120.17166772226092,158.3661950050259,-0.023689525499238084,-0.023689525499238084,1.0
2021-11-05,119.31435338906506,157.2363978453053,-0.007134080348932703,-0.007134080348932703,1.0
2021-11-06,120.35709482829559,158.61055697311787,0.00873944676069538,0.00873944676069538,1.0
2021-11-07,123.81846600013704,163.1720662903683,0.02875917848282672,0.02875917848282672,1.0
2021-11-08,132.12212298107235,174.1148998685533,0.0670631550299301,0.0670631550299301,1.0
2021-11-09,130.92874768774638,172.5422304698575,-0.00903236540860719,-0.00903236540860719,1.0
2021-11-10,126.95371155304291,167.30379648960024,-0.030360300582600752,-0.030360300582600752,1.0
2021-11-11,126.74911784391637,167.03417613856027,-0.0016115614630223263,-0.0016115614630223263,1.0
2021-11-12,125.45891208945994,165.33390035825664,-0.010179208947593832,-0.010179208947593832,1.0
2021-11-13,125.95198273287731,165.9836851465244,0.003930136450296828,0.003930136450296828,1.0
2021-11-14,128.11313457803473,168.8317224670739,0.017158537708301447,0.017158537708301447,1.0
2021-11-15,124.43543504211254,163.98512848269283,-0.028706654848742907,-0.028706654848742907,1.0
2021-11-16,117.55773421569555,154.9214670481198,-0.0552712402547505,-0.0552712402547505,1.0
2021-11-17,118.03402430252842,155.54913786437794,0.004051541908412171,0.004051541908412171,1.0
2021-11-18,111.27973293071312,146.6481094873579,-0.057223257545668704,-0.057223257545668704,1.0
2021-11-19,113.67391546550279,149.803242351607,0.02151499173960425,0.02151499173960425,1.0
2021-11-20,113.67391546550279,154.02654707595556,0.0,0.028192345225986015,0.0
2021-11-21,113.67391546550279,151.21835614319957,-0.0,-0.01823186318246295,0.0
2021-11-22,113.67391546550279,145.05737261269618,-0.0,-0.04074229933215967,0.0
2021-11-23,113.67391546550279,148.3719941235599,0.0,0.022850417398043943,0.0
2021-11-24,113.67391546550279,147.33024047011523,-0.0,-0.007021228363198517,0.0
2021-11-25,113.67391546550279,152.03296476713317,0.0,0.03191961325802528,0.0
2021-11-26,113.67391546550279,138.554266862548,-0.0,-0.08865641688452441,0.0
2021-11-27,113.67391546550279,141.13520967035234,0.0,0.01862766745656952,0.0
2021-11-28,113.67391546550279,147.72847238330883,0.0,0.04671593097396687,0.0
2021-11-29,113.67391546550279,149.0710069847161,0.0,0.009087852732436064,0.0
2021-11-30,113.67391546550279,146.87999690713679,-0.0,-0.014697761301122436,0.0
2021-12-01,113.67391546550279,147.49478079331942,0.0,0.004185620228269293,0.0
2021-12-02,113.67391546550279,145.67762055723085,-0.0,-0.012320166356495688,0.0
2021-12-03,113.67391546550279,138.24593417356118,-0.0,-0.05101460577982231,0.0
2021-12-04,113.67391546550279,126.91337405603238,-0.0,-0.08197391254415709,0.0
2021-12-05,113.67391546550279,127.53993659630403,0.0,0.004936930760307545,0.0
2021-12-06,113.67391546550279,130.23418129333228,0.0,0.021124714100777986,0.0
2021-12-07,113.67391546550279,130.48140415990105,0.0,0.0018982947803227734,0.0
2021-12-08,113.67391546550279,130.2087167195031,-0.0,-0.0020898567282721103,0.0
2021-12-09,113.67391546550279,122.60220624242892,-0.0,-0.05841782845813748,0.0
2021-12-10,113.67391546550279,121.57772107528545,-0.0,-0.008356172360533987,0.0
2021-12-11,113.67391546550279,127.34284388772906,0.0,0.04741923735248865,0.0
2021-12-12,113.67391546550279,129.10033763756797,0.0,0.013801276115589234,0.0
2021-12-13,113.67391546550279,120.43581020129385,-0.0,-0.06711467680741967,0.0
2021-12-14,113.67391546550279,124.6615376684966,0.0,0.03508696840366654,0.0
2021-12-15,113.67391546550279,125.9949483234104,0.0,0.010696247454123453,0.0
2021-12-16,113.67391546550279,122.77177246836258,-0.0,-0.025581786396502104,0.0
2021-12-17,113.67391546550279,118.98889146627491,-0.0,-0.030812302584150686,0.0
2021-12-18,113.67391546550279,120.774916879301,0.0,0.015010018086707877,0.0
2021-12-19,113.67391546550279,120.33091059047914,-0.0,-0.003676312104322066,0.0
2021-12-20,113.67391546550279,120.94659656176705,0.0,0.0051166069322226004,0.0
2021-12-21,113.67391546550279,126.07206371298228,0.0,0.042377936187709686,0.0
2021-12-22,113.67391546550279,125.28317740147942,-0.0,-0.006257423637474946,0.0
2021-12-23,113.67391546550279,131.03997525709426,0.0,0.045950286183808364,0.0
2021-12-24,113.67391546550279,131.0636356607129,0.0,0.00018055866976651735,0.0
2021-12-25,113.67391546550279,129.97322095930306,-0.0,-0.008319734882317853,0.0
2021-12-26,113.67391546550279,130.9358230882239,0.0,0.007406157374696853,0.0
2021-12-27,113.67391546550279,130.7192711152349,-0.0,-0.0016538787314385184,0.0
2021-12-28,113.67391546550279,122.53689528080619,-0.0,-0.06259502340106826,0.0
2021-12-29,113.67391546550279,119.77432408051753,-0.0,-0.022544811454198732,0.0
2021-12-30,113.67391546550279,121.45178999458749,0.0,0.014005221293858394,0.0
2021-12-31,113.67391546550279,119.10420371659063,-0.0,-0.01932936746425462,0.0
2022-01-01,113.67391546550279,123.027474934921,0.0,0.03293982156722053,0.0
2022-01-02,113.67391546550279,121.90796154540065,-0.0,-0.009099702242223118,0.0
2022-01-03,113.67391546550279,119.74422021186112,-0.0,-0.01774897476842574,0.0
2022-01-04,113.67391546550279,118.08193510142014,-0.0,-0.013881965304880173,0.0
2022-01-05,113.67391546550279,111.95144204747545,-0.0,-0.05191728140870344,0.0
2022-01-06,113.67391546550279,111.0434805020748,-0.0,-0.008110315765433418,0.0
2022-01-07,113.67391546550279,107.12951364725895,-0.0,-0.03524715577284809,0.0
2022-01-08,113.67391546550279,107.43792365782622,0.0,0.002878851962146989,0.0
2022-01-09,113.67391546550279,107.93195700920126,0.0,0.004598314399191672,0.0
2022-01-10,113.67391546550279,107.79677311270909,-0.0,-0.001252491849847992,0.0
2022-01-11,113.67391546550279,110.19211835356582,0.0,0.02222093641293177,0.0
2022-01-12,113.67391546550279,113.19974741617052,0.0,0.027294411864869916,0.0
2022-01-13,113.67391546550279,109.74934921003118,-0.0,-0.03048061753578124,0.0
2022-01-14,113.67391546550279,111.06141910873991,0.0,0.011955149694762968,0.0
2022-01-15,113.67391546550279,111.08069795613288,0.0,0.00017358725962335342,0.0
2022-01-16,113.67391546550279,111.09652310626561,0.0,0.0001424653465806891,0.0
2022-01-17,113.67391546550279,108.81210855949895,-0.0,-0.020562430604435522,0.0
2022-01-18,113.67391546550279,109.2031753395706,0.0,0.003593963808336653,0.0
2022-01-19,113.67391546550279,107.41068068764658,-0.0,-0.016414308891203988,0.0
2022-01-20,113.67391546550279,104.82478929869326,-0.0,-0.024074806829249673,0.0
2022-01-21,113.67391546550279,93.96360730946674,-0.0,-0.10361272426008028,0.0
2022-01-22,113.67391546550279,90.3797262816052,-0.0,-0.03814116050332261,0.0
2022-01-23,113.67391546550279,93.51393077141164,0.0,0.03467818081281737,0.0
2022-01-24,113.67391546550279,94.57284981571689,0.0,0.011323650236601868,0.0
2022-01-25,113.67391546550279,95.31173483852676,0.0,0.00781286621107058,0.0
2022-01-26,113.67391546550279,94.95252454960179,-0.0,-0.003768793942671822,0.0
2022-01-27,113.67391546550279,95.84878476249388,0.0,0.009439035108791627,0.0
2022-01-28,113.67391546550279,97.2754452434341,0.0,0.014884492114066727,0.0
2022-01-29,113.67391546550279,98.43320704141858,0.0,0.011901891531692854,0.0
2022-01-30,113.67391546550279,97.68640944354236,-0.0,-0.007586846150019255,0.0
2022-01-31,113.67391546550279,99.20856207634218,0.0,0.015582030719222484,0.0
2022-02-01,113.67391546550279,99.7883450604397,0.0,0.005844082123187766,0.0
2022-02-02,113.67391546550279,95.16582901621176,-0.0,-0.046323205795508304,0.0
2022-02-03,113.67391546550279,96.21358797907163,0.0,0.011009823312539968,0.0
2022-02-04,113.67391546550279,107.25699115956597,0.0,0.11478007849469751,0.0
2022-02-05,113.67391546550279,106.7162813474574,-0.0,-0.005041254712284005,0.0
2022-02-06,113.67391546550279,109.32024021237662,0.0,0.02440076464472174,0.0
2022-02-07,113.67391546550279,113.0649501275806,0.0,0.03425449768431843,0.0
2022-02-08,113.67391546550279,113.6255831335859,0.0,0.004958503987068319,0.0
2022-02-09,113.67391546550279,114.47807933194154,0.0,0.0075026783128002705,0.0
2022-02-10,113.67391546550279,112.18771102347998,-0.0,-0.02000704695455613,0.0
2022-02-11,113.67391546550279,109.2462950076033,-0.0,-0.026218700685149754,0.0
2022-02-12,113.67391546550279,108.88159488646615,-0.0,-0.003338329424460218,0.0
2022-02-13,113.67391546550279,108.44349081161884,-0.0,-0.004023674297792268,0.0
2022-02-14,113.67391546550279,109.66445011469368,0.0,0.011258945040747426,0.0
2022-02-15,113.67391546550279,114.90894095208638,0.0,0.04782307148677356,0.0
2022-02-16,113.67391546550279,113.1358024691358,-0.0,-0.015430813897153062,0.0
2022-02-17,113.67391546550279,104.47880100002578,-0.0,-0.07651867295917847,0.0
2022-02-18,113.67391546550279,103.05306837805097,-0.0,-0.0136461426464346,0.0
2022-02-19,113.67391546550279,103.35817933451894,0.0,0.0029607168546272877,0.0
2022-02-20,113.67391546550279,98.94334905538803,-0.0,-0.04271389364205336,0.0
2022-02-21,113.67391546550279,95.42256243717621,-0.0,-0.03558386341097963,0.0
2022-02-22,113.67391546550279,98.58882960901055,0.0,0.03318153580206906,0.0
2022-02-23,113.67391546550279,96.05451171421944,-0.0,-0.025705933469763798,0.0
2022-02-24,113.67391546550279,98.83579473697776,0.0,0.028955256480124314,0.0
2022-02-25,113.67391546550279,101.13270960591768,0.0,0.02323970657647334,0.0
2022-02-26,113.67391546550279,100.87321838191707,-0.0,-0.002565848626144507,0.0
2022-02-27,113.67391546550279,97.21147452253925,-0.0,-0.03630045633632961,0.0
2022-02-28,113.67391546550279,111.32415783911956,0.0,0.14517507717988787,0.0
2022-03-01,113.67391546550279,114.53890564189798,0.0,0.02887736018110476,0.0
2022-03-02,113.67391546550279,113.17905100646922,-0.0,-0.011872425599038672,0.0
2022-03-03,113.67391546550279,109.44717647362046,-0.0,-0.032973191590336404,0.0
2022-03-04,113.67391546550279,100.94721513441068,-0.0,-0.0776626827029977,0.0
2022-03-05,113.67391546550279,101.5552720430939,0.0,0.006023513455755802,0.0
2022-03-06,113.67391546550279,98.99322147478027,-0.0,-0.02522813948276803,0.0
2022-03-07,113.67391546550279,97.9252042578417,-0.0,-0.01078879140437572,0.0
2022-03-08,113.67391546550279,99.87211010593056,0.0,0.01988156024635468,0.0
2022-03-09,113.67391546550279,108.13157555607103,0.0,0.08270041998091338,0.0
2022-03-10,113.67391546550279,101.63589267764632,-0.0,-0.060072026556723945,0.0
2022-03-11,113.67391546550279,99.82741823242867,-0.0,-0.017793659282882568,0.0
2022-03-12,113.67391546550279,100.03613495193174,0.0,0.002090775492331387,0.0
2022-03-13,113.67391546550279,97.40717544266604,-0.0,-0.02628009879159099,0.0
2022-03-14,113.67391546550279,102.25565091883811,0.0,0.04977534205399348,0.0
2022-03-15,113.67391546550279,101.28637336013814,-0.0,-0.00947896326501596,0.0
2022-03-16,113.67391546550279,106.00265470759555,0.0,0.0465638287856156,0.0
2022-03-17,113.67391546550279,105.54480785587258,-0.0,-0.00431920175004985,0.0
2022-03-18,113.67391546550279,107.67024923322766,0.0,0.02013781085524835,0.0
2022-03-19,113.67391546550279,108.84883631021418,0.0,0.010946264965297381,0.0
2022-03-20,113.67391546550279,106.41315497822109,-0.0,-0.022376732857772752,0.0
2022-03-21,113.67391546550279,105.71847212557024,-0.0,-0.006528167055971701,0.0
2022-03-22,113.67391546550279,109.22513466841929,0.0,0.03316981859786905,0.0
2022-03-23,113.67391546550279,110.56911260599499,0.0,0.012304658095919851,0.0
2022-03-24,113.67391546550279,113.43666073867882,0.0,0.025934441048669044,0.0
2022-03-25,113.67391546550279,114.2602902136653,0.0,0.007260699227420231,0.0
2022-03-26,113.67391546550279,114.79527822882032,0.0,0.004682186734819238,0.0
2022-03-27,113.67391546550279,120.75056058145829,0.0,0.05187741555682601,0.0
2022-03-28,113.67391546550279,121.51065749117245,0.0,0.0062947692006896094,0.0
2022-03-29,113.67391546550279,122.30776566406351,0.0,0.006559985678202596,0.0
2022-03-30,113.67391546550279,121.33825614062218,-0.0,-0.007926802670112032,0.0
2022-03-31,113.67391546550279,117.34439031933812,-0.0,-0.032915141096600764,0.0
2022-04-01,113.67391546550279,119.32353926647593,0.0,0.016866157314821884,0.0
2022-04-02,113.67391546550279,118.11198742235624,-0.0,-0.010153502415093718,0.0
2022-04-03,113.67391546550279,119.64782597489626,0.0,0.013003240281175055,0.0
2022-04-04,113.67391546550279,120.09801799015439,0.0,0.0037626426689321146,0.0
2022-04-05,113.67391546550279,117.2878166963066,-0.0,-0.02339923123525789,0.0
2022-04-06,113.67391546550279,111.25724889816748,-0.0,-0.05141683056266688,0.0
2022-04-07,113.67391546550279,111.99304105775921,0.0,0.0066134311865397866,0.0
2022-04-08,113.67391546550279,108.92553931802365,-0.0,-0.0273901102315236,0.0
2022-04-09,113.67391546550279,110.22688729090956,0.0,0.011947133620210382,0.0
2022-04-10,113.67391546550279,108.67795561741282,-0.0,-0.014052212772812989,0.0
2022-04-11,113.67391546550279,101.8991984329493,-0.0,-0.062374721220624374,0.0
2022-04-12,113.67391546550279,103.31768860022166,0.0,0.013920523312121347,0.0
2022-04-13,113.67391546550279,106.05087759993815,0.0,0.026454221312405712,0.0
2022-04-14,113.67391546550279,102.97708703832573,-0.0,-0.02898411244844057,0.0
2022-04-15,113.67391546550279,104.52480734039537,0.0,0.015029754157773079,0.0
2022-04-16,113.67391546550279,104.09443542359338,-0.0,-0.0041174141120436936,0.0
2022-04-17,113.67391546550279,102.27980102579963,-0.0,-0.017432578316116776,0.0
2022-04-18,113.67391546550279,105.16657645815614,0.0,0.028224296521933256,0.0
2022-04-19,113.67391546550279,106.97144256295265,0.0,0.017161974513020484,0.0
2022-04-20,113.67391546550279,106.64607335240599,-0.0,-0.0030416455340889215,0.0
2022-04-21,113.67391546550279,104.33467357406118,-0.0,-0.02167355726925757,0.0
2022-04-22,113.67391546550279,102.35379777829326,-0.0,-0.018985786104576463,0.0
2022-04-23,113.67391546550279,101.71878141189207,-0.0,-0.006204130967144783,0.0
2022-04-24,113.67391546550279,101.71540503621226,-0.0,-3.3193237600093184e-05,0.0
2022-04-25,113.67391546550279,104.22748008969303,0.0,0.024697095317925744,0.0
2022-04-26,113.67391546550279,98.23402665017139,-0.0,-0.057503581918741276,0.0
2022-04-27,113.67391546550279,101.16526199128843,0.0,0.029839307631720047,0.0
2022-04-28,113.67391546550279,102.43361942318101,0.0,0.012537479831780551,0.0
2022-04-29,113.67391546550279,99.46931621949018,-0.0,-0.02893877244974119,0.0
2022-04-30,113.67391546550279,97.02337689115699,-0.0,-0.02458988782968974,0.0
2022-05-01,113.67391546550279,99.15990102837702,0.0,0.022020715065574903,0.0
2022-05-02,113.67391546550279,99.25742931518853,0.0,0.000983545624794413,0.0
2022-05-03,113.67391546550279,97.21794376143714,-0.0,-0.020547434764556338,0.0
2022-05-04,113.67391546550279,102.24376916930848,0.0,0.05169647920351195,0.0
2022-05-05,113.67391546550279,94.17051985875925,-0.0,-0.07896079512855692,0.0
2022-05-06,113.67391546550279,92.78357689631176,-0.0,-0.014727995178615227,0.0
2022-05-07,113.67391546550279,91.38895332353927,-0.0,-0.015030931328838704,0.0
2022-05-08,113.67391546550279,87.70305935719993,-0.0,-0.040331942015906064,0.0
2022-05-09,113.67391546550279,77.52331245650662,-0.0,-0.11607060204402808,0.0
2022-05-10,113.67391546550279,79.90512642078404,0.0,0.030723841497532822,0.0
2022-05-11,113.67391546550279,74.67290394082322,-0.0,-0.06548043554061478,0.0
2022-05-12,113.67391546550279,74.59457717982423,-0.0,-0.0010489314981115827,0.0
2022-05-13,113.67391546550279,75.3426119229877,0.0,0.010028004332810925,0.0
2022-05-14,113.67391546550279,77.429521379417,0.0,0.02769892632024029,0.0
2022-05-15,113.67391546550279,80.6465372818887,0.0,0.041547666124756466,0.0
2022-05-16,113.67391546550279,76.90891517822624,-0.0,-0.04634572332099185,0.0
2022-05-17,113.67391546550279,78.3837727776489,0.0,0.019176679270600516,0.0
2022-05-18,113.67391546550279,73.90123456790123,-0.0,-0.05718706883965996,0.0
2022-05-19,113.67391546550279,78.02930487899172,0.0,0.05585928753730873,0.0
2022-05-20,113.67391546550279,75.14562230985335,-0.0,-0.0369564046944979,0.0
2022-05-21,113.67391546550279,75.79643805252712,0.0,0.008660727300789706,0.0
2022-05-22,113.67391546550279,77.99394314286451,0.0,0.028992194709921648,0.0
2022-05-23,113.67391546550279,74.95688033196731,-0.0,-0.03893972645201538,0.0
2022-05-24,113.67391546550279,76.3587721333024,0.0,0.018702643374783223,0.0
2022-05-25,113.67391546550279,76.04188252274544,-0.0,-0.004150009248495512,0.0
2022-05-26,113.67391546550279,75.17219515966906,-0.0,-0.011436952035166037,0.0
2022-05-27,113.67391546550279,73.70888424959406,-0.0,-0.01946611918099328,0.0
2022-05-28,113.67391546550279,74.76736513827676,0.0,0.01436028912197962,0.0
2022-05-29,113.67391546550279,75.89646640377329,0.0,0.015101525423670381,0.0
2022-05-30,113.67391546550279,81.73257042707286,0.0,0.07689559606439622,0.0
2022-05-31,113.67391546550279,81.91976597334983,0.0,0.0022903420912718797,0.0
2022-06-01,113.67391546550279,76.77721075285446,-0.0,-0.0627755116166756,0.0
2022-06-02,113.67391546550279,78.4395216371556,0.0,0.021651097610879688,0.0
2022-06-03,113.67391546550279,76.47323384623314,-0.0,-0.02506756479237693,0.0
2022-06-04,113.67391546550279,76.91739477821594,0.0,0.005808057403141609,0.0
2022-06-05,113.67391546550279,77.06781102605737,0.0,0.0019555556746968517,0.0
2022-06-06,113.67391546550279,80.78458207685765,0.0,0.048227281939324795,0.0
2022-06-07,113.67391546550279,80.17448903322251,-0.0,-0.007552097540774683,0.0
2022-06-08,113.67391546550279,77.77777777777777,-0.0,-0.029893689181499927,0.0
2022-06-09,113.67391546550279,77.526791927627,-0.0,-0.0032269609305100033,0.0
2022-06-10,113.67391546550279,74.90685326941416,-0.0,-0.033793977450512935,0.0
2022-06-11,113.67391546550279,73.16845794994717,-0.0,-0.023207426872072556,0.0
2022-06-12,113.67391546550279,68.443001108276,-0.0,-0.06458325040694113,0.0
2022-06-13,113.67391546550279,57.89058996365886,-0.0,-0.15417808941374944,0.0
2022-06-14,113.67391546550279,57.0124230005928,-0.0,-0.01516942500702334,0.0
2022-06-15,113.67391546550279,58.151833810149746,0.0,0.019985307580158596,0.0
2022-06-16,113.67391546550279,52.50650789968814,-0.0,-0.09707906940462274,0.0
2022-06-17,113.67391546550279,52.702028402793886,0.0,0.003723738464559201,0.0
2022-06-18,113.67391546550279,48.83860408773422,-0.0,-0.07330693774311836,0.0
2022-06-19,113.67391546550279,52.971571432253405,0.0,0.08462500969713793,0.0
2022-06-20,113.67391546550279,52.96463826387278,-0.0,-0.00013088470274080777,0.0
2022-06-21,113.67391546550279,53.34405525915616,0.0,0.007163590797941488,0.0
2022-06-22,113.67391546550279,51.466429547153275,-0.0,-0.035198405949472766,0.0
2022-06-23,113.67391546550279,54.39431428645068,0.0,0.05688921429093696,0.0
2022-06-24,113.67391546550279,54.70171911647208,0.0,0.005651414749022088,0.0
2022-06-25,113.67391546550279,55.35719992783319,0.0,0.011982819223020247,0.0
2022-06-26,113.67391546550279,54.197066934714805,-0.0,-0.020957219560071683,0.0
2022-06-27,113.67391546550279,53.416763318642225,-0.0,-0.014397524814627416,0.0
2022-06-28,113.67391546550279,52.19951545142916,-0.0,-0.022787750353796765,0.0
2022-06-29,113.67391546550279,51.792030722441304,-0.0,-0.0078062933240637955,0.0
2022-06-30,113.67391546550279,51.51065749117245,-0.0,-0.005432751474387265,0.0
2022-07-01,113.67391546550279,49.62179437614371,-0.0,-0.03666936527363174,0.0
2022-07-02,113.67391546550279,49.54774607592979,-0.0,-0.001492253578188274,0.0
2022-07-03,113.67391546550279,49.72120415474626,0.0,0.0035008268297542777,0.0
2022-07-04,113.67391546550279,52.092450836361756,0.0,0.04769085387062466,0.0
2022-07-05,113.67391546550279,51.94337482924817,-0.0,-0.0028617583684414916,0.0
2022-07-06,113.67391546550279,52.946390370885844,0.0,0.019309787724322014,0.0
2022-07-07,113.67391546550279,55.70916776205572,0.0,0.052180656165921935,0.0
2022-07-08,113.67391546550279,55.62566045516637,-0.0,-0.001498986795961943,0.0
2022-07-09,113.67391546550279,55.63027397613341,0.0,8.293871801767772e-05,0.0
2022-07-10,113.67391546550279,53.74017371581742,-0.0,-0.033976109143860844,0.0
2022-07-11,113.67391546550279,51.39934018918013,-0.0,-0.04355835429590926,0.0
2022-07-12,113.67391546550279,49.75295755045234,-0.0,-0.03203120181442276,0.0
2022-07-13,113.67391546550279,52.11533802417588,0.0,0.04748221191329094,0.0
2022-07-14,113.67391546550279,53.03492358050465,0.0,0.017645199881504814,0.0
2022-07-15,113.67391546550279,53.680636098868526,0.0,0.012175232370867928,0.0
2022-07-16,113.67391546550279,54.61398489651795,0.0,0.01738706664970202,0.0
2022-07-17,113.67391546550279,53.588339905667674,-0.0,-0.018779896628924986,0.0
2022-07-18,113.67391546550279,57.80447949689425,0.0,0.0786764359308072,0.0
2022-07-19,113.67391546550279,60.298100466506874,0.0,0.04313888804667121,0.0
2022-07-20,113.67391546550279,59.86491919894843,-0.0,-0.007183995253698838,0.0
2022-07-21,113.67391546550279,59.67669269826541,-0.0,-0.0031441869996930993,0.0
2022-07-22,113.67391546550279,58.47490914714297,-0.0,-0.02013823985184382,0.0
2022-07-23,113.67391546550279,57.86409443542359,-0.0,-0.010445757344955564,0.0
2022-07-24,113.67391546550279,58.20621665506843,0.0,0.005912513156611343,0.0
2022-07-25,113.67391546550279,54.9328848681667,-0.0,-0.05623680725204283,0.0
2022-07-26,113.67391546550279,54.79927317714374,-0.0,-0.002432271513568174,0.0
2022-07-27,113.67391546550279,59.18345833655506,0.0,0.08000443993552686,0.0
2022-07-28,113.67391546550279,61.475038016443726,0.0,0.038719935338304534,0.0
2022-07-29,113.67391546550279,61.301837676228764,-0.0,-0.0028174092412700524,0.0
2022-07-30,113.67391546550279,60.95551431737932,-0.0,-0.0056494776009585745,0.0
2022-07-31,113.67391546550279,60.0722699038635,-0.0,-0.014489983775987758,0.0
2022-08-01,113.67391546550279,59.98572128147633,-0.0,-0.0014407416687546304,0.0
2022-08-02,113.67391546550279,59.25255805561999,-0.0,-0.012222295742949307,0.0
2022-08-03,113.67391546550279,58.828835794736975,-0.0,-0.007151121821361239,0.0
2022-08-04,113.67391546550279,58.310626562540264,-0.0,-0.00880876232201544,0.0
2022-08-05,113.67391546550279,60.10672955488544,0.0,0.030802327092451787,0.0
2022-08-06,113.67391546550279,59.17917987577,-0.0,-0.015431710991170577,0.0
2022-08-07,113.67391546550279,59.73708085259929,0.0,0.00942731849276135,0.0
2022-08-08,113.67391546550279,61.38212325059924,0.0,0.02753804462020959,0.0
2022-08-09,113.67391546550279,59.68780123199051,-0.0,-0.02760285778469207,0.0
2022-08-10,113.67391546550279,61.759787623392356,0.0,0.03471373293428215,0.0
2022-08-11,113.67391546550279,61.71514729761076,-0.0,-0.000722805687963235,0.0
2022-08-12,113.67391546550279,62.92734348823423,0.0,0.019641793687664055,0.0
2022-08-13,113.67391546550279,63.03381530451816,0.0,0.0016919801533308299,0.0
2022-08-14,113.67391546550279,62.67354828732699,-0.0,-0.005715456306281119,0.0
2022-08-15,113.67391546550279,62.10938426248099,-0.0,-0.009001628921017635,0.0
2022-08-16,113.67391546550279,61.49109513131782,-0.0,-0.009954842388232632,0.0
2022-08-17,113.67391546550279,60.159205134152934,-0.0,-0.02165988415591802,0.0
2022-08-18,113.67391546550279,59.76818990180159,-0.0,-0.006499674180857173,0.0
2022-08-19,113.67391546550279,53.69968298152014,-0.0,-0.1015340590078424,0.0
2022-08-20,113.67391546550279,54.48395577205598,0.0,0.014604793678311578,0.0
2022-08-21,113.67391546550279,55.46179025232609,0.0,0.017947200536632568,0.0
2022-08-22,113.67391546550279,55.15155029768808,-0.0,-0.005593760194659292,0.0
2022-08-23,113.67391546550279,55.4868424443929,0.0,0.006079469115465086,0.0
2022-08-24,113.67391546550279,55.07131627103791,-0.0,-0.0074887334555289176,0.0
2022-08-25,113.67391546550279,55.573236423619164,0.0,0.00911400319743616,0.0
2022-08-26,113.67391546550279,52.16814866362535,-0.0,-0.061272079495924725,0.0
2022-08-27,113.67391546550279,51.64228459496378,-0.0,-0.010080175013537196,0.0
2022-08-28,113.67391546550279,50.39828346091394,-0.0,-0.0240888090797432,0.0
2022-08-29,113.67391546550279,52.287352766823886,0.0,0.037482810448792536,0.0
2022-08-30,113.67391546550279,51.06618727286785,-0.0,-0.023354892327439924,0.0
2022-08-31,113.67391546550279,51.67210495115853,0.0,0.011865340074304065,0.0
2022-09-01,113.67391546550279,51.89218794298822,0.0,0.004259222496117099,0.0
2022-09-02,113.67391546550279,51.428490425010956,-0.0,-0.008935786606005358,0.0
2022-09-03,113.67391546550279,51.123662981004664,-0.0,-0.005927209635887776,0.0
2022-09-04,113.67391546550279,51.55991133792108,0.0,0.00853319835627775,0.0
2022-09-05,113.67391546550279,51.01827366684709,-0.0,-0.010505015563818998,0.0
2022-09-06,113.67391546550279,48.43142864506817,-0.0,-0.05070428369786084,0.0
2022-09-07,113.67391546550279,49.726848630119335,0.0,0.02674750717235086,0.0
2022-09-08,113.67391546550279,49.799917523647515,0.0,0.001469405271821822,0.0
2022-09-09,113.67391546550279,55.06456351967834,0.0,0.10571595813448709,0.0
2022-09-10,113.67391546550279,55.80432485373334,0.0,0.013434435629197994,0.0
2022-09-11,113.67391546550279,56.26876981365499,0.0,0.00832274131331201,0.0
2022-09-12,113.67391546550279,57.740431454418925,0.0,0.02615414635218838,0.0
2022-09-13,113.67391546550279,51.998195829789424,-0.0,-0.09944912914553639,0.0
2022-09-14,113.67391546550279,52.13477151472976,0.0,0.0026265466091823786,0.0
2022-09-15,113.67391546550279,50.78396350421402,-0.0,-0.025909924821174157,0.0
2022-09-16,113.67391546550279,51.03492358050465,0.0,0.0049417189792562155,0.0
2022-09-17,113.67391546550279,51.839918554601915,0.0,0.015773413921692958,0.0
2022-09-18,113.67391546550279,50.04675378231398,-0.0,-0.0345904241805326,0.0
2022-09-19,113.67391546550279,50.36310214180778,0.0,0.006321056523861834,0.0
2022-09-20,113.67391546550279,48.65308384236707,-0.0,-0.033953792096162005,0.0
2022-09-21,113.67391546550279,47.58535013789015,-0.0,-0.02194585872370003,0.0
2022-09-22,113.67391546550279,50.00451042552643,0.0,0.05083834164561507,0.0
2022-09-23,113.67391546550279,49.707492461145904,-0.0,-0.005939823464983007,0.0
2022-09-24,113.67391546550279,48.77239104100621,-0.0,-0.01881208191844752,0.0
2022-09-25,113.67391546550279,48.4770483775355,-0.0,-0.0060555297201319025,0.0
2022-09-26,113.67391546550279,49.55797829840975,0.0,0.022297766820621012,0.0
2022-09-27,113.67391546550279,49.17026212015774,-0.0,-0.007823486582067884,0.0
2022-09-28,113.67391546550279,50.03239774220985,0.0,0.017533679603848995,0.0
2022-09-29,113.67391546550279,50.50534807598134,0.0,0.009452881634982813,0.0
2022-09-30,113.67391546550279,50.068584241861906,-0.0,-0.008647872963123748,0.0
2022-10-01,113.67391546550279,49.782906775947836,-0.0,-0.0057057228647423575,0.0
2022-10-02,113.67391546550279,49.122838217479824,-0.0,-0.01325893968865055,0.0
2022-10-03,113.67391546550279,50.60300523209361,0.0,0.03013195223086851,0.0
2022-10-04,113.67391546550279,52.43740818062321,0.0,0.036250869688786436,0.0
2022-10-05,113.67391546550279,51.96427742983066,-0.0,-0.009022771475714841,0.0
2022-10-06,113.67391546550279,51.45916131859068,-0.0,-0.00972044905121705,0.0
2022-10-07,113.67391546550279,50.34420990231707,-0.0,-0.021666723430854185,0.0
2022-10-08,113.67391546550279,50.051264207840404,-0.0,-0.005818855734255557,0.0
2022-10-09,113.67391546550279,50.1133276630841,0.0,0.0012399977548214203,0.0
2022-10-10,113.67391546550279,49.31268847135236,-0.0,-0.015976572083069462,0.0
2022-10-11,113.67391546550279,49.12010618830382,-0.0,-0.0039053292168488296,0.0
2022-10-12,113.67391546550279,49.37220031444109,0.0,0.005132198313473779,0.0
2022-10-13,113.67391546550279,49.94626150158509,0.0,0.011627214981060785,0.0
2022-10-14,113.67391546550279,49.42910899765458,-0.0,-0.010354178438642614,0.0
2022-10-15,113.67391546550279,49.15136988066703,-0.0,-0.005618938366878656,0.0
2022-10-16,113.67391546550279,49.65189824480012,0.0,0.01018340618681246,0.0
2022-10-17,113.67391546550279,50.38892754967912,0.0,0.014843930059737165,0.0
2022-10-18,113.67391546550279,49.81767571329157,-0.0,-0.011336852442916934,0.0
2022-10-19,113.67391546550279,49.29039408232171,-0.0,-0.010584227855278794,0.0
2022-10-20,113.67391546550279,49.07982164488775,-0.0,-0.004272078593696604,0.0
2022-10-21,113.67391546550279,49.39934018918014,0.0,0.006510181446954366,0.0
2022-10-22,113.67391546550279,49.50926570272429,0.0,0.002225242546219919,0.0
2022-10-23,113.67391546550279,50.44573313745199,0.0,0.018914993414579584,0.0
2022-10-24,113.67391546550279,49.8219284002165,-0.0,-0.012365857297301663,0.0
2022-10-25,113.67391546550279,51.77009716745277,0.0,0.03910263672627745,0.0
2022-10-26,113.67391546550279,53.54622541818088,0.0,0.03430799530824036,0.0
2022-10-27,113.67391546550279,52.31312662697492,-0.0,-0.023028678148194537,0.0
2022-10-28,113.67391546550279,53.08876517436016,0.0,0.01482684361261799,0.0
2022-10-29,113.67391546550279,53.67027500708781,0.0,0.01095353849007008,0.0
2022-10-30,113.67391546550279,53.173226114075106,-0.0,-0.00926115793047566,0.0
2022-10-31,113.67391546550279,52.81048480630944,-0.0,-0.00682187887166108,0.0
2022-11-01,113.67391546550279,52.783911956493725,-0.0,-0.0005031737525829083,0.0
2022-11-02,113.67391546550279,51.93793654475631,-0.0,-0.016027145021662914,0.0
2022-11-03,113.67391546550279,52.08092992087425,0.0,0.0027531585894775557,0.0
2022-11-04,113.67391546550279,54.49676538055105,0.0,0.04638618134021688,0.0
2022-11-05,113.67391546550279,54.89948194541096,0.0,0.007389733354773442,0.0
2022-11-06,113.67391546550279,53.89100234542127,-0.0,-0.018369564962242735,0.0
2022-11-07,113.67391546550279,53.07737312817341,-0.0,-0.015097682021811276,0.0
2022-11-08,113.67391546550279,47.81115492667337,-0.0,-0.09921776250650094,0.0
2022-11-09,113.67391546550279,40.95971545658393,-0.0,-0.14330211183137698,0.0
2022-11-10,113.67391546550279,45.24315059666486,0.0,0.10457677970495771,0.0
2022-11-11,113.67391546550279,43.8506662542849,-0.0,-0.03077779341217246,0.0
2022-11-12,113.67391546550279,43.25712002886673,-0.0,-0.013535626163038605,0.0
2022-11-13,113.67391546550279,42.01497461274775,-0.0,-0.028715397957378097,0.0
2022-11-14,113.67391546550279,42.76071548235779,0.0,0.017749406645690913,0.0
2022-11-15,113.67391546550279,43.50094074589551,0.0,0.017310871794068206,0.0
2022-11-16,113.67391546550279,42.90120879404109,-0.0,-0.013786643267272636,0.0
2022-11-17,113.67391546550279,42.99201010335318,0.0,0.0021165209993967427,0.0
2022-11-18,113.67391546550279,42.99231938967499,0.0,7.194041894420522e-06,0.0
2022-11-19,113.67391546550279,42.998582437691695,0.0,0.00014567830034795115,0.0
2022-11-20,113.67391546550279,41.8890435320498,-0.0,-0.025804081035687765,0.0
2022-11-21,113.67391546550279,40.61996443207299,-0.0,-0.030296206190666974,0.0
2022-11-22,113.67391546550279,41.752906002732026,0.0,0.027891249697020504,0.0
2022-11-23,113.67391546550279,42.75110183252146,0.0,0.023907218092175775,0.0
2022-11-24,113.67391546550279,42.75267403799067,0.0,3.6775788267995324e-05,0.0
2022-11-25,113.67391546550279,42.554962756772085,-0.0,-0.004624536024177006,0.0
2022-11-26,113.67391546550279,42.40039691744632,-0.0,-0.003632146036860573,0.0
2022-11-27,113.67391546550279,42.32036908167736,-0.0,-0.001887431288079111,0.0
2022-11-28,113.67391546550279,41.76989097657156,-0.0,-0.013007403220973712,0.0
2022-11-29,113.67391546550279,42.36707131627104,0.0,0.014296909226658716,0.0
2022-11-30,113.67391546550279,44.24683625866646,0.0,0.04436853631828708,0.0
2022-12-01,113.67391546550279,43.76422072733833,-0.0,-0.010907345521988576,0.0
2022-12-02,113.67391546550279,44.05966648624964,0.0,0.006750851586093676,0.0
2022-12-03,113.67391546550279,43.528261037655604,-0.0,-0.012061041105698833,0.0
2022-12-04,113.67391546550279,44.096239593803965,0.0,0.013048500964856213,0.0
2022-12-05,113.67391546550279,43.72806000154643,-0.0,-0.00834945554652855,0.0
2022-12-06,113.67391546550279,44.045078481404154,0.0,0.007249772339466221,0.0
2022-12-07,113.67391546550279,43.403180494342635,-0.0,-0.014573659741179301,0.0
2022-12-08,113.67391546550279,44.39807727003273,0.0,0.02292220902612807,0.0
2022-12-09,113.67391546550279,44.152143096471555,-0.0,-0.005539297840881252,0.0
2022-12-10,113.67391546550279,44.145725405293945,-0.0,-0.00014535401290916017,0.0
2022-12-11,113.67391546550279,44.03518131910616,-0.0,-0.002504072255533285,0.0
2022-12-12,113.67391546550279,44.361091780715995,0.0,0.007401138177406175,0.0
2022-12-13,113.67391546550279,45.8083455759169,0.0,0.03262439532270567,0.0
2022-12-14,113.67391546550279,45.890280677337046,0.0,0.0017886500896295843,0.0
2022-12-15,113.67391546550279,44.738163354725636,-0.0,-0.02510591143933416,0.0
2022-12-16,113.67391546550279,42.868733730250774,-0.0,-0.041786016329107833,0.0
2022-12-17,113.67391546550279,43.25433645197041,0.0,0.008994964118744786,0.0
2022-12-18,113.67391546550279,43.14843166060981,-0.0,-0.002448420205872326,0.0
2022-12-19,113.67391546550279,42.37155596793732,-0.0,-0.01800472607632908,0.0
2022-12-20,113.67391546550279,43.551766798113356,0.0,0.027853846836993768,0.0
2022-12-21,113.67391546550279,43.36854042629965,-0.0,-0.004207093885836177,0.0
2022-12-22,113.67391546550279,43.34006031083275,-0.0,-0.0006566998839930838,0.0
2022-12-23,113.67391546550279,43.241346426454285,-0.0,-0.0022776591373082633,0.0
2022-12-24,113.67391546550279,43.395757622619136,0.0,0.0035709155455525554,0.0
2022-12-25,113.67391546550279,43.3748807958968,-0.0,-0.00048107989965018305,0.0
2022-12-26,113.67391546550279,43.604113508080104,0.0,0.005284918551407003,0.0
2022-12-27,113.67391546550279,43.03907317198897,-0.0,-0.012958418154434659,0.0
2022-12-28,113.67391546550279,42.62908837856646,-0.0,-0.009525874123361477,0.0
2022-12-29,113.67391546550279,42.85558906157375,0.0,0.005313289390471265,0.0
2022-12-30,113.67391546550279,42.78486558931931,-0.0,-0.0016502741836736945,0.0
2022-12-31,113.67391546550279,42.60509291476584,-0.0,-0.004201781916976399,0.0
2023-01-01,113.67391546550279,42.814453980772704,0.0,0.004913991536779516,0.0
2023-01-02,113.67391546550279,42.95716384442898,0.0,0.003333216948658624,0.0
2023-01-03,113.67391546550279,42.96365885718704,0.0,0.00015119742964375682,0.0
2023-01-04,113.67391546550279,43.41457254052939,0.0,0.010495234701523026,0.0
2023-01-05,113.67391546550279,43.3662981004665,-0.0,-0.001111940927618682,0.0
2023-01-06,113.67391546550279,43.681692827134725,0.0,0.007272807237028722,0.0
2023-01-07,113.67391546550279,43.66702750070878,-0.0,-0.0003357316412617717,0.0
2023-01-08,113.67391546550279,44.138199438129845,0.0,0.01079010787746948,0.0
2023-01-09,113.67391546550279,44.27428541972731,0.0,0.0030831792716923268,0.0
2023-01-10,113.67391546550279,44.958632954457585,0.0,0.015456997854229604,0.0
2023-01-11,113.67391546550279,46.24931054924096,0.0,0.028708114770545023,0.0
2023-01-12,113.67391546550279,48.577927266166654,0.0,0.05034922011316145,0.0
2023-01-13,113.67391546550279,51.379880924766105,0.0,0.05767956387367201,0.0
2023-01-14,119.50242589315067,54.014330266243974,0.05127394797460538,0.05127394797460538,1.0
2023-01-15,119.0615269690642,53.81504677955618,-0.003689455848207457,-0.003689455848207457,1.0
2023-01-16,120.81668331714764,54.608366195005026,0.014741591114814767,0.014741591114814767,1.0
2023-01-17,120.52489855323788,54.47648135261218,-0.002415103244837624,-0.002415103244837624,1.0
2023-01-18,117.8902252619173,53.285625918193766,-0.021859991777191223,-0.021859991777191223,1.0
2023-01-19,120.22775366272901,54.34217376736514,0.019828008603923086,0.019828008603923086,1.0
2023-01-20,129.26920380554134,58.42885125905307,0.07520268712809863,0.07520268712809863,1.0
2023-01-21,129.95096629084625,58.737003531018836,0.005273974506182277,0.005273974506182277,1.0
2023-01-22,129.52614774655706,58.544988272893626,-0.0032690679909097575,-0.0032690679909097575,1.0
2023-01-23,130.6975064763274,59.07443490811619,0.009043415172528046,0.009043415172528046,1.0
2023-01-24,129.07737970044215,58.34214799350498,-0.012396003715485437,-0.012396003715485437,1.0
2023-01-25,131.5076268868934,59.44060413928194,0.018827831740086953,0.018827831740086953,1.0
2023-01-26,131.21173649409923,59.30686357895822,-0.0022499865581839806,-0.0022499865581839806,1.0
2023-01-27,131.63330474885493,59.49740972705482,0.0032128852648380946,0.0032128852648380946,1.0
2023-01-28,131.3171143021323,59.354493672517336,-0.002402055067491471,-0.002402055067491471,1.0
2023-01-29,135.40478106016874,61.20209283744426,0.031128210361305975,0.031128210361305975,1.0
2023-01-30,130.21703385160512,58.85726436248356,-0.03831288059362081,-0.03831288059362081,1.0
2023-01-31,131.886827332467,59.61200030928632,0.01282315708991466,0.01282315708991466,1.0
2023-02-01,135.34872782137194,61.176757132915796,0.026249023946705474,0.026249023946705474,1.0
2023-02-02,133.9680390411203,60.55269465707879,-0.010200973459268847,-0.010200973459268847,1.0
2023-02-03,133.62419262205134,60.39727828036805,-0.0025666302315840994,-0.0025666302315840994,1.0
2023-02-04,133.02733682298086,60.12750328616716,-0.004466674689355576,-0.004466674689355576,1.0
2023-02-05,130.7890277868756,59.1158019536586,-0.016825932846297298,-0.016825932846297298,1.0
2023-02-06,129.80669905365815,58.67179566483672,-0.007510788556500336,-0.007510788556500336,1.0
2023-02-07,132.54720633399896,59.91048738369545,0.021112217630678387,0.021112217630678387,1.0
2023-02-08,130.94891922287385,59.188071857522104,-0.012058248191951004,-0.012058248191951004,1.0
2023-02-09,124.31291142533614,56.188638882445424,-0.05067630826523506,-0.05067630826523506,1.0
2023-02-10,123.33406107214574,55.74620479909276,-0.007874084372791024,-0.007874084372791024,1.0
2023-02-11,124.67272417895556,56.35127193999845,0.010853961145629976,0.010853961145629976,1.0
2023-02-12,124.25115592419985,56.16072579190185,-0.003381399239745453,-0.003381399239745453,1.0
2023-02-13,124.2473924310558,56.159024717131885,-3.0289401463101662e-05,-3.0289401463101662e-05,1.0
2023-02-14,126.62597712071158,57.234129745612,0.019143940513485225,0.019143940513485225,1.0
2023-02-15,138.73056854703094,62.70532745689322,0.09559327163003961,0.09559327163003961,1.0
2023-02-16,134.09525651391348,60.610196139075754,-0.0334123335733757,-0.0334123335733757,1.0
2023-02-17,140.14792287412521,63.345962524807334,0.04513706537847373,0.04513706537847373,1.0
2023-02-18,140.48224651508733,63.497074666872855,0.002385505500944074,0.002385505500944074,1.0
2023-02-19,138.4583995655689,62.582308822392335,-0.014406425009021229,-0.014406425009021229,1.0
2023-02-20,141.67253675582464,64.03507822366556,0.02321373929166093,0.02321373929166093,1.0
2023-02-21,139.4455752217749,63.02850588932704,-0.015719077141167825,-0.015719077141167825,1.0
2023-02-22,137.90602141274616,62.33263743910925,-0.01104053539583627,-0.01104053539583627,1.0
2023-02-23,136.5310919174574,61.711178123147505,-0.009970046856573878,-0.009970046856573878,1.0
2023-02-24,132.21767259340203,59.76154024588263,-0.03159294533924284,-0.03159294533924284,1.0
2023-02-25,132.0627421256391,59.69151266785226,-0.0011717833533447797,-0.0011717833533447797,1.0
2023-02-26,134.32722454588244,60.71504420217016,0.017147019543854558,0.017147019543854558,1.0
2023-02-27,133.9434052678139,60.541560349493544,-0.0028573454068311355,-0.0028573454068311355,1.0
2023-02-28,131.98068657057436,59.65442408309492,-0.014653343278193898,-0.014653343278193898,1.0
2023-03-01,134.7531265200161,60.90754916363824,0.021006406478717876,0.021006406478717876,1.0
2023-03-02,133.82206112523033,60.486713575092146,-0.006909415898765703,-0.006909415898765703,1.0
2023-03-03,127.4922077926978,57.62566045516637,-0.04730052189682743,-0.04730052189682743,1.0
2023-03-04,127.45098043598355,57.60702595427717,-0.00032337158033435287,-0.00032337158033435287,1.0
2023-03-05,127.45098043598355,57.81770148715172,0.0,0.0036571152456605915,0.0
2023-03-06,127.45098043598355,57.760019588133716,-0.0,-0.0009976511956434342,0.0
2023-03-07,127.45098043598355,57.21405190855434,-0.0,-0.009452345817617003,0.0
2023-03-08,127.45098043598355,55.92507538854094,-0.0,-0.022529020004973366,0.0
2023-03-09,127.45098043598355,52.493646743472766,-0.0,-0.061357604280874556,0.0
2023-03-10,127.45098043598355,52.140725276424654,-0.0,-0.0067231272533374575,0.0
2023-03-11,127.45098043598355,53.14709141988196,0.0,0.019300961736186784,0.0
2023-03-12,127.45098043598355,57.26714606046548,0.0,0.07752173318448508,0.0
2023-03-13,127.45098043598355,62.42428928580633,0.0,0.09005413365449866,0.0
2023-03-14,130.30652438865022,63.82290780690224,0.022405037159372476,0.022405037159372476,1.0
2023-03-15,128.27799100928326,62.82935127194,-0.015567396865844407,-0.015567396865844407,1.0
2023-03-16,131.82835855636637,64.56828784247016,0.027677137123438333,0.027677137123438333,1.0
2023-03-17,144.46700187931154,70.75857625196525,0.0958719615517416,0.0958719615517416,1.0
2023-03-18,141.97655078472286,69.53877677259723,-0.017238892357364866,-0.017238892357364866,1.0
2023-03-19,147.62875444269537,72.30717286528002,0.039810825285809814,0.039810825285809814,1.0
2023-03-20,146.41244479703172,71.71143586174901,-0.00823897519324912,-0.00823897519324912,1.0
2023-03-21,148.4331900900632,72.70117786540891,0.01380173178470434,0.01380173178470434,1.0
2023-03-22,143.79096441206914,70.42745947060492,-0.031274849480613764,-0.031274849480613764,1.0
2023-03-23,149.1994220166232,73.07647104306811,0.03761333423604252,0.03761333423604252,1.0
2023-03-24,144.6544421734127,70.85038274182324,-0.030462449396782,-0.030462449396782,1.0
2023-03-25,144.64886421968592,70.84765071264724,-3.856054223405625e-05,-3.856054223405625e-05,1.0
2023-03-26,147.3048121489035,72.14850898219026,0.018361346586059923,0.018361346586059923,1.0
2023-03-27,142.8317668598862,69.95765354777184,-0.03036591421396151,-0.03036591421396151,1.0
2023-03-28,143.522591166725,70.29601278383464,0.004836629287912508,0.004836629287912508,1.0
2023-03-29,149.23415267190305,73.09348179076781,0.03979555733175921,0.03979555733175921,1.0
2023-03-30,147.5288774976634,72.25825407871336,-0.011426842607461185,-0.011426842607461185,1.0
2023-03-31,149.83857131818206,73.3895203484626,0.015655876054200046,0.015655876054200046,1.0
2023-04-01,149.82310038992102,73.38194283357818,-0.00010325063917071553,-0.00010325063917071553,1.0
2023-04-02,148.33326052282627,72.65223330498209,-0.00994399303723792,-0.00994399303723792,1.0
2023-04-03,146.35166615029206,71.68166705327457,-0.013359069743021368,-0.013359069743021368,1.0
2023-04-04,148.28747920450286,72.62981004665069,0.013227133691958493,0.013227133691958493,1.0
2023-04-05,148.2650095229809,72.61880460836619,-0.00015152784066796432,-0.00015152784066796432,1.0
2023-04-06,147.62349222219845,72.30459547926493,-0.004326828716002651,-0.004326828716002651,1.0
2023-04-07,146.98402718740982,71.99139153070955,-0.004331729490765102,-0.004331729490765102,1.0
2023-04-08,147.12542305216274,72.06064589293538,0.000961981158487557,0.000961981158487557,1.0
2023-04-09,149.1365384816848,73.04567128018763,0.013669394369788979,0.013669394369788979,1.0
2023-04-10,156.07961744976262,76.44632593623547,0.04655518385208124,0.04655518385208124,1.0
2023-04-11,159.06213878302052,77.90713678187582,0.01910897388134547,0.01910897388134547,1.0
2023-04-12,157.40459194868814,77.09528596097837,-0.010420750324459438,-0.010420750324459438,1.0
2023-04-13,160.00718096206668,78.37000953632825,0.016534390649968866,0.016534390649968866,1.0
2023-04-14,160.46046863567344,78.59202556766927,0.002832920815686535,0.002832920815686535,1.0
2023-04-15,159.57215319358434,78.15693703445965,-0.005536039185489505,-0.005536039185489505,1.0
2023-04-16,159.5825723901683,78.16204025876955,6.529457913195813e-05,6.529457913195813e-05,1.0
2023-04-17,154.97192003515593,75.90378618005619,-0.02889195408969636,-0.02889195408969636,1.0
2023-04-18,159.93677245181763,78.33552411144618,0.032037109790827856,0.032037109790827856,1.0
2023-04-19,151.60309909521737,74.25376942704709,-0.05210604933965923,-0.05210604933965923,1.0
2023-04-20,148.64815179736343,72.80646408412588,-0.01949133833997696,-0.01949133833997696,1.0
2023-04-21,143.4157680906371,70.24369184772803,-0.03519978986256822,-0.03519978986256822,1.0
2023-04-22,146.40239395588264,71.70651305446016,0.020824947667944294,0.020824947667944294,1.0
2023-04-23,145.2003449277657,71.11776076703008,-0.008210583144420136,-0.008210583144420136,1.0
2023-04-24,144.79026008443887,70.91690507487306,-0.0028242690713362606,-0.0028242690713362606,1.0
2023-04-25,148.94409907811155,72.9514162736153,0.028688663113459745,0.028688663113459745,1.0
2023-04-26,149.58430082376978,73.26498105621279,0.004298268609637779,0.004298268609637779,1.0
2023-04-27,155.14983571015765,75.99092760122684,0.037206677811362,0.037206677811362,1.0
2023-04-28,154.38634013825603,75.61697466429547,-0.004921020820981892,-0.004921020820981892,1.0
2023-04-29,153.91652909228887,75.38686564086703,-0.0030430868789715904,-0.0030430868789715904,1.0
2023-04-30,153.90489958499063,75.38116961777365,-7.55572346051725e-05,-7.55572346051725e-05,1.0
2023-05-01,147.74878569223077,72.36596304028454,-0.03999946661451337,-0.03999946661451337,1.0
2023-05-02,150.9436376225404,73.93077141163432,0.02162354103515063,0.02162354103515063,1.0
2023-05-03,152.8083054556325,74.84406814608624,0.012353404638061116,0.012353404638061116,1.0
2023-05-04,151.85310719102725,74.37622103662466,-0.006250957771942622,-0.006250957771942622,1.0
2023-05-05,155.4289438853156,76.12763215546792,0.02354799819663911,0.02354799819663911,1.0
2023-05-06,152.0921698682034,74.4933116832908,-0.02146816373901539,-0.02146816373901539,1.0
2023-05-07,149.83925540684675,73.38985540864455,-0.014812823456387791,-0.014812823456387791,1.0
2023-05-08,145.73751239609382,71.38086033145184,-0.027374288530837787,-0.027374288530837787,1.0
2023-05-09,145.73751239609382,71.25773860151035,-0.0,-0.0017248563462221034,0.0
2023-05-10,145.73751239609382,71.19773705507873,-0.0,-0.0008420355123414103,0.0
2023-05-11,145.73751239609382,69.55478233975103,-0.0,-0.023075940097038616,0.0
2023-05-12,145.73751239609382,69.09672929714684,-0.0,-0.006585500337946026,0.0
2023-05-13,145.73751239609382,69.04683110389443,-0.0,-0.000722149858031873,0.0
2023-05-14,145.73751239609382,69.40895383901646,0.0,0.00524459601306182,0.0
2023-05-15,145.73751239609382,70.03049047655867,0.0,0.008954704013890868,0.0
2023-05-16,145.73751239609382,69.68653831284311,-0.0,-0.004911463012395867,0.0
2023-05-17,145.73751239609382,70.64040310317276,0.0,0.013687934763633613,0.0
2023-05-18,145.73751239609382,69.12675584422279,-0.0,-0.02142750030374596,0.0
2023-05-19,145.73751239609382,69.30660584035671,0.0,0.002601742175478483,0.0
2023-05-20,145.73751239609382,69.88223923296992,0.0,0.008305606451701752,0.0
2023-05-21,145.73751239609382,68.95190597695817,-0.0,-0.013312871284937633,0.0
2023-05-22,145.73751239609382,69.21500554137992,0.0,0.003815696762750509,0.0
2023-05-23,145.73751239609382,70.16474651408542,0.0,0.013721605095266431,0.0
2023-05-24,145.73751239609382,67.8404082579448,-0.0,-0.03312686743155291,0.0
2023-05-25,145.73751239609382,68.24675893708601,0.0,0.0059898029740059755,0.0
2023-05-26,145.73751239609382,68.85450655944742,0.0,0.008905149956229597,0.0
2023-05-27,145.73751239609382,69.24918167994021,0.0,0.0057320158144194,0.0
2023-05-28,145.73751239609382,72.34732853939535,0.0,0.04473911148545162,0.0
2023-05-29,145.73751239609382,71.5091110595634,-0.0,-0.011586018402538811,0.0
2023-05-30,145.73751239609382,71.39397922626873,-0.0,-0.0016100302687132029,0.0
2023-05-31,145.73751239609382,70.16438568004331,-0.0,-0.017222650418860508,0.0
2023-06-01,145.73751239609382,69.14719451532255,-0.0,-0.014497257474172742,0.0
2023-06-02,145.73751239609382,70.2355473079203,0.0,0.015739652204639798,0.0
2023-06-03,145.73751239609382,69.78942756256605,-0.0,-0.00635176577180252,0.0
2023-06-04,145.73751239609382,69.90396659707724,0.0,0.0016412089697759313,0.0
2023-06-05,145.73751239609382,66.34578210778628,-0.0,-0.050901038417464184,0.0
2023-06-06,145.73751239609382,70.21735096265368,0.0,0.058354408251267476,0.0
2023-06-07,145.73751239609382,67.90486868218252,-0.0,-0.032933203101055186,0.0
2023-06-08,145.73751239609382,68.32217325188793,0.0,0.006145429301373406,0.0
2023-06-09,145.73751239609382,68.25642413464264,-0.0,-0.0009623393711860606,0.0
2023-06-10,145.73751239609382,66.64115054511714,-0.0,-0.02366478481701917,0.0
2023-06-11,145.73751239609382,66.84971262145932,0.0,0.0031296289850364367,0.0
2023-06-12,145.73751239609382,66.76929817778809,-0.0,-0.001202913827417329,0.0
2023-06-13,145.73751239609382,66.83221217041677,0.0,0.0009422593069818852,0.0
2023-06-14,145.73751239609382,64.75254516868992,-0.0,-0.031117734011614995,0.0
2023-06-15,145.73751239609382,65.90373463233588,0.0,0.017778289033225647,0.0
2023-06-16,145.73751239609382,67.86154282326864,0.0,0.02970709022569018,0.0
2023-06-17,145.73751239609382,68.31763705250135,0.0,0.006720952843947581,0.0
2023-06-18,145.73751239609382,67.87922369133224,-0.0,-0.006417279345188542,0.0
2023-06-19,145.73751239609382,69.17131884842392,0.0,0.019035208224643663,0.0
2023-06-20,145.73751239609382,72.9926802237171,0.0,0.055244882400854456,0.0
2023-06-21,154.35529557008232,77.30889971391015,0.059132223627960556,0.059132223627960556,1.0
2023-06-22,153.79556292395642,77.02855743704735,-0.003626261373531947,-0.003626261373531947,1.0
2023-06-23,158.02198953297727,79.14536457125183,0.027480809775445758,0.027480809775445758,1.0
2023-06-24,157.19641346955927,78.73187453284878,-0.005224437851073405,-0.005224437851073405,1.0
2023-06-25,156.85193885954118,78.55934431299777,-0.002191364309242272,-0.002191364309242272,1.0
2023-06-26,155.78125784131046,78.02309337869532,-0.006826061737046696,-0.006826061737046696,1.0
2023-06-27,157.9693457436064,79.11899791231733,0.014045899568514653,0.014045899568514653,1.0
2023-06-28,154.76625676452574,77.51472976107631,-0.02027664901695203,-0.02027664901695203,1.0
2023-06-29,156.67815774839218,78.47230598726772,0.012353474354396043,0.012353474354396043,1.0
2023-06-30,156.78236466283596,78.52449805407356,0.0006651017342897969,0.0006651017342897969,1.0
2023-07-01,157.40240866882758,78.83504729503338,0.003954807081300471,0.003954807081300471,1.0
2023-07-02,157.5377490070928,78.90283254723059,0.0008598365133660746,0.0008598365133660746,1.0
2023-07-03,160.3592605685929,80.31598752545169,0.017910066503318278,0.017910066503318278,1.0
2023-07-04,158.34948227545632,79.30938941725302,-0.01253297306317347,-0.01253297306317347,1.0
2023-07-05,156.94986762901596,78.60839196886518,-0.008838769955721637,-0.008838769955721637,1.0
2023-07-06,153.8628214114517,77.06224387226474,-0.019668995356282304,-0.019668995356282304,1.0
2023-07-07,156.19242487657252,78.2290265213021,0.01514078218344328,0.01514078218344328,1.0
2023-07-08,155.88165670060906,78.07337817985,-0.0019896494737758896,-0.0019896494737758896,1.0
2023-07-09,155.2471009169023,77.75556071032759,-0.00407075339804408,-0.00407075339804408,1.0
2023-07-10,156.5413765243963,78.40379906698625,0.008336874568670938,0.008336874568670938,1.0
2023-07-11,157.6048531139741,78.93644166086754,0.006793581436356222,0.006793581436356222,1.0
2023-07-12,156.34541606503734,78.30565220753112,-0.007991105756280037,-0.007991105756280037,1.0
2023-07-13,161.95468129377824,81.11505451171422,0.035877388476855065,0.035877388476855065,1.0
2023-07-14,156.0814766753178,78.17345807881647,-0.036264494311261886,-0.036264494311261886,1.0
2023-07-15,155.932911064454,78.09904894456042,-0.0009518465229082507,-0.0009518465229082507,1.0
2023-07-16,155.65497449906593,77.95984432588469,-0.0017824111888297134,-0.0017824111888297134,1.0
2023-07-17,155.11690659910343,77.69035284414547,-0.003456798613048706,-0.003456798613048706,1.0
2023-07-18,153.67010294498652,76.96572076599912,-0.009327182225572273,-0.009327182225572273,1.0
2023-07-19,153.95205340633836,77.10693574576665,0.001834777591401604,0.001834777591401604,1.0
2023-07-20,153.39839306436278,76.82963478440166,-0.003596316708516234,-0.003596316708516234,1.0
2023-07-21,153.9070771874624,77.08440939199464,0.003316098121615818,0.003316098121615818,1.0
2023-07-22,153.32583417578712,76.79329364158869,-0.003776584042118558,-0.003776584042118558,1.0
2023-07-23,154.80058072103634,77.53192092579705,0.00961838266314885,0.00961838266314885,1.0
2023-07-24,150.14533622655378,75.200340214954,-0.03007252603833377,-0.03007252603833377,1.0
2023-07-25,150.39316857221365,75.32446712544137,0.0016506163420615394,0.0016506163420615394,1.0
2023-07-26,151.0523223337496,75.65460450011598,0.004382870364350699,0.004382870364350699,1.0
2023-07-27,150.34057624304745,75.29812624036701,-0.004711917564097723,-0.004711917564097723,1.0
2023-07-28,150.86150789485703,75.55903502667594,0.0034650103440299063,0.0034650103440299063,1.0
2023-07-29,151.06508446450619,75.66099641743344,0.0013494268517522112,0.0013494268517522112,1.0
2023-07-30,150.68263222344638,75.46944508879095,-0.002531705075435098,-0.002531705075435098,1.0
2023-07-31,150.42162606539264,75.3387200701049,-0.001732158206970369,-0.001732158206970369,1.0
2023-08-01,150.42162606539264,76.54132838475218,0.0,0.01596268576806481,0.0
2023-08-02,147.72163890245957,75.16745276940128,-0.01794946134779385,-0.01794946134779385,1.0
2023-08-03,147.77208796379117,75.1931235341117,0.00034151436246188105,0.00034151436246188105,1.0
2023-08-04,147.77208796379117,74.94131292043609,-0.0,-0.0033488516215366415,0.0
2023-08-05,147.77208796379117,74.86564086703265,-0.0,-0.0010097508364148577,0.0
2023-08-06,147.77208796379117,74.84731565246527,-0.0,-0.0002447746971128151,0.0
2023-08-07,147.77208796379117,75.20608778576766,0.0,0.004793386779136766,0.0
2023-08-08,147.77208796379117,76.72880744349081,0.0,0.020247292507233672,0.0
2023-08-09,147.77208796379117,76.1946441918606,-0.0,-0.0069617040773584105,0.0
2023-08-10,147.77208796379117,75.8370834299853,-0.0,-0.004692728283827385,0.0
2023-08-11,147.77208796379117,75.77630866774916,-0.0,-0.0008013858060911261,0.0
2023-08-12,147.77208796379117,75.81886131085852,0.0,0.0005615560306049261,0.0
2023-08-13,147.77208796379117,75.45539833500862,-0.0,-0.004793833217300536,0.0
2023-08-14,147.77208796379117,75.7892986932653,0.0,0.0044251354525253195,0.0
2023-08-15,147.77208796379117,75.18271089461068,-0.0,-0.008003607489621922,0.0
2023-08-16,147.77208796379117,73.97229310033764,-0.0,-0.016099682757779066,0.0
2023-08-17,147.77208796379117,68.62952653418903,-0.0,-0.07222659109541951,0.0
2023-08-18,147.77208796379117,67.13804479496893,-0.0,-0.021732362359764723,0.0
2023-08-19,147.77208796379117,67.2605479522668,0.0,0.001824645887022358,0.0
2023-08-20,147.77208796379117,67.4995231835872,0.0,0.003552977764766263,0.0
2023-08-21,147.77208796379117,67.33467357406118,-0.0,-0.0024422336892314656,0.0
2023-08-22,147.77208796379117,67.12057011778654,-0.0,-0.0031796910107413368,0.0
2023-08-23,147.77208796379117,68.11397200958788,0.0,0.014800260040373159,0.0
2023-08-24,147.77208796379117,67.4334132322998,-0.0,-0.009991471018490516,0.0
2023-08-25,147.77208796379117,67.13933348797649,-0.0,-0.004361038989829091,0.0
2023-08-26,147.77208796379117,67.03680507229568,-0.0,-0.0015270990990575717,0.0
2023-08-27,147.77208796379117,67.24699090182736,0.0,0.0031353795770101556,0.0
2023-08-28,147.77208796379117,67.27245547565659,0.0,0.00037867231660082545,0.0
2023-08-29,147.77208796379117,71.43993401891801,0.0,0.06194925566184328,0.0
2023-08-30,147.77208796379117,70.37825717157659,-0.0,-0.014861111812621175,0.0
2023-08-31,147.77208796379117,66.83793396737029,-0.0,-0.0503042181845349,0.0
2023-09-01,147.77208796379117,66.4833629732725,-0.0,-0.00530493647919883,0.0
2023-09-02,147.77208796379117,66.6713832830743,0.0,0.0028280806113460955,0.0
2023-09-03,147.77208796379117,66.93427665661487,0.0,0.003943121630225699,0.0
2023-09-04,147.77208796379117,66.53813242609345,-0.0,-0.0059184060889116985,0.0
2023-09-05,147.77208796379117,66.45508904868682,-0.0,-0.0012480569318484847,0.0
2023-09-06,147.77208796379117,66.36158148405887,-0.0,-0.0014070790659755916,0.0
2023-09-07,147.77208796379117,67.72416814866362,0.0,0.020532763598047676,0.0
2023-09-08,147.77208796379117,66.77063841851594,-0.0,-0.014079607859553978,0.0
2023-09-09,147.77208796379117,66.74867908966726,-0.0,-0.0003288770239254779,0.0
2023-09-10,147.77208796379117,66.57841696950952,-0.0,-0.0025507938506021954,0.0
2023-09-11,147.77208796379117,64.8267738859249,-0.0,-0.026309473299535147,0.0
2023-09-12,147.77208796379117,66.60122683574319,0.0,0.027372223596083822,0.0
2023-09-13,147.77208796379117,67.59620093301373,0.0,0.014939275814309427,0.0
2023-09-14,147.77208796379117,68.38516456609706,0.0,0.011671715602259436,0.0
2023-09-15,147.77208796379117,68.56470527590916,0.0,0.002625433614897199,0.0
2023-09-16,147.77208796379117,68.48034743163483,-0.0,-0.0012303391947048326,0.0
2023-09-17,147.77208796379117,68.38049949740973,-0.0,-0.0014580523897719244,0.0
2023-09-18,147.77208796379117,68.982422227377,0.0,0.00880254947523551,0.0
2023-09-19,147.77208796379117,70.14647284723833,0.0,0.016874597647853484,0.0
2023-09-20,147.77208796379117,69.90886363050593,-0.0,-0.003387329499087599,0.0
2023-09-21,147.77208796379117,68.46707389365706,-0.0,-0.0206238474203968,0.0
2023-09-22,147.77208796379117,68.50279646382639,0.0,0.0005217481650350297,0.0
2023-09-23,147.77208796379117,68.5058893270445,0.0,4.514944466182946e-05,0.0
2023-09-24,147.77208796379117,67.65700146911003,-0.0,-0.01239145811073139,0.0
2023-09-25,147.77208796379117,67.77514884404238,0.0,0.0017462697483909828,0.0
2023-09-26,147.77208796379117,67.54926673367869,-0.0,-0.0033328161459807992,0.0
2023-09-27,147.77208796379117,67.93376117941183,0.0,0.0056920595044955835,0.0
2023-09-28,147.77208796379117,69.65937266424392,0.0,0.025401382977674025,0.0
2023-09-29,147.77208796379117,69.34972550838938,-0.0,-0.004445161419225241,0.0
2023-09-30,147.77208796379117,69.48890435320497,0.0,0.002006912699297647,0.0
2023-10-01,147.77208796379117,72.15510709038892,0.0,0.03836875486814284,0.0
2023-10-02,147.77208796379117,70.88852805484677,-0.0,-0.017553560470161877,0.0
2023-10-03,147.77208796379117,70.6950179128328,-0.0,-0.0027297807885678926,0.0
2023-10-04,147.77208796379117,71.61718085517668,0.0,0.013044242289900865,0.0
2023-10-05,147.77208796379117,70.65377973659115,-0.0,-0.01345209497332367,0.0
2023-10-06,147.77208796379117,72.02549034768937,0.0,0.01941453969217477,0.0
2023-10-07,147.77208796379117,72.10605943452151,0.0,0.001118619067266513,0.0
2023-10-08,147.77208796379117,71.99554112219387,-0.0,-0.0015327187922119512,0.0
2023-10-09,147.77208796379117,71.12727132142581,-0.0,-0.012060049653552896,0.0
2023-10-10,147.77208796379117,70.60308255367407,-0.0,-0.007369729753625931,0.0
2023-10-11,147.77208796379117,69.25227454315832,-0.0,-0.01913242257501757,0.0
2023-10-12,147.77208796379117,68.94639037088584,-0.0,-0.004416954884014057,0.0
2023-10-13,147.77208796379117,69.23768653831284,0.0,0.004224966178214995,0.0
2023-10-14,147.77208796379117,69.20722183561432,-0.0,-0.00044000174213887355,0.0
2023-10-15,147.77208796379117,70.06915126678523,0.0,0.012454327862173376,0.0
2023-10-16,147.77208796379117,73.50766772339493,0.0,0.04907318548097872,0.0
2023-10-17,147.19483867275974,73.22052114745226,-0.0039063486141771575,-0.0039063486141771575,1.0
2023-10-18,146.76831357054533,73.00835073068893,-0.0028976906123906465,-0.0028976906123906465,1.0
2023-10-19,148.88658686425666,74.06206345524369,0.014432769868226059,0.014432769868226059,1.0
2023-10-20,153.8056668787286,76.50900796412279,0.03303910794164944,0.03303910794164944,1.0
2023-10-21,155.049750239913,77.12786412020928,0.008088670505003837,0.008088670505003837,1.0
2023-10-22,155.46067961134918,77.33227660506714,0.002650306568055205,0.002650306568055205,1.0
2023-10-23,171.43687368230346,85.27946596561767,0.10276678392822336,0.10276678392822336,1.0
2023-10-24,175.76295323578853,87.43142864506817,0.025234241972365234,0.025234241972365234,1.0
2023-10-25,178.7879550631189,88.93618392226603,0.017210690715194543,0.017210690715194543,1.0
2023-10-26,176.9660006541943,88.02987190391505,-0.010190588109145082,-0.010190588109145082,1.0
2023-10-27,175.67782437974645,87.38908219284001,-0.007279230302350781,-0.007279230302350781,1.0
2023-10-28,176.6069879679402,87.85128482692852,0.005289020350031537,0.005289020350031537,1.0
2023-10-29,178.93370519826576,89.0086857908709,0.013174547944546422,0.013174547944546422,1.0
2023-10-30,178.72287786093455,88.90381195391633,-0.0011782427301642029,-0.0011782427301642029,1.0
2023-10-31,179.56541001437336,89.32292069383232,0.004714181886072755,0.004714181886072755,1.0
2023-11-01,183.62599945321477,91.3428181138689,0.022613427822855137,0.022613427822855137,1.0
2023-11-02,181.0866414284908,90.0796412278667,-0.013828967751219667,-0.013828967751219667,1.0
2023-11-03,179.95333438758507,89.5158895847831,-0.0062583690987125795,-0.0062583690987125795,1.0
2023-11-04,181.7965321507259,90.43276888579602,0.010242643013054442,0.010242643013054442,1.0
2023-11-05,181.529228579015,90.29980154127684,-0.0014703447230186573,-0.0014703447230186573,1.0
2023-11-06,181.65378717300476,90.36176190107992,0.0006861627461580699,0.0006861627461580699,1.0
2023-11-07,183.50258074652447,91.28142477898915,0.010177566910614111,0.010177566910614111,1.0
2023-11-08,184.6572347677645,91.85579525245495,0.006292303991271675,0.006292303991271675,1.0
2023-11-09,190.18807157060445,94.60705172813731,0.02995190960048677,0.02995190960048677,1.0
2023-11-10,193.39136213417385,96.20049485811491,0.016842752214248247,0.016842752214248247,1.0
2023-11-11,192.4291418142973,95.72184850125004,-0.0049755082608548,-0.0049755082608548,1.0
2023-11-12,192.1540662837268,95.58501507770818,-0.001429489982530674,-0.001429489982530674,1.0
2023-11-13,188.99160441069978,94.01188174952962,-0.016457949260139215,-0.016457949260139215,1.0
2023-11-14,184.21661651348464,91.63661434573055,-0.02526560855496285,-0.02526560855496285,1.0
2023-11-15,196.2955877208261,97.6451712673007,0.06556939018830188,0.06556939018830188,1.0
2023-11-16,187.36198007702055,93.20124230005928,-0.04551099567510919,-0.04551099567510919,1.0
2023-11-17,189.79320424747806,94.41062913992627,0.012976080683274605,0.012976080683274605,1.0
2023-11-18,189.6093197008601,94.31915771025027,-0.000968867917832128,-0.000968867917832128,1.0
2023-11-19,193.7351935941221,96.37153019407717,0.021759868659258164,0.021759868659258164,1.0
2023-11-20,194.1727548779171,96.58919044305266,0.002258553418599263,0.002258553418599263,1.0
2023-11-21,185.24147882176942,92.14642129951802,-0.045996546022963214,-0.045996546022963214,1.0
2023-11-22,193.90679844574183,96.45689321889739,0.04677850597548816,0.04677850597548816,1.0
2023-11-23,193.28369459743885,96.14693677672105,-0.0032134192988459986,-0.0032134192988459986,1.0
2023-11-24,195.5727437338249,97.2856001443336,0.011842950028214005,0.011842950028214005,1.0
2023-11-25,195.88439928409454,97.44062991314209,0.0015935530908837148,0.0015935530908837148,1.0
2023-11-26,194.10617509701993,96.55607103275858,-0.009077926540212222,-0.009077926540212222,1.0
2023-11-27,192.96027748276168,95.98605634165828,-0.005903457804397494,-0.005903457804397494,1.0
2023-11-28,196.0516000256939,97.52380215984948,0.01602051252858705,0.01602051252858705,1.0
2023-11-29,196.18413783077943,97.58973169411581,0.0006760353145200959,0.0006760353145200959,1.0
2023-11-30,195.5024334126751,97.25062501610866,-0.003474819247070604,-0.003474819247070604,1.0
2023-12-01,200.53488040037897,99.75396273099823,0.025741096414289455,0.025741096414289455,1.0
2023-12-02,204.55251681325637,101.7524936209696,0.020034601486065506,0.020034601486065506,1.0
2023-12-03,207.17353221906515,103.05629011056985,0.012813410691013827,0.012813410691013827,1.0
2023-12-04,217.54873460520687,108.21732518879352,0.050079767791818997,0.050079767791818997,1.0
2023-12-05,228.41471028680226,113.62249027036779,0.04994731732783575,0.04994731732783575,1.0
2023-12-06,226.75493075274784,112.79685043428955,-0.007266517694812125,-0.007266517694812125,1.0
2023-12-07,224.2518418693686,111.55171525039304,-0.011038740701557637,-0.011038740701557637,1.0
2023-12-08,228.97677835152797,113.90208510528622,0.021069777812178447,0.021069777812178447,1.0
2023-12-09,226.54353347176695,112.69169308487332,-0.010626601078409292,-0.010626601078409292,1.0
2023-12-10,226.90845284675433,112.87321838191706,0.0016108134688066489,0.0016108134688066489,1.0
2023-12-11,213.6232218113452,106.26462022217068,-0.05854885910478402,-0.05854885910478402,1.0
2023-12-12,214.90704578883162,106.903244928993,0.0060097585206360105,0.0060097585206360105,1.0
2023-12-13,222.20310170092117,110.53259104616099,0.03394982181858608,0.03394982181858608,1.0
2023-12-14,222.94003883998766,110.89917265908915,0.003316502485453121,0.003316502485453121,1.0
2023-12-15,217.2723119351008,108.07982164488774,-0.025422651464391377,-0.025422651464391377,1.0
2023-12-16,218.8443201471009,108.86180056187015,0.007235198070105087,0.007235198070105087,1.0
2023-12-17,214.2448748939944,106.57385499626278,-0.021016973390101557,-0.021016973390101557,1.0
2023-12-18,220.98274872078804,109.92553931802367,0.03144940493968629,0.03144940493968629,1.0
2023-12-19,218.99421532697286,108.9363643392871,-0.008998591090599972,-0.008998591090599972,1.0
2023-12-20,226.29234376142495,112.5667414108611,0.03332566763718159,0.03332566763718159,1.0
2023-12-21,227.33145466095237,113.08363617619011,0.004591895961902015,0.004591895961902015,1.0
2023-12-22,228.04859921145646,113.44037217454058,0.0031546208665829134,0.0031546208665829134,1.0
2023-12-23,226.55959552007675,112.69968298152014,-0.0065293261898049515,-0.0065293261898049515,1.0
2023-12-24,222.92584206180413,110.89211062140777,-0.01603884156807045,-0.01603884156807045,1.0
2023-12-25,225.8514146287908,112.3474058609758,0.013123523679123617,0.013123523679123617,1.0
2023-12-26,220.2859667024961,109.57893244671254,-0.024642076895741605,-0.024642076895741605,1.0
2023-12-27,225.2541654969607,112.05031057501482,0.022553405779017766,0.022553405779017766,1.0
2023-12-28,220.62637850054625,109.74826670790485,-0.02054473437241222,-0.02054473437241222,1.0
2023-12-29,217.94360192833324,108.41374777700455,-0.012159817835229458,-0.012159817835229458,1.0
2023-12-30,218.34556764055134,108.61370138405628,0.0018443565613377455,0.0018443565613377455,1.0
2023-12-31,219.1073750479685,108.99265444985694,0.003488998726419279,0.003488998726419279,1.0
2024-01-01,229.12138859937545,113.97401994896775,0.04570368089716115,0.04570368089716115,1.0
2024-01-02,233.0178342671023,115.91226578004589,0.017006032005767446,0.017006032005767446,1.0
2024-01-03,222.0834135344834,110.4730534292121,-0.04692525259712543,-0.04692525259712543,1.0
2024-01-04,228.9789545000086,113.90316760741256,0.031049328969605883,0.031049328969605883,1.0
2024-01-05,228.94423975043574,113.88589912111135,-0.00015160672581748802,-0.00015160672581748802,1.0
2024-01-06,227.93828920870928,113.38549962627903,-0.004393867008067209,-0.004393867008067209,1.0
2024-01-07,227.71984535169568,113.27683703188227,-0.0009583464795315244,-0.0009583464795315244,1.0
2024-01-08,243.49598920160403,121.12451351838965,0.06927873952111341,0.06927873952111341,1.0
2024-01-09,238.98296813101624,118.87955875151421,-0.01853427272204966,-0.01853427272204966,1.0
2024-01-10,241.79139137145927,120.27657929328075,0.011751562307584118,0.011751562307584118,1.0
2024-01-11,240.11549797603595,119.44292378669554,-0.006931154107338244,-0.006931154107338244,1.0
2024-01-12,221.62015297339263,110.24260934560168,-0.07702686897989897,-0.07702686897989897,1.0
2024-01-13,221.96367355498663,110.41349003840305,0.0015500421644201179,0.0015500421644201179,1.0
2024-01-14,216.04662220988402,107.47011520915488,-0.026657746514709757,-0.026657746514709757,1.0
2024-01-15,220.15451697165085,109.51354416350938,0.019013927270643105,0.019013927270643105,1.0
2024-01-16,220.15451697165085,111.16381865511997,0.0,0.01506913600701898,0.0
2024-01-17,220.15451697165085,110.15616381865512,-0.0,-0.009064593576000202,0.0
2024-01-18,220.15451697165085,106.42928941467564,-0.0,-0.033832645171947506,0.0
2024-01-19,220.15451697165085,107.2812959096884,0.0,0.008005376148788601,0.0
2024-01-20,220.15451697165085,107.3910925539318,0.0,0.0010234462896108187,0.0
2024-01-21,220.15451697165085,107.10082734091085,-0.0,-0.002702879783769485,0.0
2024-01-22,220.15451697165085,101.8693007551741,-0.0,-0.048846742976918156,0.0
2024-01-23,220.15451697165085,102.7817727261012,0.0,0.008957281184447163,0.0
2024-01-24,220.15451697165085,103.29590968839402,0.0,0.005002219252074225,0.0
2024-01-25,220.15451697165085,102.94507590401815,-0.0,-0.003396395708544664,0.0
2024-01-26,220.15451697165085,107.77288074434908,0.0,0.04689689912737727,0.0
2024-01-27,220.15451697165085,108.5763808345576,0.0,0.007455494226924486,0.0
2024-01-28,220.15451697165085,108.33936441660866,-0.0,-0.002182946384168827,0.0
2024-01-29,220.15451697165085,111.61674269955411,0.0,0.030251038489967463,0.0
2024-01-30,220.15451697165085,110.6801206216655,-0.0,-0.008391412034033041,0.0
2024-01-31,220.15451697165085,109.66282636150416,-0.0,-0.009191300609788122,0.0
2024-02-01,220.15451697165085,111.03072244130003,0.0,0.012473653335238533,0.0
2024-02-02,220.15451697165085,111.29580659295344,0.0,0.0023874847053575454,0.0
2024-02-03,220.15451697165085,110.85509935823087,-0.0,-0.003959782926362787,0.0
2024-02-04,220.15451697165085,109.71558545323333,-0.0,-0.010279309761972888,0.0
2024-02-05,220.15451697165085,109.94528209489934,0.0,0.0020935643802759696,0.0
2024-02-06,220.15451697165085,111.07448645583649,0.0,0.0102706031529618,0.0
2024-02-07,220.15451697165085,114.29060027320291,0.0,0.028954568416079685,0.0
2024-02-08,224.92856179963775,116.76898889146626,0.021684973325356127,0.021684973325356127,1.0
2024-02-09,234.13919804307798,121.55058120054642,0.040949162568535424,0.040949162568535424,1.0
2024-02-10,237.15105787408518,123.11415242660892,0.012863543807188904,0.012863543807188904,1.0
2024-02-11,239.8778919523551,124.52975592154438,0.011498300293131036,0.011498300293131036,1.0
2024-02-12,247.9481273004151,128.71932266295522,0.03364309767097229,0.03364309767097229,1.0
2024-02-13,246.87350921680593,128.16144745998608,-0.004334043960360967,-0.004334043960360967,1.0
2024-02-14,257.4644426171185,133.65960462898528,0.042900242451738846,0.042900242451738846,1.0
2024-02-15,257.84027347380237,133.85471275032862,0.0014597388783614829,0.0014597388783614829,1.0
2024-02-16,258.97397196949265,134.44325884687748,0.0043969023163694665,0.0043969023163694665,1.0
2024-02-17,256.5093754850146,133.16379288125984,-0.009516772924069716,-0.009516772924069716,1.0
2024-02-18,258.9292396574884,134.4200365988814,0.009433823492409399,0.009433823492409399,1.0
2024-02-19,257.10926508096054,133.4752184334648,-0.007028849190363062,-0.007028849190363062,1.0
2024-02-20,259.54432135939805,134.73934895229257,0.009470900543668614,0.009470900543668614,1.0
2024-02-21,257.4300866127823,133.64176911776076,-0.008145948774922696,-0.008145948774922696,1.0
2024-02-22,254.48614443196573,132.11345653238484,-0.011435890107300284,-0.011435890107300284,1.0
2024-02-23,251.9459349495049,130.79473697775717,-0.009981720176282183,-0.009981720176282183,1.0
2024-02-24,256.0348952343769,132.91747209979638,0.016229514819088076,0.016229514819088076,1.0
2024-02-25,256.83099137531815,133.33075594731824,0.003109326719752392,0.003109326719752392,1.0
2024-02-26,270.7445773626276,140.55382870692543,0.05417409290367492,0.05417409290367492,1.0
2024-02-27,283.3728416790403,147.1096420010825,0.04664272296578176,0.04664272296578176,1.0
2024-02-28,310.3901155340972,161.13533853965308,0.09534178961884354,0.09534178961884354,1.0
2024-02-29,303.7380086656035,157.68197633959636,-0.021431439132806318,-0.021431439132806318,1.0
2024-03-01,309.98211315890205,160.92352895693188,0.020557534174700187,0.020557534174700187,1.0
2024-03-02,308.04119750352584,159.91592566818733,-0.006261379521538046,-0.006261379521538046,1.0
2024-03-03,313.5456549554933,162.77349931699268,0.017869224949706553,0.017869224949706553,1.0
2024-03-04,339.39035639665866,176.19046882651614,0.0824272351815365,0.0824272351815365,1.0
2024-03-05,316.7543171003572,164.43923812469393,-0.06669617704118225,-0.06669617704118225,1.0
2024-03-06,328.2799621966786,170.42263975875667,0.03638670248232079,0.03638670248232079,1.0
2024-03-07,332.3308429218311,172.52560633006007,0.012339713633589211,0.012339713633589211,1.0
2024-03-08,339.0379591151869,176.0075259671641,0.020182045501366153,0.020182045501366153,1.0
2024-03-09,339.98543019430895,176.49939431428643,0.002794587017910244,0.002794587017910244,1.0
2024-03-10,342.7265627252505,177.92242068094538,0.008062499999999861,0.008062499999999861,1.0
2024-03-11,358.0123036949942,185.8578313874069,0.04460039761201018,0.04460039761201018,1.0
2024-03-12,354.8594452334741,184.22106239851541,-0.008806564548145102,-0.008806564548145102,1.0
2024-03-13,363.0964958627043,188.49722931003373,0.023212149880386335,0.023212149880386335,1.0
2024-03-14,354.30662137757264,183.93407046573364,-0.02420809505265864,-0.02420809505265864,1.0
2024-03-15,345.08362293026005,179.14606046547593,-0.026031120760466875,-0.026031120760466875,1.0
2024-03-16,323.9702695486869,168.18531405448593,-0.06118329581186788,-0.06118329581186788,1.0
2024-03-17,339.3084381782269,176.14794195726694,0.04734437098474231,0.04734437098474231,1.0
2024-03-18,335.6811987608793,174.26490373463233,-0.01069009493787576,-0.01069009493787576,1.0
2024-03-19,307.34856655483406,159.55635454522022,-0.08440339319160917,-0.08440339319160917,1.0
2024-03-20,336.90133338886636,174.89832212170418,0.09615391138894336,0.09615391138894336,1.0
2024-03-21,325.11454294166555,168.779349983247,-0.03498588245002865,-0.03498588245002865,1.0
2024-03-22,316.82273122459895,164.47475450398204,-0.02550427809854816,-0.02550427809854816,1.0
2024-03-23,317.73773290077906,164.94976674656564,0.0028880556412205216,0.0028880556412205216,1.0
2024-03-24,333.65503851092893,173.21304672800844,0.050095736080298714,0.050095736080298714,1.0
2024-03-25,346.9871044421831,180.13423026366658,0.039957634060477476,0.039957634060477476,1.0
2024-03-26,347.49410374316795,180.39743292352892,0.0014611473870185243,0.0014611473870185243,1.0
2024-03-27,344.7315235332188,178.96327224928478,-0.007950006000651322,-0.007950006000651322,1.0
2024-03-28,351.50948657366666,182.48197118482432,0.0196615701719971,0.0196615701719971,1.0
2024-03-29,347.0539794968665,180.16894765329002,-0.012675353715856041,-0.012675353715856041,1.0
2024-03-30,345.6793421441766,179.45532101342818,-0.003960874774243228,-0.003960874774243228,1.0
2024-03-31,353.9308898156989,183.7390138921106,0.023870525847277113,0.023870525847277113,1.0
2024-04-01,345.95215463525693,179.59694837495812,-0.022543200975186695,-0.022543200975186695,1.0
2024-04-02,325.01246787675905,168.72635892677647,-0.060527695746179,-0.060527695746179,1.0
2024-04-03,327.6128996616185,170.07634217376736,0.008001021628024185,0.008001021628024185,1.0
2024-04-04,340.209985407622,176.61596948374958,0.03845112863081601,0.03845112863081601,1.0
2024-04-05,336.88996413309604,174.89241990772956,-0.009758741415388239,-0.009758741415388239,1.0
2024-04-06,342.16936989769926,177.63316064847032,0.015671009310676443,0.015671009310676443,1.0
2024-04-07,344.30644245066566,178.7425964586716,0.006245657095506063,0.006245657095506063,1.0
2024-04-08,355.58727619238886,184.59890718832958,0.03276393453874915,0.03276393453874915,1.0
2024-04-09,343.14801954723043,178.1412149797675,-0.03498228839444806,-0.03498228839444806,1.0
2024-04-10,350.67967984465554,182.05118688625993,0.02194872145076876,0.02194872145076876,1.0
2024-04-11,347.63475484184494,180.47045026933682,-0.008682923983960089,-0.008682923983960089,1.0
2024-04-12,333.3754243253485,173.06788834763782,-0.04101813848555991,-0.04101813848555991,1.0
2024-04-13,317.8663693274193,165.01654681821697,-0.04652129061197252,-0.04652129061197252,1.0
2024-04-14,326.56598483006076,169.5328487847625,0.027368782425926774,0.027368782425926774,1.0
2024-04-15,326.56598483006076,163.54076135982885,-0.0,-0.03534469849286348,0.0
2024-04-16,326.56598483006076,164.4757339106678,0.0,0.005717061257785039,0.0
2024-04-17,326.56598483006076,157.94056547849172,-0.0,-0.03973332890385861,0.0
2024-04-18,326.56598483006076,163.6997087553803,0.0,0.03646399048554039,0.0
2024-04-19,326.56598483006076,164.56189592515273,0.0,0.005266882735025513,0.0
2024-04-20,326.56598483006076,167.44985695507617,0.0,0.01754939084584306,0.0
2024-04-21,326.56598483006076,167.40874764813526,-0.0,-0.00024550219204988455,0.0
2024-04-22,326.56598483006076,172.32188973942627,0.0,0.029348180189589623,0.0
2024-04-23,326.56598483006076,171.1749271888451,-0.0,-0.006655930667401222,0.0
2024-04-24,326.56598483006076,165.61194876156603,-0.0,-0.03249879242619347,0.0
2024-04-25,326.56598483006076,166.2012938477796,0.0,0.0035585903711696787,0.0
2024-04-26,326.56598483006076,164.28874455527205,-0.0,-0.011507427218101052,0.0
2024-04-27,326.56598483006076,163.46297584989304,-0.0,-0.005026325495482653,0.0
2024-04-28,326.56598483006076,162.65609938400473,-0.0,-0.004936142032733071,0.0
2024-04-29,326.56598483006076,164.55282352637954,0.0,0.011660946927646076,0.0
2024-04-30,326.56598483006076,156.2465527462048,-0.0,-0.050477838071512404,0.0
2024-05-01,326.56598483006076,150.17291682775328,-0.0,-0.03887212749145941,0.0
2024-05-02,326.56598483006076,152.25106317173123,0.0,0.013838356395258433,0.0
2024-05-03,326.56598483006076,162.15116368978582,0.0,0.06502483668628178,0.0
2024-05-04,326.56598483006076,164.70238923683598,0.0,0.015733624656132372,0.0
2024-05-05,326.56598483006076,165.01314466867703,0.0,0.0018867694225987997,0.0
2024-05-06,326.56598483006076,162.79347405860975,-0.0,-0.01345147754455589,0.0
2024-05-07,326.56598483006076,160.61176834454497,-0.0,-0.013401677964555936,0.0
2024-05-08,326.56598483006076,157.6574911724529,-0.0,-0.018393902280899765,0.0
2024-05-09,326.56598483006076,162.56493724065052,0.0,0.03112726221698936,0.0
2024-05-10,326.56598483006076,156.67277507152247,-0.0,-0.036244975510344446,0.0
2024-05-11,326.56598483006076,156.74277687569267,0.0,0.0004468026058659369,0.0
2024-05-12,326.56598483006076,158.38815433387458,0.0,0.010497309611190664,0.0
2024-05-13,326.56598483006076,162.20101033531793,0.0,0.024072860861842127,0.0
2024-05-14,326.56598483006076,158.61192298770587,-0.0,-0.02212740438664562,0.0
2024-05-15,326.56598483006076,170.7381375808655,0.0,0.07645209997296076,0.0
2024-05-16,321.6732152268868,168.18005618701514,-0.014982483879085295,-0.014982483879085295,1.0
2024-05-17,330.51782392960473,172.80427330601304,0.0274956330960896,0.0274956330960896,1.0
2024-05-18,329.9141337243628,172.48864661460345,-0.0018264981841661365,-0.0018264981841661365,1.0
2024-05-19,326.6494445326146,170.78177272610117,-0.00989557238695249,-0.00989557238695249,1.0
2024-05-20,352.13866869326915,184.10827598649448,0.078032351155918,0.078032351155918,1.0
2024-05-21,345.7826676127155,180.7851748756411,-0.018049710655577145,-0.018049710655577145,1.0
2024-05-22,340.6907384121891,178.12296708678056,-0.014725808079627312,-0.014725808079627312,1.0
2024-05-23,334.9255610381376,175.10876568983736,-0.016922025532365548,-0.016922025532365548,1.0
2024-05-24,337.9196100839787,176.67414108611047,0.00893944623563736,0.00893944623563736,1.0
2024-05-25,341.57680143268715,178.58622644913527,0.010822666810605064,0.010822666810605064,1.0
2024-05-26,337.5544184262592,176.4832083301116,-0.01177592561777241,-0.01177592561777241,1.0
2024-05-27,341.9664936646353,178.78996881362923,0.01307070800301191,0.01307070800301191,1.0
2024-05-28,336.80638680986675,176.09211577617978,-0.015089510084660751,-0.015089510084660751,1.0
2024-05-29,333.09664493373805,174.15255547823395,-0.011014464159264659,-0.011014464159264659,1.0
2024-05-30,336.8882197137294,176.13490038403052,0.011382806875000595,0.011382806875000595,1.0
2024-05-31,332.618267524652,173.90244593932835,-0.012674685368060046,-0.012674685368060046,1.0
2024-06-01,333.8353101334232,174.53875099873707,0.003658977054472823,0.003658977054472823,1.0
2024-06-02,333.91531905087453,174.5805819737622,0.00023966583229118044,0.00023966583229118044,1.0
2024-06-03,339.118511422496,177.30096136498364,0.015582370962827108,0.015582370962827108,1.0
2024-06-04,347.7519813738624,181.81478904095468,0.02545856289340187,0.02545856289340187,1.0
2024-06-05,350.6052383875157,183.3065542926364,0.00820486198922854,0.00820486198922854,1.0
2024-06-06,348.892317959495,182.41098997396838,-0.004885609912443689,-0.004885609912443689,1.0
2024-06-07,341.7486505307986,178.6760741256218,-0.020475278648943274,-0.020475278648943274,1.0
2024-06-08,341.64769041808137,178.62328926003246,-0.00029542212547273294,-0.00029542212547273294,1.0
2024-06-09,343.2933205366006,179.4836722595943,0.004816745918889254,0.004816745918889254,1.0
2024-06-10,342.602473359052,179.1224773834377,-0.002012410775918294,-0.002012410775918294,1.0
2024-06-11,331.849826979224,173.500683007294,-0.031385197761135464,-0.031385197761135464,1.0
2024-06-12,336.44464593725,175.9029871903915,0.013846079113109422,0.013846079113109422,1.0
2024-06-13,329.00204192480487,172.01177865408903,-0.022121332891810286,-0.022121332891810286,1.0
2024-06-14,325.3813796012543,170.1187917214361,-0.011004984353191638,-0.011004984353191638,1.0
2024-06-15,326.30623930569203,170.60233511172967,0.0028423866957940636,0.0028423866957940636,1.0
2024-06-16,328.45928272508957,171.72800845382613,0.006598229393280253,0.006598229393280253,1.0
2024-06-17,327.7349136351153,171.34928735276682,-0.0022053542952554794,-0.0022053542952554794,1.0
2024-06-18,321.18330233617195,167.92391556483415,-0.019990580882199183,-0.019990580882199183,1.0
2024-06-19,320.1529472014535,167.38521611381736,-0.003207997200427304,-0.003207997200427304,1.0
2024-06-20,320.1529472014535,167.11997731900306,-0.0,-0.0015846010834908997,0.0
2024-06-21,320.1529472014535,165.2627129565195,-0.0,-0.011113359349842256,0.0
2024-06-22,320.1529472014535,165.5584164540323,0.0,0.0017892934965348939,0.0
2024-06-23,320.1529472014535,162.81716023608857,-0.0,-0.01655763733826776,0.0
2024-06-24,320.1529472014535,155.32101342818115,-0.0,-0.04604027485209694,0.0
2024-06-25,320.1529472014535,159.25593443129978,0.0,0.025334118779350545,0.0
2024-06-26,320.1529472014535,156.74806051702365,-0.0,-0.015747444032347735,0.0
2024-06-27,320.1529472014535,158.80664450114693,0.0,0.01313307467622371,0.0
2024-06-28,320.1529472014535,155.45078481404158,-0.0,-0.02113173348411823,0.0
2024-06-29,320.1529472014535,156.9258743782056,0.0,0.009489109790784322,0.0
2024-06-30,320.1529472014535,161.52029691486894,0.0,0.02927766090116113,0.0
2024-07-01,320.1529472014535,161.93749838913374,0.0,0.0025829662416030352,0.0
2024-07-02,320.1529472014535,159.90159540194335,-0.0,-0.012572152882701304,0.0
2024-07-03,320.1529472014535,155.01690765225908,-0.0,-0.03054808638654083,0.0
2024-07-04,320.1529472014535,147.01961390757492,-0.0,-0.05158981601299928,0.0
2024-07-05,320.1529472014535,145.9816747854326,-0.0,-0.007059868370997258,0.0
2024-07-06,320.1529472014535,150.11920410319854,0.0,0.028342799353736403,0.0
2024-07-07,320.1529472014535,143.95755045233125,-0.0,-0.041045072731877186,0.0
2024-07-08,320.1529472014535,146.1363179463388,0.0,0.015134791382332091,0.0
2024-07-09,320.1529472014535,149.6117425706848,0.0,0.023782073294211337,0.0
2024-07-10,320.1529472014535,148.74762236140106,-0.0,-0.005775751250778338,0.0
2024-07-11,320.1529472014535,147.78929869326527,-0.0,-0.006442615034258581,0.0
2024-07-12,320.1529472014535,149.253924070208,0.0,0.009910226179383308,0.0
2024-07-13,320.1529472014535,152.64460424237737,0.0,0.022717527819063887,0.0
2024-07-14,320.1529472014535,156.72677130853887,0.0,0.026742950308807467,0.0
2024-07-15,320.1529472014535,166.90419856181862,0.0,0.06493738860506504,0.0
2024-07-16,321.79348166080683,167.75945256321037,0.00512422101278065,0.00512422101278065,1.0
2024-07-17,316.83385968891133,165.17387046057888,-0.01541243764882505,-0.01541243764882505,1.0
2024-07-18,316.3248851459513,164.90852857032397,-0.0016064398655489809,-0.0016064398655489809,1.0
2024-07-19,329.7957776756293,171.9312611149772,0.04258562371235053,0.04258562371235053,1.0
2024-07-20,332.05128390184814,173.1071161627877,0.006839099766878132,0.006839099766878132,1.0
2024-07-21,337.08145533200536,175.72947756385474,0.015148778739985547,0.015148778739985547,1.0
2024-07-22,334.0011087682688,174.12361143328437,-0.009138285464866613,-0.009138285464866613,1.0
2024-07-23,325.9970329493137,169.95087502255214,-0.023964219305955603,-0.023964219305955603,1.0
2024-07-24,323.16496906209437,168.47444521766025,-0.008687391604756178,-0.008687391604756178,1.0
2024-07-25,325.2860011982839,169.58019536585994,0.006563310814118539,0.006563310814118539,1.0
2024-07-26,335.8098841571698,175.06657388077014,0.032352707832855376,0.032352707832855376,1.0
2024-07-27,335.6879181350734,175.00298976777754,-0.0003631996193397269,-0.0003631996193397269,1.0
2024-07-28,337.3930199332423,175.89190443052655,0.005079425579691987,0.005079425579691987,1.0
2024-07-29,330.1113962751686,172.09580143818138,-0.021582022234824083,-0.021582022234824083,1.0
2024-07-30,327.13630535028216,170.54480785587256,-0.00901238478421551,-0.00901238478421551,1.0
2024-07-31,319.4235241410522,166.52393102915025,-0.0235766592795974,-0.0235766592795974,1.0
2024-08-01,322.77825717525286,168.27284208355886,0.010502460779060474,0.010502460779060474,1.0
2024-08-02,303.6447694802506,158.29804891878655,-0.05927749862226217,-0.05927749862226217,1.0
2024-08-03,299.9708087992415,156.3827160493827,-0.012099535543779738,-0.012099535543779738,1.0
2024-08-04,299.9708087992415,149.82589757467974,-0.0,-0.0419280252980927,0.0
2024-08-05,299.9708087992415,139.25389829634784,-0.0,-0.07056189516944067,0.0
2024-08-06,299.9708087992415,144.45753756540117,0.0,0.03736799710970673,0.0
2024-08-07,299.9708087992415,142.13794169952834,-0.0,-0.01605728510236215,0.0
2024-08-08,299.9708087992415,159.03909894584913,0.0,0.11890672570768546,0.0
2024-08-09,299.9708087992415,156.86520271141006,-0.0,-0.013668942095674375,0.0
2024-08-10,299.9708087992415,157.05306837805097,0.0,0.0011976248613054796,0.0
2024-08-11,299.9708087992415,151.35052449805406,-0.0,-0.03630966232553956,0.0
2024-08-12,299.9708087992415,152.99048944560425,0.0,0.010835541885229949,0.0
2024-08-13,299.9708087992415,156.19781437665918,0.0,0.020964211191672133,0.0
2024-08-14,299.9708087992415,151.26838320575274,-0.0,-0.03155889978728843,0.0
2024-08-15,299.9708087992415,148.3120956725689,-0.0,-0.01954332736645148,0.0
2024-08-16,299.9708087992415,151.77965926956878,0.0,0.02338018070121084,0.0
2024-08-17,299.9708087992415,153.34799865975927,0.0,0.01033300112635649,0.0
2024-08-18,299.9708087992415,150.6170262120158,-0.0,-0.017808986563971008,0.0
2024-08-19,299.9708087992415,153.23248021856233,0.0,0.017364929266794338,0.0
2024-08-20,299.9708087992415,152.1111111111111,-0.0,-0.007318090171560043,0.0
2024-08-21,299.9708087992415,157.6413825098585,0.0,0.03635678786612595,0.0
2024-08-22,299.9708087992415,155.63104719193794,-0.0,-0.01275258619223818,0.0
2024-08-23,299.9708087992415,165.1762158818526,0.0,0.06133203407763976,0.0
2024-08-24,300.4056927790354,165.41568081651587,0.001449754332878861,0.001449754332878861,1.0
2024-08-25,300.7441075001537,165.60202582540788,0.0011265256593095963,0.0011265256593095963,1.0
2024-08-26,294.1352845791505,161.9629371891028,-0.02197490410015701,-0.02197490410015701,1.0
2024-08-27,278.21921430111803,153.19889687878552,-0.05411139401654996,-0.05411139401654996,1.0
2024-08-28,276.37614126394607,152.18402536147838,-0.006624535411048904,-0.006624535411048904,1.0
2024-08-29,276.37614126394607,153.0051547720302,0.0,0.005395634716596653,0.0
2024-08-30,276.37614126394607,152.35642671202865,-0.0,-0.00423990983158784,0.0
2024-08-31,276.37614126394607,151.9842521714477,-0.0,-0.00244278858865854,0.0
2024-09-01,276.37614126394607,147.6816412794144,-0.0,-0.028309583595408916,0.0
2024-09-02,276.37614126394607,152.42617077759735,0.0,0.03212673868653915,0.0
2024-09-03,276.37614126394607,148.11938452021957,-0.0,-0.028254900293085083,0.0
2024-09-04,276.37614126394607,149.41364468156397,0.0,0.008737952601792554,0.0
2024-09-05,276.37614126394607,144.73780252068352,-0.0,-0.0312946128236532,0.0
2024-09-06,276.37614126394607,139.050001288693,-0.0,-0.03929727502376379,0.0
2024-09-07,276.37614126394607,139.58176757132915,0.0,0.003824281033497412,0.0
2024-09-08,276.37614126394607,141.44980540735585,0.0,0.013383107754901369,0.0
2024-09-09,276.37614126394607,147.04992396711256,0.0,0.03959085375642002,0.0
2024-09-10,276.37614126394607,148.57493749838912,0.0,0.010370719617764923,0.0
2024-09-11,276.37614126394607,147.82027887316684,-0.0,-0.005079313092293702,0.0
2024-09-12,276.37614126394607,149.8428825485193,0.0,0.013682856579427138,0.0
2024-09-13,276.37614126394607,156.04358359751538,0.0,0.04138135187694547,0.0
2024-09-14,276.37614126394607,154.67499162349543,-0.0,-0.008770575133354885,0.0
2024-09-15,276.37614126394607,152.38106652233304,-0.0,-0.014830614031945077,0.0
2024-09-16,276.37614126394607,150.0264182066548,-0.0,-0.015452367996998784,0.0
2024-09-17,276.37614126394607,155.44885177453025,0.0,0.03614319153048284,0.0
2024-09-18,276.37614126394607,159.2030206964097,0.0,0.024150509180502988,0.0
2024-09-19,276.37614126394607,162.27258434495735,0.0,0.0192808128584514,0.0
2024-09-20,276.37614126394607,162.91834841104153,0.0,0.003979501951552278,0.0
2024-09-21,276.37614126394607,163.310239954638,0.0,0.0024054475595820524,0.0
2024-09-22,276.37614126394607,163.86417175700404,0.0,0.00339189877205448,0.0
2024-09-23,276.37614126394607,163.2487177504575,-0.0,-0.003755879030464482,0.0
2024-09-24,276.37614126394607,165.65615093172505,0.0,0.014747026588886047,0.0
2024-09-25,271.46532409147426,162.71267300703627,-0.017768600248969535,-0.017768600248969535,1.0
2024-09-26,280.26458103201264,167.9868295574628,0.03241392605109805,0.03241392605109805,1.0
2024-09-27,282.895302230873,169.56364854764297,0.009386563186733587,0.009386563186733587,1.0
2024-09-28,283.1962619992711,169.7440397948401,0.0010638556597608595,0.0010638556597608595,1.0
2024-09-29,282.08263775552587,169.07654836464854,-0.00393234089985306,-0.00393234089985306,1.0
2024-09-30,272.19787882992676,163.15175648856928,-0.03504206782895303,-0.03504206782895303,1.0
2024-10-01,261.3994044994569,156.67929585814068,-0.03967141249185446,-0.03967141249185446,1.0
2024-10-02,260.7172892249751,156.2704451145648,-0.002609475242638548,-0.002609475242638548,1.0
2024-10-03,261.20585971912266,156.56328771360086,0.0018739474301834314,0.0018739474301834314,1.0
2024-10-04,266.9925089479927,160.03172762184593,0.02215359653528637,0.02215359653528637,1.0
2024-10-05,266.8230013887664,159.93012706513053,-0.0006348775847465626,-0.0006348775847465626,1.0
2024-10-06,270.08918243294556,161.8878321606227,0.012241002564169046,0.012241002564169046,1.0
2024-10-07,267.46366428194574,160.3141318075208,-0.009720930425088925,-0.009720930425088925,1.0
2024-10-08,267.12714318643447,160.1124255779788,-0.0012581936930188276,-0.0012581936930188276,1.0
2024-10-09,260.48900012504293,156.13361169102296,-0.024850125607634777,-0.024850125607634777,1.0
2024-10-10,259.20436330822747,155.3636176190108,-0.004931635563109382,-0.004931635563109382,1.0
2024-10-11,259.20436330822747,161.1349519317508,0.0,0.037147270391789666,0.0
2024-10-12,259.20436330822747,162.85850150777082,0.0,0.010696311106668022,0.0
2024-10-13,259.20436330822747,161.97659733498287,-0.0,-0.005415155884544776,0.0
2024-10-14,259.20436330822747,170.27668238872133,0.0,0.0512424954610764,0.0
2024-10-15,263.0922924184427,172.83074306038816,0.014999474008051239,0.014999474008051239,1.0
2024-10-16,265.25740145540834,174.25304775896285,0.008229465854218576,0.008229465854218576,1.0
2024-10-17,264.44874201859875,173.72182272738988,-0.0030485838750310412,-0.0030485838750310412,1.0
2024-10-18,268.46547753951916,176.36049898193252,0.015189089160567493,0.015189089160567493,1.0
2024-10-19,268.22073358887053,176.19972164231035,-0.000911640308063788,-0.000911640308063788,1.0
2024-10-20,270.7754006069183,177.8779349983247,0.009524494933205174,0.009524494933205174,1.0
2024-10-21,264.2283233724391,173.57702518106134,-0.024178995653979518,-0.024178995653979518,1.0
2024-10-22,264.3614455629731,173.66447588855382,0.000503814991651419,0.000503814991651419,1.0
2024-10-23,261.3052064601078,171.65676950436867,-0.011560835190459917,-0.011560835190459917,1.0
2024-10-24,267.40901387181884,175.6664862496456,0.0233589199939761,0.0233589199939761,1.0
2024-10-25,261.16160869489875,171.56243717621587,-0.023362732192396263,-0.023362732192396263,1.0
2024-10-26,262.91950428784685,172.717234980283,0.006731064346451321,0.006731064346451321,1.0
2024-10-27,266.57077172600174,175.11582772751876,0.013887396631318216,0.013887396631318216,1.0
2024-10-28,274.34431511906945,180.22242841310342,0.029161274294009498,0.029161274294009498,1.0
2024-10-29,285.3293479857489,187.43872264749092,0.040041044269176096,0.040041044269176096,1.0
2024-10-30,283.75432375445087,186.40405680558777,-0.00552002183587752,-0.00552002183587752,1.0
2024-10-31,275.4167079377738,180.92690533261165,-0.02938322033778784,-0.02938322033778784,1.0
2024-11-01,272.55048085045695,179.04402175313794,-0.010406874400533561,-0.010406874400533561,1.0
2024-11-02,272.12537653733136,178.7647619784015,-0.0015597268872874492,-0.0015597268872874492,1.0
2024-11-03,269.6898642769174,177.16482383566586,-0.00894996376818924,-0.00894996376818924,1.0
2024-11-04,266.03832219822795,174.76605067140903,-0.013539782403316436,-0.013539782403316436,1.0
2024-11-05,272.21086821230136,178.8209232196706,0.023201717568622326,0.023201717568622326,1.0
2024-11-06,296.7944132724644,194.97036006082632,0.09031066695320167,0.09031066695320167,1.0
2024-11-07,297.86727690351375,195.67514626665636,0.0036148376892271017,0.0036148376892271017,1.0
2024-11-08,300.40468080224673,197.34201912420423,0.0085185721812433,0.0085185721812433,1.0
2024-11-09,300.99056753117196,197.7269001778396,0.001950324899600675,0.001950324899600675,1.0
2024-11-10,315.55773689002314,207.29637361787675,0.0483974281265227,0.0483974281265227,1.0
2024-11-11,348.28629628341747,228.79643805252712,0.10371654872401614,0.10371654872401614,1.0
2024-11-12,345.40139363975106,226.9012861156215,-0.0082831356687052,-0.0082831356687052,1.0
2024-11-13,355.0467299788822,233.2375061212918,0.027925007011381897,0.027925007011381897,1.0
2024-11-14,342.6744877721767,225.10992551354414,-0.034846799483102986,-0.034846799483102986,1.0
2024-11-15,357.2616666556882,234.6925436222583,0.04256861658522304,0.04256861658522304,1.0
2024-11-16,355.6055057636109,233.60457743756282,-0.00463570835231375,-0.00463570835231375,1.0
2024-11-17,352.66469415398194,231.67269774994202,-0.008269870859603179,-0.008269870859603179,1.0
2024-11-18,355.15062256966735,233.30575530297173,0.007048985784213535,0.007048985784213535,1.0
2024-11-19,362.66631773515206,238.2429701796438,0.02116199349759107,0.02116199349759107,1.0
2024-11-20,370.3455024874199,243.28758473156523,0.021174243034821183,0.021174243034821183,1.0
2024-11-21,386.2194899783973,253.715533905513,0.04286264416432761,0.04286264416432761,1.0
2024-11-22,388.5144647538444,255.22315008118764,0.0059421516391506835,0.0059421516391506835,1.0
2024-11-23,383.628766581599,252.0136343720199,-0.012575331462474248,-0.012575331462474248,1.0
2024-11-24,384.6073108062104,252.65646021804685,0.002550758206510295,0.002550758206510295,1.0
2024-11-25,364.8796065687507,239.69692517848395,-0.051293107757381606,-0.051293107757381606,1.0
2024-11-26,360.6796858112836,236.93791077089614,-0.011510428869846323,-0.011510428869846323,1.0
2024-11-27,376.45837303677126,247.30325523853708,0.04374709152248579,0.04374709152248579,1.0
2024-11-28,375.3376042496235,246.56699914946262,-0.002977138688952219,-0.002977138688952219,1.0
2024-11-29,382.4979930321211,251.27080594860692,0.01907719530744245,0.01907719530744245,1.0
2024-11-30,378.4759216379579,248.62862444908373,-0.010515274504526384,-0.010515274504526384,1.0
2024-12-01,381.6058821071696,250.68475991649268,0.008269906459744902,0.008269906459744902,1.0
2024-12-02,376.111933619614,247.07567205340342,-0.014396917723644154,-0.014396917723644154,1.0
2024-12-03,376.3537349931067,247.23451635351427,0.0006428973714438513,0.0006428973714438513,1.0
2024-12-04,387.4245734096528,254.50717802005207,0.029416045032073068,0.029416045032073068,1.0
2024-12-05,380.7468457494506,250.12044124848578,-0.017236200588498396,-0.017236200588498396,1.0
2024-12-06,391.9173394456773,257.4585685198072,0.029338374883287832,0.029338374883287832,1.0
2024-12-07,392.0663123184912,257.5564318668007,0.0003801129927667457,0.0003801129927667457,1.0
2024-12-08,396.9536190995819,260.76700430423466,0.012465510622908349,0.012465510622908349,1.0
2024-12-09,381.8476834806623,250.8436042166035,-0.038054661532459844,-0.038054661532459844,1.0
2024-12-10,379.24232566680854,249.13209103327404,-0.006823028989216606,-0.006823028989216606,1.0
2024-12-11,397.06002268954,260.8369030129642,0.0469823535424303,0.0469823535424303,1.0
2024-12-12,392.46316789092,257.8171344622284,-0.011577228972795117,-0.011577228972795117,1.0
2024-12-13,397.94923027169773,261.4210417794273,0.013978540738637024,0.013978540738637024,1.0
2024-12-14,397.8363922463586,261.34691615763296,-0.0002835487965689998,-0.0002835487965689998,1.0
2024-12-15,409.7941234176998,269.2021959328849,0.03005690631724911,0.03005690631724911,1.0
2024-12-16,416.27583620495545,273.46016649913656,0.01581699789444979,0.01581699789444979,1.0
2024-12-17,416.4217095631651,273.55599371117813,0.0003504247557089002,0.0003504247557089002,1.0
2024-12-18,392.93500032928165,258.1270909044047,-0.056401260295774414,-0.056401260295774414,1.0
2024-12-19,382.03365435691666,250.96577231371944,-0.02774338239970886,-0.02774338239970886,1.0
2024-12-20,383.57474086501634,251.97814376659193,0.004033902486140439,0.004033902486140439,1.0
2024-12-21,381.47601636868825,250.59944843939277,-0.005471487751240178,-0.005471487751240178,1.0
2024-12-22,373.07072127742504,245.07783705765613,-0.02203361346612076,-0.02203361346612076,1.0
2024-12-23,371.8027059293949,244.24485167143482,-0.0033988605261981997,-0.0033988605261981997,1.0
2024-12-24,386.8291134963804,254.1160081445398,0.04041500324593916,0.04041500324593916,1.0
2024-12-25,389.7787920718392,256.05371272455477,0.0076252755352304025,0.0076252755352304025,1.0
2024-12-26,375.3531410570069,246.57720559808243,-0.03700984073082547,-0.03700984073082547,1.0
2024-12-27,369.47740299206083,242.71731230186344,-0.015653893419939946,-0.015653893419939946,1.0
2024-12-28,373.2397036748992,245.18884507332663,0.01018276260569917,0.01018276260569917,1.0
2024-12-29,373.2397036748992,241.14886981623238,-0.0,-0.016476994521859467,0.0
2024-12-30,373.2397036748992,238.71932266295525,-0.0,-0.010074885091224228,0.0
2024-12-31,373.2397036748992,240.60986107889377,0.0,0.007919503100332514,0.0
2025-01-01,373.2397036748992,243.26294492126084,0.0,0.011026496713271161,0.0
2025-01-02,373.2397036748992,249.7569267249156,0.0,0.02669531854001317,0.0
2025-01-03,373.2397036748992,252.935668445063,0.0,0.012727341587000396,0.0
2025-01-04,373.2397036748992,253.1246939354107,0.0,0.0007473263518338324,0.0
2025-01-05,373.2397036748992,253.47387819273692,0.0,0.001379495030284561,0.0
2025-01-06,373.2397036748992,263.61352096703524,0.0,0.04000271288936652,0.0
2025-01-07,353.7622664117637,249.85690352844145,-0.052184794574000826,-0.052184794574000826,1.0
2025-01-08,346.80923188216514,244.94608108456404,-0.019654539756666756,-0.019654539756666756,1.0
2025-01-09,346.80923188216514,238.5304775896286,-0.0,-0.026191900954400493,0.0
2025-01-10,346.80923188216514,244.08149694579754,0.0,0.023271740417670994,0.0
2025-01-11,346.80923188216514,243.73056006598108,-0.0,-0.0014377856748984952,0.0
2025-01-12,346.80923188216514,243.58777288074432,-0.0,-0.0005858403033173198,0.0
2025-01-13,346.80923188216514,243.57960256707645,-0.0,-3.354155904977674e-05,0.0
2025-01-14,346.80923188216514,248.80785587257404,0.0,0.02146424926552637,0.0
2025-01-15,346.80923188216514,259.05366117683445,0.0,0.0411795892389657,0.0
2025-01-16,344.9858220801168,257.69164153715303,-0.0052576737711176325,-0.0052576737711176325,1.0
2025-01-17,359.219839647731,268.3239258743782,0.04125971752053226,0.04125971752053226,1.0
2025-01-18,360.3515993507717,269.16930848733216,0.003150604666352974,0.003150604666352974,1.0
2025-01-19,349.2276781500347,260.8601510348205,-0.03086963182840996,-0.03086963182840996,1.0
2025-01-20,352.4514680602508,263.2682027887316,0.009231198189368905,0.009231198189368905,1.0
2025-01-21,366.3011358921281,273.61339209773445,0.03929524796165618,0.03929524796165618,1.0
2025-01-22,357.70200496550365,267.1901595401943,-0.023475578107835293,-0.023475578107835293,1.0
2025-01-23,358.5965436942027,267.8583468646099,0.0025007931638105774,0.0025007931638105774,1.0
2025-01-24,361.78448304553297,270.23961957782416,0.008890044835593303,0.008890044835593303,1.0
2025-01-25,361.38177671949063,269.93881285600145,-0.0011131111059610177,-0.0011131111059610177,1.0
2025-01-26,353.89228787488094,264.34444186705844,-0.020724589138381266,-0.020724589138381266,1.0
2025-01-27,352.1650431427221,263.05425397561794,-0.004880707467605272,-0.004880707467605272,1.0
2025-01-28,349.49981805179925,261.0634294698317,-0.007568113709237934,-0.007568113709237934,1.0
2025-01-29,357.9785269856307,267.3967112554447,0.024259551782012112,0.024259551782012112,1.0
2025-01-30,361.4131071405382,269.96221552101855,0.009594374790657056,0.009594374790657056,1.0
2025-01-31,353.3687109927486,263.9533493131266,-0.022258174894197902,-0.022258174894197902,1.0
2025-02-01,347.2012762036879,259.34650377587053,-0.017453256604791245,-0.017453256604791245,1.0
2025-02-02,337.0315526501425,251.75009665197558,-0.029290570774225033,-0.029290570774225033,1.0
2025-02-03,350.0870909220966,261.5021005696023,0.03873684279497258,0.03873684279497258,1.0
2025-02-04,337.44053886234195,252.05559421634578,-0.03612401710227253,-0.03612401710227253,1.0
2025-02-05,333.4492916559358,249.0742802649553,-0.01182800151950436,-0.01182800151950436,1.0
2025-02-06,333.4492916559358,248.88430114178198,-0.0,-0.000762740829648112,0.0
2025-02-07,333.4492916559358,248.81331993092604,-0.0,-0.0002851976220690222,0.0
2025-02-08,333.4492916559358,248.6565375396273,-0.0,-0.000630120571287196,0.0
2025-02-09,333.4492916559358,248.65542926364083,-0.0,-4.457055492901318e-06,0.0
2025-02-10,333.4492916559358,251.1518595840099,0.0,0.010039717724088737,0.0
2025-02-11,333.4492916559358,246.8467744014021,-0.0,-0.017141362957608375,0.0
2025-02-12,333.4492916559358,252.22951622464495,0.0,0.02180600429677848,0.0
2025-02-13,333.4492916559358,249.04067115131832,-0.0,-0.01264263247639319,0.0
2025-02-14,333.4492916559358,251.31841026830588,0.0,0.00914605275699576,0.0
2025-02-15,333.4492916559358,251.54498827289362,0.0,0.0009015575275439502,0.0
2025-02-16,333.4492916559358,247.7380344854249,-0.0,-0.015134285972490558,0.0
2025-02-17,333.4492916559358,246.8666718214387,-0.0,-0.003517274470172027,0.0
2025-02-18,333.4492916559358,246.41717570040464,-0.0,-0.0018208052051643664,0.0
2025-02-19,333.4492916559358,249.05804273306012,0.0,0.010717057466263169,0.0
2025-02-20,333.4492916559358,253.47869790458515,0.0,0.017749497759697253,0.0
2025-02-21,333.4492916559358,247.83378437588595,-0.0,-0.02226977483853121,0.0
2025-02-22,333.4492916559358,248.9294053970463,0.0,0.004420789618814203,0.0
2025-02-23,333.4492916559358,248.11459058223147,-0.0,-0.0032732766686007775,0.0
2025-02-24,333.4492916559358,235.85870769865204,-0.0,-0.04939605871149899,0.0
2025-02-25,333.4492916559358,228.31449264156294,-0.0,-0.031986162947725716,0.0
2025-02-26,333.4492916559358,216.78852547746075,-0.0,-0.050482853851056664,0.0
2025-02-27,333.4492916559358,218.11178123147505,0.0,0.0061039012609174215,0.0
2025-02-28,333.4492916559358,217.26779040696923,-0.0,-0.0038695334096148226,0.0
2025-03-01,333.4492916559358,221.70354906054277,0.0,0.020416089496122947,0.0
2025-03-02,333.4492916559358,242.95852985901698,0.0,0.09587117972870107,0.0
2025-03-03,333.4492916559358,222.07041418593263,-0.0,-0.08597399599514044,0.0
2025-03-04,333.4492916559358,224.87682672233822,0.0,0.012637489539943259,0.0
2025-03-05,333.4492916559358,233.5207866182118,0.0,0.03843864226413385,0.0
2025-03-06,333.4492916559358,231.76331864223306,-0.0,-0.007525959472087895,0.0
2025-03-07,333.4492916559358,223.60622696461246,-0.0,-0.03519578389457079,0.0
2025-03-08,333.4492916559358,222.1879172143612,-0.0,-0.006342890220475517,0.0
2025-03-09,333.4492916559358,207.99291218845846,-0.0,-0.06388738507417469,0.0
2025-03-10,333.4492916559358,202.44003711435863,-0.0,-0.026697424521218593,0.0
2025-03-11,333.4492916559358,213.7026985231578,0.0,0.05563455514699833,0.0
2025-03-12,333.4492916559358,215.6226449135287,0.0,0.008984193478318803,0.0
2025-03-13,333.4492916559358,208.95752467847106,-0.0,-0.030911040154110503,0.0
2025-03-14,333.4492916559358,216.45014046753784,0.0,0.03585712359770654,0.0
2025-03-15,333.4492916559358,217.40627335756076,0.0,0.004417335502567399,0.0
2025-03-16,333.4492916559358,212.79561328900232,-0.0,-0.02120757601587453,0.0
2025-03-17,333.4492916559358,216.52980746926465,0.0,0.01754826672667753,0.0
2025-03-18,333.4492916559358,213.14662749039923,-0.0,-0.0156245461925405,0.0
2025-03-19,333.4492916559358,223.9180391247197,0.0,0.050535219633281114,0.0
2025-03-20,333.4492916559358,216.97316941158277,-0.0,-0.031015231020617984,0.0
2025-03-21,333.4492916559358,216.66012010618832,-0.0,-0.0014428019199028697,0.0
2025-03-22,333.4492916559358,216.11904946003762,-0.0,-0.002497324592479311,0.0
2025-03-23,333.4492916559358,221.89473955514316,0.0,0.02672457661430494,0.0
2025-03-24,333.4492916559358,225.5821541792314,0.0,0.016617855076153765,0.0
2025-03-25,333.4492916559358,225.3353952421454,-0.0,-0.001093876144519501,0.0
2025-03-26,333.4492916559358,224.04188252274542,-0.0,-0.00574038853509895,0.0
2025-03-27,333.4492916559358,224.79311322456763,0.0,0.0033530815460183216,0.0
2025-03-28,333.4492916559358,217.484471249259,-0.0,-0.03251274859122266,0.0
2025-03-29,333.4492916559358,212.9354622541818,-0.0,-0.020916477249833476,0.0
2025-03-30,333.4492916559358,212.32500837650454,-0.0,-0.002866849284824946,0.0
2025-03-31,333.4492916559358,212.72280213407564,0.0,0.0018735134434362255,0.0
2025-04-01,333.4492916559358,219.51692053918913,0.0,0.031938834656903836,0.0
2025-04-02,333.4492916559358,212.60877857676743,-0.0,-0.031469747049355234,0.0
2025-04-03,333.4492916559358,214.372354957602,0.0,0.008294936797248909,0.0
2025-04-04,333.4492916559358,216.14000360834044,0.0,0.008245693112286068,0.0
2025-04-05,333.4492916559358,215.20722183561432,-0.0,-0.004315636888839736,0.0
2025-04-06,333.4492916559358,201.9916750431712,-0.0,-0.061408472632659916,0.0
2025-04-07,333.4492916559358,203.9743550091497,0.0,0.0098156518854291,0.0
2025-04-08,333.4492916559358,196.52991056470526,-0.0,-0.036496962787848974,0.0
2025-04-09,333.4492916559358,212.8785535709683,0.0,0.08318653867641412,0.0
2025-04-10,333.4492916559358,205.03708858475733,-0.0,-0.03683539208000508,0.0
2025-04-11,333.4492916559358,214.90365731075542,0.0,0.048120897512254235,0.0
2025-04-12,333.4492916559358,219.77630866774916,0.0,0.022673654873857085,0.0
2025-04-13,333.4492916559358,215.81244361968092,-0.0,-0.018035906927805656,0.0
2025-04-14,333.4492916559358,218.02201087656897,0.0,0.010238368185950808,0.0
2025-04-15,333.4492916559358,215.54622541818088,-0.0,-0.011355667477949027,0.0
2025-04-16,333.4492916559358,216.57444779504627,0.0,0.0047703102889904425,0.0
2025-04-17,333.4492916559358,218.9797932936416,0.0,0.011106321743327818,0.0
2025-04-18,333.4492916559358,217.7026985231578,-0.0,-0.0058320210795488325,0.0
2025-04-19,333.4492916559358,219.27108946106858,0.0,0.007204278810278186,0.0
2025-04-20,333.4492916559358,219.53488491971441,0.0,0.0012030562683580381,0.0
2025-04-21,333.4492916559358,225.57815923090803,0.0,0.027527626479061373,0.0
2025-04-22,333.4492916559358,240.95749890461096,0.0,0.0681774322750821,0.0
2025-04-23,334.347462679347,241.60653625093428,0.002693576042554602,0.002693576042554602,1.0
2025-04-24,335.3498532139332,242.330884816619,0.0029980503711719564,0.0029980503711719564,1.0
2025-04-25,337.799582401486,244.1011108533725,0.007304995556357108,0.007304995556357108,1.0
2025-04-26,337.6492452216084,243.9924740328359,-0.0004450484479845418,-0.0004450484479845418,1.0
2025-04-27,334.48888306326506,241.70872960643317,-0.009359897002787831,-0.009359897002787831,1.0
2025-04-28,338.99008166363444,244.96139075749377,0.013456945292612321,0.013456945292612321,1.0
2025-04-29,336.238429764892,242.9729889945617,-0.00811720474309574,-0.00811720474309574,1.0
2025-04-30,335.92259685200554,242.7447614629243,-0.0009393123597064568,-0.0009393123597064568,1.0
2025-05-01,344.2774206629795,248.78213356014328,0.024871276565698874,0.024871276565698874,1.0
2025-05-02,345.7213352662977,249.82553674063763,0.004194043863049668,0.004194043863049668,1.0
2025-05-03,341.9103680075634,247.07165133121987,-0.011023234235164603,-0.011023234235164603,1.0
2025-05-04,336.24363717373234,242.97675197814377,-0.016573732077366343,-0.016573732077366343,1.0
2025-05-05,337.889463704758,244.16606098095312,0.004894744016153085,0.004894744016153085,1.0
2025-05-06,345.398047911989,249.59192247222865,0.022222013450504896,0.022222013450504896,1.0
2025-05-07,346.1796942458012,250.15675661743862,0.002263030548485867,0.002263030548485867,1.0
2025-05-08,368.276120975635,266.12410113662725,0.06382935538138312,0.06382935538138312,1.0
2025-05-09,367.3254835247979,265.43715044202173,-0.0025813171060852236,-0.0025813171060852236,1.0
2025-05-10,373.86766538593537,270.16466919250496,0.017810313072645245,0.017810313072645245,1.0
2025-05-11,371.42956370031374,268.40284543416067,-0.006521295932625848,-0.006521295932625848,1.0
2025-05-12,366.65939886662125,264.95582360370116,-0.012842717165996165,-0.012842717165996165,1.0
2025-05-13,371.4061660277159,268.3859377819016,0.012945985227072798,0.012945985227072798,1.0
2025-05-14,369.31721040468557,266.8764143405758,-0.005624450572192297,-0.005624450572192297,1.0
2025-05-15,370.17696787110316,267.4976932395165,0.002327964801519755,0.002327964801519755,1.0
2025-05-16,369.1554597259797,266.7595298847908,-0.002759512972938749,-0.002759512972938749,1.0
2025-05-17,367.9464848626032,265.8858991211114,-0.0032749748961424796,-0.0032749748961424796,1.0
2025-05-18,379.7608471699546,274.42320678368003,0.03210891472917066,0.03210891472917066,1.0
2025-05-19,376.7031708338812,272.21366530065205,-0.008051583934625683,-0.008051583934625683,1.0
2025-05-20,381.2224170292727,275.4793680249491,0.011996836090834018,0.011996836090834018,1.0
2025-05-21,391.2673660135993,282.738060259285,0.026349313512576744,0.026349313512576744,1.0
2025-05-22,398.4828016368649,287.95208639397924,0.018441189452572004,0.018441189452572004,1.0
2025-05-23,382.81449311425433,276.62983582051083,-0.039319911570208754,-0.039319911570208754,1.0
2025-05-24,384.4708771316961,277.82677388592487,0.004326858170825343,0.004326858170825343,1.0
2025-05-25,388.9459316863121,281.06054279749475,0.01163951503427696,0.01163951503427696,1.0
2025-05-26,390.4284025153593,282.1318075208124,0.0038115087683776583,0.0038115087683776583,1.0
2025-05-27,388.69547672140095,280.8795587515142,-0.004438523895274771,-0.004438523895274771,1.0
2025-05-28,384.56104377243884,277.8919302043867,-0.01063668912186877,-0.01063668912186877,1.0
2025-05-29,376.5476619123471,272.1012912703936,-0.020837736920730876,-0.020837736920730876,1.0
2025-05-30,371.05734096977926,268.13386942962444,-0.014580679945493502,-0.014580679945493502,1.0
2025-05-31,373.24234831888566,269.712801876337,0.005888597550437247,0.005888597550437247,1.0
2025-06-01,376.9947857289416,272.42439238124695,0.01005362180084135,0.01005362180084135,1.0
2025-06-02,377.73309643439046,272.95791128637336,0.001958410920780418,0.001958410920780418,1.0
2025-06-03,376.10267812678285,271.7797365911493,-0.004316323676685885,-0.004316323676685885,1.0
2025-06-04,373.62580621232917,269.9898966468208,-0.006585626900584618,-0.006585626900584618,1.0
2025-06-05,362.27229958734995,261.78561303126367,-0.030387372703391646,-0.030387372703391646,1.0
2025-06-06,372.3582301659066,269.0739194309132,0.027840744627853464,0.027840744627853464,1.0
2025-06-07,376.7133003140912,272.220985076935,0.011695914835141874,0.011695914835141874,1.0
2025-06-08,377.30316420040583,272.64723317611276,0.0015658164599519075,0.0015658164599519075,1.0
2025-06-09,393.4131394604837,284.2886414598314,0.042697694556097066,0.042697694556097066,1.0
2025-06-10,393.4098937467545,284.2862960385577,-8.25014063754459e-06,-8.25014063754459e-06,1.0
2025-06-11,387.5930397361488,280.0829145081059,-0.01478573392043403,-0.01478573392043403,1.0
2025-06-12,377.0772125907915,272.483955772056,-0.027131104192469224,-0.027131104192469224,1.0
2025-06-13,378.4955181561138,273.50885332096186,0.0037613133808260812,0.0037613133808260812,1.0
2025-06-14,376.16545237033785,271.82509858501504,-0.006156125169268001,-0.006156125169268001,1.0
2025-06-15,376.64278629164323,272.1700301554164,0.0012689467315447622,0.0012689467315447622,1.0
2025-06-16,381.11591481833204,275.40240727853813,0.011876315409437233,0.011876315409437233,1.0
2025-06-17,373.044645118871,269.56993736951983,-0.02117799174906776,-0.02117799174906776,1.0
2025-06-18,374.204399268551,270.4080002061909,0.0031088883458183503,0.0031088883458183503,1.0
2025-06-19,373.33518999841624,269.7798912343101,-0.002322819485376937,-0.002322819485376937,1.0
2025-06-20,368.5054966348979,266.28985283125854,-0.01293661431578097,-0.01293661431578097,1.0
2025-06-21,364.37605709167315,263.3058326245522,-0.011205910307807598,-0.011205910307807598,1.0
2025-06-22,364.37605709167315,260.3079203072244,-0.0,-0.011385666194498989,0.0
2025-06-23,364.37605709167315,271.70646150673986,0.0,0.043788683748318125,0.0
2025-06-24,364.37605709167315,273.56632902909865,0.0,0.006845135415790127,0.0
2025-06-25,368.69888821829693,276.8118250470373,0.01186365306526227,0.01186365306526227,1.0
2025-06-26,367.42670801237244,275.85669733756026,-0.0034504584813699335,-0.0034504584813699335,1.0
2025-06-27,367.7141827018973,276.072527642465,0.0007824000902927342,0.0007824000902927342,1.0
2025-06-28,368.5340382709482,276.688058970592,0.002229600074239002,0.002229600074239002,1.0
2025-06-29,372.0845257666991,279.3536946828527,0.009634082953120737,0.009634082953120737,1.0
2025-06-30,367.9195757120988,276.2267326477487,-0.011193558899065148,-0.011193558899065148,1.0
2025-07-01,362.902569078324,272.460063403696,-0.01363615030286025,-0.01363615030286025,1.0
2025-07-02,373.8074514554826,280.6472331761128,0.030049063595372294,0.030049063595372294,1.0
2025-07-03,376.3495804540501,282.5558132941571,0.006800637570677948,0.006800637570677948,1.0
2025-07-04,370.8560812610916,278.43140287120804,-0.014596799035436203,-0.014596799035436203,1.0
2025-07-05,371.60463459344044,278.99340189180134,0.00201844696682163,0.00201844696682163,1.0
2025-07-06,374.93915561297916,281.4968942498518,0.00897330309991129,0.00897330309991129,1.0
2025-07-07,371.6842445534367,279.05317147349155,-0.008681171360246709,-0.008681171360246709,1.0
2025-07-08,374.0467962769977,280.82692852908576,0.006356340787055714,0.006356340787055714,1.0
2025-07-09,382.02773767841,286.81886131085855,0.02133674577846678,0.02133674577846678,1.0
2025-07-10,398.3288982883247,299.05744993427663,0.042670096964626536,0.042670096964626536,1.0
2025-07-11,403.652913060196,303.05461480966005,0.013365876276487443,0.013365876276487443,1.0
2025-07-12,403.2769714164192,302.77236526714603,-0.0009313487692351741,-0.0009313487692351741,1.0
2025-07-13,408.9693410269103,307.04608366195004,0.014115285557957602,0.014115285557957602,1.0
2025-07-14,411.485345325367,308.9350498724194,0.0061520609152243555,0.0061520609152243555,1.0
2025-07-15,404.3377166315648,303.56875177195286,-0.017370311664806737,-0.017370311664806737,1.0
2025-07-16,407.42750310827773,305.8885022809866,0.007641598469846356,0.007641598469846356,1.0
2025-07-17,409.45983999561486,307.41434057578806,0.004988217221057356,0.004988217221057356,1.0
2025-07-18,405.16646352430655,304.190958529859,-0.010485464145529533,-0.010485464145529533,1.0
2025-07-19,404.79268463494105,303.91033274053456,-0.0009225316580109277,-0.0009225316580109277,1.0
2025-07-20,402.7278721019997,302.3601123740302,-0.005100913656094108,-0.005100913656094108,1.0
2025-07-21,403.126402514072,302.6593211165236,0.0009895774285306747,0.0009895774285306747,1.0
2025-07-22,412.0439195638741,309.35441635093684,0.022120895565729715,0.022120895565729715,1.0
2025-07-23,407.8695289146214,306.22036650429135,-0.010130936172219385,-0.010130936172219385,1.0
2025-07-24,406.45035006759997,305.15487512564755,-0.003479492206240553,-0.003479492206240553,1.0
2025-07-25,403.8283708029906,303.186345008892,-0.006450921408170274,-0.006450921408170274,1.0
2025-07-26,404.9830756820039,304.0532745689322,0.0028593951354067837,0.0028593951354067837,1.0
2025-07-27,410.1183815491322,307.9087605350653,0.01268029746299959,0.01268029746299959,1.0
2025-07-28,405.3296656587704,304.313487461017,-0.011676423456743024,-0.011676423456743024,1.0
2025-07-29,404.85866580920265,303.9598700997448,-0.0011620167223691524,-0.0011620167223691524,1.0
2025-07-30,404.50424872123335,303.69378076754555,-0.0008754094154336256,-0.0008754094154336256,1.0
2025-07-31,397.4014199402363,298.36111755457614,-0.017559342833731395,-0.017559342833731395,1.0
2025-08-01,388.7764926657889,291.88569293023016,-0.021703312674988595,-0.021703312674988595,1.0
2025-08-02,386.35286887718553,290.0660841774273,-0.006233977193386586,-0.006233977193386586,1.0
2025-08-03,392.0961490399294,294.3780252068352,0.014865374701202416,0.014865374701202416,1.0
2025-08-04,394.96650176748517,296.53302920178356,0.007320532819778958,0.007320532819778958,1.0
2025-08-05,391.7433111059748,294.11312147220286,-0.008160668429060491,-0.008160668429060491,1.0
2025-08-06,394.8874754078857,296.4736977757159,0.008026082929238232,0.008026082929238232,1.0
2025-08-07,403.42403871638646,302.8827804840331,0.021617710968632853,0.021617710968632853,1.0
2025-08-08,400.5688595991448,300.7391685352715,-0.007077364864836233,-0.007077364864836233,1.0
2025-08-09,399.9122061645578,300.2461661383025,-0.001639302254409114,-0.001639302254409114,1.0
2025-08-10,409.58232742005055,307.5063017088069,0.02418061041005992,0.02418061041005992,1.0
2025-08-11,407.4967112494388,305.9404623830511,-0.005092056055614025,-0.005092056055614025,1.0
2025-08-12,412.3417617427992,309.5780303616072,0.011889790419423951,0.011889790419423951,1.0
2025-08-13,423.5072388617996,317.9608495064306,0.027078210734242658,0.027078210734242658,1.0
2025-08-14,406.4254612271529,305.13618907703807,-0.04033408656852,-0.04033408656852,1.0
2025-08-15,403.15444966254864,302.680378360267,-0.008048244700830987,-0.008048244700830987,1.0
2025-08-16,403.2187143650552,302.7286270264697,0.00015940467123787272,0.00015940467123787272,1.0
2025-08-17,403.33172686540337,302.81347457408697,0.00028027593046164867,0.00028027593046164867,1.0
2025-08-18,399.2058780373816,299.715868965695,-0.010229418003108504,-0.010229418003108504,1.0
2025-08-19,387.4289250203855,290.87396582386145,-0.029500950925109515,-0.029500950925109515,1.0
2025-08-20,392.3030525452753,294.5333642619655,0.01258070115604637,0.01258070115604637,1.0
2025-08-21,392.3030525452753,289.9051521946442,-0.0,-0.0157137106654065,0.0
2025-08-22,392.3030525452753,301.3187968762081,0.0,0.03937027194984366,0.0
2025-08-23,392.3030525452753,297.38877290651817,-0.0,-0.01304274413157347,0.0
2025-08-24,392.3030525452753,292.47661022191295,-0.0,-0.01651764670399769,0.0
2025-08-25,392.3030525452753,283.8416969509523,-0.0,-0.029523431854632576,0.0
2025-08-26,392.3030525452753,288.1208536302482,0.0,0.015075856455421643,0.0
2025-08-27,392.3030525452753,286.74246758937085,-0.0,-0.004784055105730878,0.0
2025-08-28,392.3030525452753,290.1488440423722,0.0,0.011879567340124408,0.0
2025-08-29,392.3030525452753,279.33276630841004,-0.0,-0.037277686801270415,0.0
2025-08-30,392.3030525452753,280.49158483466067,0.0,0.004148523431623419,0.0
2025-08-31,392.3030525452753,278.99675249362093,-0.0,-0.005329330439345803,0.0
2025-09-01,392.3030525452753,281.5550658522127,0.0,0.009169688663849929,0.0
2025-09-02,392.3030525452753,286.72888476507126,0.0,0.018375868667816153,0.0
2025-09-03,392.3030525452753,288.03940823217096,0.0,0.0045706014870927625,0.0
2025-09-04,392.3030525452753,285.3702157272094,-0.0,-0.009266761521777633,0.0
2025-09-05,392.3030525452753,285.2393618392227,-0.0,-0.000458540803402796,0.0
2025-09-06,392.3030525452753,284.060413928194,-0.0,-0.0041331880124355624,0.0
2025-09-07,392.3030525452753,286.42390267790404,0.0,0.008320373532608727,0.0
2025-09-08,392.3030525452753,288.85427459470606,0.0,0.008485227294507736,0.0
2025-09-09,392.3030525452753,287.50565736230317,-0.0,-0.004668849835423594,0.0
2025-09-10,392.3030525452753,293.78069022397483,0.0,0.021825771775211056,0.0
2025-09-11,392.3030525452753,297.7911801850563,0.0,0.013651305530067104,0.0
2025-09-12,394.22494363781647,299.2500579911853,0.004898996018694923,0.004898996018694923,1.0
2025-09-13,393.75746670970125,298.8952034846259,-0.0011858126576198558,-0.0011858126576198558,1.0
2025-09-14,391.5361364081938,297.2090260058249,-0.00564136680395988,-0.00564136680395988,1.0
2025-09-15,391.76345759019057,297.3815819995361,0.0005805879990596896,0.0005805879990596896,1.0
2025-09-16,396.69179439742976,301.1226062527385,0.01257987878081912,0.01257987878081912,1.0
2025-09-17,395.50965634329987,300.22526353772,-0.0029799911942356427,-0.0029799911942356427,1.0
2025-09-18,397.6609398041114,301.85826954302945,0.005439269121015444,0.005439269121015444,1.0
2025-09-19,392.81422810837637,298.17920564963015,-0.01218805069998219,-0.01218805069998219,1.0
2025-09-20,393.02423281497084,298.33861697466426,0.0005346158350876262,0.0005346158350876262,1.0
2025-09-21,391.4279593677395,297.1269104873837,-0.004061514059319649,-0.004061514059319649,1.0
2025-09-22,382.78438973987505,290.56571045645507,-0.022082146716923656,-0.022082146716923656,1.0
2025-09-23,380.3418159996983,288.7115905049099,-0.00638106935822691,-0.00638106935822691,1.0
2025-09-24,380.3418159996983,292.141988195572,0.0,0.011881745671044497,0.0
2025-09-25,380.3418159996983,281.027139874739,-0.0,-0.03804604873638451,0.0
2025-09-26,380.3418159996983,282.732261140751,0.0,0.00606746119528534,0.0
2025-09-27,380.3418159996983,282.69068790432743,-0.0,-0.0001470410071204853,0.0
2025-09-28,380.3418159996983,289.17670558519546,0.0,0.02294386747915489,0.0
2025-09-29,380.3418159996983,294.7629320343308,0.0,0.019317691713205853,0.0
2025-09-30,379.3528913008749,293.9965205288796,-0.00260009459181898,-0.00260009459181898,1.0
2025-10-01,394.62528616709386,305.8325472305987,0.0402590706870507,0.0402590706870507,1.0
2025-10-02,401.14811189361166,310.88770329132194,0.01652916312046937,0.01652916312046937,1.0
2025-10-03,406.79205972748053,315.26173354983376,0.014069486223496686,0.014069486223496686,1.0
2025-10-04,407.2581872691374,315.62297997371064,0.001145861947180471,0.001145861947180471,1.0
2025-10-05,410.79082610028894,318.360756720534,0.008674199663951665,0.008674199663951665,1.0
2025-10-06,414.7793161167637,321.4518157684476,0.009709296710294746,0.009709296710294746,1.0
2025-10-07,403.71763331563193,312.87906904817135,-0.026668838997790933,-0.026668838997790933,1.0
2025-10-08,410.20038457813024,317.90316760741257,0.016057637139247793,0.016057637139247793,1.0
2025-10-09,404.783713828999,313.7052759091729,-0.013204938251586529,-0.013204938251586529,1.0
2025-10-10,375.73644529185697,291.1937936544756,-0.07175997340004903,-0.07175997340004903,1.0
2025-10-11,368.38206612273154,285.49418799453593,-0.019573238798841652,-0.019573238798841652,1.0
2025-10-12,368.38206612273154,296.57460243820714,0.0,0.038811348565468196,0.0
2025-10-13,368.38206612273154,297.10567282661924,0.0,0.0017906806046303902,0.0
2025-10-14,368.38206612273154,291.4198819557205,-0.0,-0.019137267951853554,0.0
2025-10-15,368.38206612273154,285.58498930384803,-0.0,-0.020022287473025147,0.0
2025-10-16,368.38206612273154,278.86801206216654,-0.0,-0.023520064055379875,0.0
2025-10-17,368.38206612273154,274.39702054176655,-0.0,-0.016032643856633166,0.0
2025-10-18,368.38206612273154,276.31874532848786,0.0,0.007003446258006196,0.0
2025-10-19,368.38206612273154,280.1020129384778,0.0,0.013691679171068838,0.0
2025-10-20,368.38206612273154,284.9765715611227,0.0,0.017402797543320636,0.0
2025-10-21,368.38206612273154,279.2913992628676,-0.0,-0.01994961293523634,0.0
2025-10-22,368.38206612273154,277.2906002732029,-0.0,-0.007163840329295512,0.0
2025-10-23,368.38206612273154,283.81151576071545,0.0,0.023516539980395157,0.0
2025-10-24,368.38206612273154,286.1984329493028,0.0,0.008410219656484141,0.0
2025-10-25,368.38206612273154,287.8069280136086,0.0,0.005620209194474146,0.0
2025-10-26,368.38206612273154,295.234645222815,0.0,0.025807986140122363,0.0
2025-10-27,368.38206612273154,294.04639294827183,-0.0,-0.004024772477655425,0.0
2025-10-28,368.38206612273154,291.0042784607851,-0.0,-0.010345695646815645,0.0
2025-10-29,368.38206612273154,283.5952730740483,-0.0,-0.025460125280375112,0.0
2025-10-30,368.38206612273154,279.15198845331065,-0.0,-0.01566769633560683,0.0
2025-10-31,368.38206612273154,282.36622077888603,0.0,0.011514273437149614,0.0
2025-11-01,368.38206612273154,283.6471300806722,0.0,0.004536340424335483,0.0
2025-11-02,368.38206612273154,284.89396633933865,0.0,0.004395730209968418,0.0
2025-11-03,368.38206612273154,274.64104744967653,-0.0,-0.03598854346199032,0.0
2025-11-04,368.38206612273154,261.52259078842235,-0.0,-0.04776582664198403,0.0
2025-11-05,368.38206612273154,267.71050800278357,0.0,0.023661119277329945,0.0
2025-11-06,368.38206612273154,261.06471816283926,-0.0,-0.024824538601507684,0.0
2025-11-07,368.38206612273154,266.2034330781721,0.0,0.01968368208272242,0.0
2025-11-08,368.38206612273154,263.6293976648883,-0.0,-0.009669429817338093,0.0
2025-11-09,368.38206612273154,269.8392999819583,0.0,0.023555424289076088,0.0
2025-11-10,368.38206612273154,273.14977190133766,0.0,0.012268309025411428,0.0
2025-11-11,368.38206612273154,265.4948581148999,-0.0,-0.028024602521735775,0.0
2025-11-12,368.38206612273154,261.96296296296293,-0.0,-0.01330306423640193,0.0
2025-11-13,368.38206612273154,256.7451222969664,-0.0,-0.019918238085947504,0.0
2025-11-14,368.38206612273154,243.57318487589887,-0.0,-0.05130355468187664,0.0
2025-11-15,368.38206612273154,246.25619216990128,0.0,0.011015199786337027,0.0
2025-11-16,368.38206612273154,242.7484471249259,-0.0,-0.014244291743759518,0.0
2025-11-17,368.38206612273154,237.37879842263976,-0.0,-0.022120218546744175,0.0
2025-11-18,368.38206612273154,239.4764298048919,0.0,0.008836641672258283,0.0
2025-11-19,368.38206612273154,235.73184875898863,-0.0,-0.015636532785101465,0.0
2025-11-20,368.38206612273154,223.0389443026882,-0.0,-0.05384467361165779,0.0
2025-11-21,368.38206612273154,219.25534163251632,-0.0,-0.01696386557962337,0.0
2025-11-22,368.38206612273154,218.26335730302327,-0.0,-0.004524333692885185,0.0
2025-11-23,368.38206612273154,223.7384468671873,0.0,0.025084785791885222,0.0
2025-11-24,368.38206612273154,227.49606948632695,0.0,0.016794711287909436,0.0
2025-11-25,368.38206612273154,225.0702595427717,-0.0,-0.010663085076733858,0.0
2025-11-26,368.38206612273154,233.1731230186345,0.0,0.036001484568968234,0.0
2025-11-27,368.38206612273154,235.35838552540014,0.0,0.009371845598993067,0.0
2025-11-28,368.38206612273154,234.29134771514728,-0.0,-0.004533672373180364,0.0
2025-11-29,368.38206612273154,234.09897162297997,-0.0,-0.0008210977231699612,0.0
2025-11-30,368.38206612273154,232.91711126575424,-0.0,-0.0050485499745343,0.0
2025-12-01,368.38206612273154,222.38294801412408,-0.0,-0.045227090420209115,0.0
2025-12-02,368.38206612273154,235.3360911363695,0.0,0.05824701596015691,0.0
2025-12-03,368.38206612273154,240.86662027371838,0.0,0.02350055663219175,0.0
2025-12-04,368.38206612273154,237.3606020773731,-0.0,-0.014555849176449032,0.0
2025-12-05,368.38206612273154,230.27730096136497,-0.0,-0.029841941139411077,0.0
2025-12-06,368.38206612273154,230.07801747467718,-0.0,-0.0008654065592040849,0.0
2025-12-07,368.38206612273154,233.00159797932935,0.0,0.012706909320330695,0.0
2025-12-08,368.38206612273154,233.64999097914895,0.0,0.0027827834892235614,0.0
2025-12-09,368.38206612273154,238.89790973994175,0.0,0.022460599030201145,0.0
2025-12-10,368.38206612273154,237.21227351220392,-0.0,-0.007055885208760326,0.0
2025-12-11,368.38206612273154,238.51645660970644,0.0,0.005497957918418672,0.0
2025-12-12,368.38206612273154,232.68125467151214,-0.0,-0.024464567439648977,0.0
2025-12-13,368.38206612273154,232.6227995566896,-0.0,-0.0002512239969869601,0.0
2025-12-14,368.38206612273154,227.25227454315834,-0.0,-0.023086838537606513,0.0
2025-12-15,368.38206612273154,222.73125596020515,-0.0,-0.019894272090528964,0.0
2025-12-16,368.38206612273154,226.43369674476145,0.0,0.01662290624005558,0.0
2025-12-17,368.38206612273154,222.19585556328772,-0.0,-0.01871559419996871,0.0
2025-12-18,368.38206612273154,220.26346039846388,-0.0,-0.008696810117925113,0.0
2025-12-19,368.38206612273154,227.04876414340575,0.0,0.03080539882859834,0.0
2025-12-20,368.38206612273154,227.64504239799993,0.0,0.0026262122889935124,0.0
2025-12-21,368.38206612273154,228.4593675094719,0.0,0.0035771704180063146,0.0
2025-12-22,368.38206612273154,228.24498054073558,-0.0,-0.0009384030564095758,0.0
2025-12-23,368.38206612273154,225.33910667800717,-0.0,-0.012731381237143125,0.0
2025-12-24,368.38206612273154,225.8022887187814,0.0,0.0020554889366632967,0.0
2025-12-25,368.38206612273154,224.67506894507588,-0.0,-0.0049920653156416694,0.0
2025-12-26,368.38206612273154,224.9955153483337,0.0,0.0014262659616059992,0.0
2025-12-27,368.38206612273154,226.31511121420655,0.0,0.005864987414659684,0.0
2025-12-28,368.38206612273154,226.49369829119306,0.0,0.0007891080539357276,0.0
2025-12-29,368.38206612273154,224.5181061367561,-0.0,-0.008722503845987939,0.0
2025-12-30,368.38206612273154,227.83448027011005,0.0,0.014771076553326656,0.0
2025-12-31,368.38206612273154,225.51596690636356,-0.0,-0.010176305891003712,0.0
2026-01-01,368.38206612273154,228.7129565194979,0.0,0.01417633375140026,0.0
2026-01-02,368.38206612273154,231.8564653728189,0.0,0.013744340946652889,0.0
2026-01-03,368.38206612273154,233.50606974406557,0.0,0.00711476545885481,0.0
2026-01-04,368.38206612273154,235.81535606587798,0.0,0.009889620104280405,0.0
2026-01-05,368.38206612273154,241.93937988092475,0.0,0.02596957177519843,0.0
2026-01-06,368.38206612273154,241.55779788138867,-0.0,-0.001577180199948791,0.0
2026-01-07,368.38206612273154,235.26309956442174,-0.0,-0.026058766772074082,0.0
2026-01-08,368.38206612273154,234.60913941080955,-0.0,-0.0027796970915667796,0.0
2026-01-09,368.38206612273154,233.29325498079845,-0.0,-0.005608837035572245,0.0
2026-01-10,368.38206612273154,232.95842676357637,-0.0,-0.0014352245942543806,0.0
2026-01-11,368.38206612273154,234.21224773834376,0.0,0.005382166218180551,0.0
2026-01-12,368.38206612273154,235.02690790999768,0.0,0.00347829876328265,0.0
2026-01-13,368.38206612273154,245.841980463414,0.0,0.046016316385177,0.0
2026-01-14,368.38206612273154,249.89087347612053,0.0,0.016469493961423165,0.0
2026-01-15,368.38206612273154,246.36627232660632,-0.0,-0.01410456132504978,0.0
2026-01-16,368.38206612273154,246.15067398644294,-0.0,-0.0008751130506922111,0.0
2026-01-17,368.38206612273154,245.13515812263202,-0.0,-0.004125586362874745,0.0
2026-01-18,368.38206612273154,241.32975076677232,-0.0,-0.015523711021313336,0.0
2026-01-19,368.38206612273154,238.56197324673317,-0.0,-0.011468861635356431,0.0
2026-01-20,368.38206612273154,227.61050542539758,-0.0,-0.04590617554126708,0.0
2026-01-21,368.38206612273154,230.3247764117632,0.0,0.011925069017762358,0.0
2026-01-22,368.38206612273154,230.58197376221037,0.0,0.0011166725284792456,0.0
2026-01-23,368.38206612273154,230.611433284363,0.0,0.00012776160109972956,0.0
2026-01-24,368.38206612273154,229.59913915307095,-0.0,-0.004389609469378719,0.0
2026-01-25,368.38206612273154,223.1035335962267,-0.0,-0.02829107104148898,0.0
2026-01-26,368.38206612273154,227.45434160674242,0.0,0.019501295835097965,0.0
2026-01-27,368.38206612273154,229.68880641253642,0.0,0.009823794920816642,0.0
2026-01-28,368.38206612273154,229.80592283306268,0.0,0.000509891719825184,0.0
2026-01-29,368.38206612273154,217.82313977164358,-0.0,-0.05214305581725032,0.0
2026-01-30,368.38206612273154,216.78648934250884,-0.0,-0.004759138217461767,0.0
2026-01-31,368.38206612273154,202.70625531585864,-0.0,-0.06494977647986311,0.0
2026-02-01,368.38206612273154,198.18946364597025,-0.0,-0.022282448377581088,0.0
2026-02-02,368.38206612273154,202.75483904224336,0.0,0.023035409210392377,0.0
2026-02-03,368.38206612273154,195.00886620789197,-0.0,-0.03820363977965302,0.0
2026-02-04,368.38206612273154,188.144024330524,-0.0,-0.03520271673211839,0.0
2026-02-05,368.38206612273154,161.83664527436272,-0.0,-0.139825748650648,0.0
2026-02-06,368.38206612273154,181.77710765741384,0.0,0.12321351786083978,0.0
2026-02-07,368.38206612273154,178.4704244954767,-0.0,-0.01819086685089677,0.0
2026-02-08,368.38206612273154,181.1369622928426,0.0,0.014941062671330663,0.0
2026-02-09,368.38206612273154,180.67988865692416,-0.0,-0.002523359286435989,0.0
2026-02-10,368.38206612273154,177.33356529807466,-0.0,-0.018520729582712447,0.0
2026-02-11,368.38206612273154,172.7491172452898,-0.0,-0.02585211685717259,0.0
2026-02-12,368.38206612273154,170.64357328797132,-0.0,-0.012188449879768526,0.0
2026-02-13,368.38206612273154,177.3550864713008,0.0,0.03933059449009191,0.0
2026-02-14,368.38206612273154,179.86793474058612,0.0,0.014168458989711086,0.0
2026-02-15,368.38206612273154,177.30353875099874,-0.0,-0.014257104765704187,0.0
2026-02-16,368.38206612273154,177.47398128817753,0.0,0.0009613036399582775,0.0
2026-02-17,368.38206612273154,173.88772906518207,-0.0,-0.020207199934125564,0.0
2026-02-18,368.38206612273154,171.1894378721101,-0.0,-0.01551743304474662,0.0
2026-02-19,368.38206612273154,172.61398489651793,0.0,0.008321465635467984,0.0
2026-02-20,368.38206612273154,175.22209335292146,0.0,0.015109485236477704,0.0
2026-02-21,368.38206612273154,175.1482770174489,-0.0,-0.0004212729916648339,0.0
2026-02-22,368.38206612273154,174.27763602154693,-0.0,-0.004970879592582134,0.0
2026-02-23,368.38206612273154,166.5655815871543,-0.0,-0.04425154374620477,0.0
2026-02-24,368.38206612273154,165.12881775303487,-0.0,-0.008625814651676111,0.0
2026-02-25,368.38206612273154,175.2433825614062,0.0,0.06125257205861301,0.0
2026-02-26,368.38206612273154,173.94909662620168,-0.0,-0.007385647984459509,0.0
2026-02-27,368.38206612273154,169.74648831155443,-0.0,-0.02415998930812635,0.0
2026-02-28,368.38206612273154,172.60200005154772,0.0,0.016822213928527674,0.0
2026-03-01,368.38206612273154,169.5121008273409,-0.0,-0.017901873809596736,0.0
2026-03-02,368.38206612273154,177.406659965463,0.0,0.04657224528273196,0.0
2026-03-03,368.38206612273154,176.1282249542514,-0.0,-0.007206240236192318,0.0
2026-03-04,368.38206612273154,187.3328178561303,0.0,0.0636161120955443,0.0
2026-03-05,368.38206612273154,182.7047088842496,-0.0,-0.024705276015412503,0.0
2026-03-06,368.38206612273154,175.5412252893116,-0.0,-0.03920798559973815,0.0
2026-03-07,368.38206612273154,173.35400396917444,-0.0,-0.012459872696754637,0.0
2026-03-08,368.38206612273154,170.03159875254516,-0.0,-0.019165436854980733,0.0
2026-03-09,368.38206612273154,176.37611794118405,0.0,0.03731376541293563,0.0
2026-03-10,368.38206612273154,180.31606484703215,0.0,0.022338324212135996,0.0
2026-03-11,368.38206612273154,180.95311734838526,0.0,0.0035329769529606203,0.0
2026-03-12,368.38206612273154,181.78705636743214,0.0,0.004608591613491253,0.0
2026-03-13,368.38206612273154,182.8509239928864,0.0,0.005852273790626583,0.0
2026-03-14,368.38206612273154,183.59241217557155,0.0,0.0040551514123821075,0.0
2026-03-15,368.38206612273154,187.71104925384674,0.0,0.022433590960918792,0.0
2026-03-16,368.38206612273154,193.01134049846647,0.0,0.02823643715001567,0.0
2026-03-17,368.38206612273154,190.5567411531225,-0.0,-0.012717384061500026,0.0
2026-03-18,368.38206612273154,183.6259181937679,-0.0,-0.036371439380280535,0.0
2026-03-19,368.38206612273154,180.2064486198098,-0.0,-0.018621933154064685,0.0
2026-03-20,368.38206612273154,181.69800768061032,0.0,0.008276946092796722,0.0
2026-03-21,368.38206612273154,177.61287662053147,-0.0,-0.022483081197344212,0.0
2026-03-22,368.38206612273154,174.86259955153483,-0.0,-0.015484671614618195,0.0
2026-03-23,368.38206612273154,182.67024923322765,0.0,0.04465019793664782,0.0
2026-03-24,368.38206612273154,181.7920307224413,-0.0,-0.004807671279109305,0.0
2026-03-25,368.38206612273154,183.77156627748138,0.0,0.010889011730455866,0.0
2026-03-26,368.38206612273154,177.24431042037168,-0.0,-0.03551831215964085,0.0
2026-03-27,368.38206612273154,171.01817057140647,-0.0,-0.03512744546890456,0.0
2026-03-28,368.38206612273154,170.93262712956516,-0.0,-0.0005002008941825675,0.0
2026-03-29,368.38206612273154,169.99649475501946,-0.0,-0.005476616081236174,0.0
2026-03-30,368.38206612273154,172.00747441944378,0.0,0.01182953605791881,0.0
2026-03-31,368.38206612273154,175.8340421144875,0.0,0.0222465198559485,0.0
2026-04-01,368.38206612273154,175.55181834583365,-0.0,-0.0016050576171710018,0.0
2026-04-02,368.38206612273154,172.41289723961955,-0.0,-0.01788031098618692,0.0
2026-04-03,368.38206612273154,172.58174179746902,0.0,0.0009793035239979986,0.0
2026-04-04,368.38206612273154,173.43676383411943,0.0,0.004954301815158546,0.0
2026-04-05,368.38206612273154,177.85252197221578,0.0,0.025460335170458537,0.0
2026-04-06,368.38206612273154,177.46233150338927,-0.0,-0.002193898992826626,0.0
2026-04-07,368.38206612273154,185.3403438232944,0.0,0.04439258885627062,0.0
2026-04-08,368.38206612273154,183.21603649578597,-0.0,-0.011461656343606186,0.0
2026-04-09,368.38206612273154,185.05118688625993,0.0,0.010016319671428686,0.0
2026-04-10,368.38206612273154,188.14371504420217,0.0,0.016711744517710292,0.0
2026-04-11,368.38206612273154,188.37083429985307,0.0,0.0012071583448725054,0.0
2026-04-12,368.38206612273154,182.36384958375217,-0.0,-0.03188914429576106,0.0
2026-04-13,368.38206612273154,191.8760792803938,0.0,0.05216072000209171,0.0
2026-04-14,368.38206612273154,191.18802030980177,-0.0,-0.0035859549203450802,0.0
2026-04-15,368.38206612273154,192.88205881594885,0.0,0.008860589190693213,0.0
2026-04-16,368.38206612273154,193.72429701796437,0.0,0.004366596909975984,0.0
2026-04-17,368.38206612273154,198.7113327663084,0.0,0.02574295442084673,0.0
2026-04-18,368.38206612273154,195.2030206964097,-0.0,-0.017655319508246503,0.0
2026-04-19,368.38206612273154,190.27072862702647,-0.0,-0.025267498688220646,0.0
2026-04-20,368.38206612273154,195.53302920178353,0.0,0.027656910827688952,0.0
2026-04-21,368.38206612273154,196.77976236500942,0.0,0.006376074509331531,0.0
2026-04-22,368.38206612273154,201.573545709941,0.0,0.02436116035163982,0.0
2026-04-23,368.38206612273154,201.76117941184052,0.0,0.0009308448747016307,0.0
2026-04-24,368.38206612273154,199.6489600247429,-0.0,-0.010468908802253263,0.0
2026-04-25,368.38206612273154,200.13587979071625,0.0,0.0024388795509528993,0.0
2026-04-26,368.38206612273154,202.77282919662878,0.0,0.013175795407949886,0.0
2026-04-27,368.38206612273154,199.39797417459212,-0.0,-0.016643526824612453,0.0
2026-04-28,368.38206612273154,196.7009201268074,-0.0,-0.013525985200948831,0.0
2026-04-29,368.38206612273154,195.24441351581228,-0.0,-0.007404676145165823,0.0
2026-04-30,368.38206612273154,196.66945024356298,0.0,0.0072987324046291935,0.0
2026-05-01,368.38206612273154,201.63934637490658,0.0,0.02527030062467106,0.0
2026-05-02,368.38206612273154,202.79468543003685,0.0,0.00572973021337897,0.0
2026-05-03,368.38206612273154,202.4765844480528,-0.0,-0.001568586382377446,0.0
2026-05-04,368.38206612273154,205.81038171086882,0.0,0.01646510025790837,0.0
2026-05-05,368.38206612273154,208.5304260419083,0.0,0.013216263963111041,0.0
2026-05-06,368.38206612273154,209.8974200365989,0.0,0.006555369499968711,0.0
2026-05-07,368.38206612273154,206.20474754503982,-0.0,-0.01759274835734137,0.0
2026-05-08,368.38206612273154,206.6775432356504,0.0,0.002292845806119548,0.0
2026-05-09,368.38206612273154,207.88154333874584,0.0,0.005825500362768743,0.0
2026-05-10,368.38206612273154,211.8611046676461,0.0,0.019143408621012048,0.0
2026-05-11,368.38206612273154,210.64218149952316,-0.0,-0.005753407025962054,0.0
2026-05-12,368.38206612273154,207.44019175751953,-0.0,-0.015201085173013662,0.0
2026-05-13,368.38206612273154,204.35645248588878,-0.0,-0.014865678851836761,0.0
2026-05-14,368.38206612273154,208.9728858991211,0.0,0.02259010350334334,0.0
2026-05-15,368.38206612273154,203.76429804891876,-0.0,-0.02492470651296219,0.0
2026-05-16,368.38206612273154,201.30789453336425,-0.0,-0.012055122212649816,0.0
2026-05-17,368.38206612273154,199.50923992886413,-0.0,-0.008934843855326391,0.0
2026-05-18,368.38206612273154,198.314337998402,-0.0,-0.005989205968045308,0.0
2026-05-19,368.38206612273154,197.85942936673624,-0.0,-0.002293876661955907,0.0
2026-05-20,368.38206612273154,199.68553313229722,0.0,0.009229298656149743,0.0
2026-05-21,368.38206612273154,199.87015129255906,0.0,0.000924544494365076,0.0
2026-05-22,368.38206612273154,194.44807855872574,-0.0,-0.027127976332477877,0.0
2026-05-23,368.38206612273154,197.5566380576819,0.0,0.015986578638355287,0.0
2026-05-24,368.38206612273154,198.3968401247455,0.0,0.004252968036529747,0.0
2026-05-25,368.38206612273154,199.10067269774996,0.0,0.0035475997125857806,0.0
2026-05-26,368.38206612273154,195.43312971983815,-0.0,-0.018420545386501064,0.0
2026-05-27,368.38206612273154,191.54096755071006,-0.0,-0.01991556996865207,0.0
2026-05-28,368.38206612273154,189.4702440784556,-0.0,-0.010810864635035444,0.0
2026-05-29,368.38206612273154,189.0944869713137,-0.0,-0.001983198517368945,0.0
2026-05-30,368.38206612273154,190.1355447305343,0.0,0.005505489746924885,0.0
2026-05-31,368.38206612273154,189.63161421686124,-0.0,-0.002650375101547864,0.0
2026-06-01,368.38206612273154,183.80478878321605,-0.0,-0.030727078170529554,0.0
2026-06-02,368.38206612273154,171.8042990798732,-0.0,-0.06528932016834732,0.0
2026-06-03,368.38206612273154,165.055800407227,-0.0,-0.03928015019873743,0.0
2026-06-04,368.38206612273154,164.45274362741307,-0.0,-0.003653653966271153,0.0
2026-06-05,368.38206612273154,157.3030232737957,-0.0,-0.043475835038762733,0.0
2026-06-06,368.38206612273154,156.83517616433414,-0.0,-0.0029741774806658627,0.0
2026-06-07,368.38206612273154,163.15557101987164,0.0,0.04029959993742027,0.0
2026-06-08,368.38206612273154,162.5376427227506,-0.0,-0.0037873564062719245,0.0
2026-06-09,368.38206612273154,158.98811825047036,-0.0,-0.02183816876398803,0.0
2026-06-10,368.38206612273154,158.37897883966082,-0.0,-0.003831351785986481,0.0
2026-06-11,368.38206612273154,163.82746978014896,0.0,0.03440160418008564,0.0
2026-06-12,368.38206612273154,163.76306090363153,-0.0,-0.0003931506517427241,0.0
2026-06-13,368.38206612273154,166.06095517925718,0.0,0.014031822945578032,0.0
2026-06-14,368.38206612273154,169.35132348771873,0.0,0.01981422005497757,0.0
2026-06-15,368.38206612273154,170.82089744581046,0.0,0.008677664442334754,0.0
2026-06-16,368.38206612273154,169.11941029407973,-0.0,-0.009960649880501271,0.0
2026-06-17,368.38206612273154,166.1023222247996,-0.0,-0.017839986930144547,0.0
2026-06-18,368.38206612273154,162.063481017552,-0.0,-0.02431538074333195,0.0
2026-06-19,368.38206612273154,163.60009278589652,0.0,0.009481542409780275,0.0
2026-06-20,368.38206612273154,165.52743627413076,0.0,0.011780821486186754,0.0
2026-06-21,368.38206612273154,162.9826284182582,-0.0,-0.015373933851413613,0.0
2026-06-22,368.38206612273154,164.8254078713369,0.0,0.01130660040866216,0.0
2026-06-23,368.38206612273154,161.4599860821155,-0.0,-0.0204181007812122,0.0
2026-06-24,368.38206612273154,157.1770664192376,-0.0,-0.026526198637845222,0.0
2026-06-25,368.38206612273154,153.879352560633,-0.0,-0.02098088438556689,0.0
2026-06-26,368.38206612273154,154.64968169282713,0.0,0.005006059093539461,0.0
2026-06-27,368.38206612273154,154.47521843346476,-0.0,-0.0011281190976447641,0.0
2026-06-28,368.38206612273154,153.28748163612465,-0.0,-0.007688850091198907,0.0
2026-06-29,368.38206612273154,155.0625789324467,0.0,0.011580184352795397,0.0
2026-06-30,368.38206612273154,150.83875873089514,-0.0,-0.027239455390405398,0.0
2026-07-01,368.38206612273154,154.54380267532667,0.0,0.024562943739424137,0.0
2026-07-02,368.38206612273154,158.46805330034277,0.0,0.025392481335924977,0.0
2026-07-03,368.38206612273154,161.138740689193,0.0,0.016853159568941622,0.0
2026-07-04,368.38206612273154,162.59813397252506,0.0,0.009056749960252741,0.0
2026-07-05,368.38206612273154,163.87133689012603,0.0,0.00783036610872867,0.0
2026-07-06,368.38206612273154,164.95744735689064,0.0,0.0066278245321989004,0.0
2026-07-07,368.38206612273154,163.20851052862187,-0.0,-0.010602351432396295,0.0
2026-07-08,368.38206612273154,160.41057759220598,-0.0,-0.017143302927975723,0.0
2026-07-09,368.38206612273154,162.82700585066624,0.0,0.015064020681998302,0.0
2026-07-10,368.38206612273154,165.2838732957035,0.0,0.01508882038456516,0.0
2026-07-11,368.38206612273154,164.36774143663496,-0.0,-0.005542778256590775,0.0
2026-07-12,368.38206612273154,164.28340936622078,-0.0,-0.0005130694726173113,0.0
2026-07-13,368.38206612273154,160.4807855872574,-0.0,-0.02314673035842929,0.0
2026-07-14,368.38206612273154,167.50081187659475,0.0,0.04374371837505975,0.0
2026-07-15,368.38206612273154,166.79973710662645,-0.0,-0.004185500727511782,0.0
2026-07-16,368.38206612273154,164.3614526147581,-0.0,-0.014618035580653665,0.0
2026-07-17,368.38206612273154,164.6795020490219,0.0,0.0019350609842152533,0.0
2026-07-18,368.38206612273154,167.00523209361066,0.0,0.014122765830907547,0.0
2026-07-19,368.38206612273154,166.70991520400008,-0.0,-0.001768309207492491,0.0
2026-07-20,368.38206612273154,168.07920307224413,0.0,0.00821359585342285,0.0
2026-07-21,368.38206612273154,171.4378721101059,0.0,0.019982656845523916,0.0
2026-07-22,368.38206612273154,170.33070439959792,-0.0,-0.006458127932181146,0.0
2026-07-23,368.38206612273154,167.6621304672801,-0.0,-0.015667016359289687,0.0
2026-07-24,368.38206612273154,165.16745276940128,-0.0,-0.014879195981382765,0.0
2026-07-25,368.38206612273154,165.7146060465476,0.0,0.003312718504596912,0.0
2026-07-26,368.38206612273154,168.40916002989766,0.0,0.01626020812307405,0.0
2026-07-27,368.38206612273154,164.16513312198768,-0.0,-0.025200689244911367,0.0
2026-07-28,368.38206612273154,164.55867419263384,0.0,0.002397226884674364,0.0
2026-07-29,368.38206612273154,164.68501765509419,0.0,0.000767771514204485,0.0
2026-07-30,368.38206612273154,166.81331993092604,0.0,0.01292347237250957,0.0
2026-07-31,368.38206612273154,161.92659604628986,-0.0,-0.029294566445051795,0.0
2026-08-01,368.38206612273154,161.76757132915796,-0.0,-0.0009820790470173035,0.0
2026-08-02,368.38206612273154,163.6626974922034,0.0,0.01171511785380841,0.0
2026-08-03,368.38206612273154,163.5776953014253,-0.0,-0.0005193742500922971,0.0
2026-08-04,368.38206612273154,165.08288873424573,0.0,0.00920170338655768,0.0
2026-08-05,368.38206612273154,166.5069460553107,0.0,0.008626316948920465,0.0
2026-08-06,368.38206612273154,165.64164024846002,-0.0,-0.005196815071986549,0.0
2026-08-07,368.38206612273154,167.25072811154925,0.0,0.009714271487988313,0.0
2026-08-08,368.38206612273154,167.2948271862677,0.0,0.00026367044984709764,0.0
2026-08-09,368.38206612273154,167.14010670378102,-0.0,-0.0009248372175572062,0.0
2026-08-10,368.38206612273154,164.72558571097193,-0.0,-0.01444608981307105,0.0
2026-08-11,368.38206612273154,163.74584396505065,-0.0,-0.005947720517687771,0.0
2026-08-12,368.38206612273154,163.43648032165777,-0.0,-0.0018892915746850925,0.0
2026-08-13,368.38206612273154,163.47161009304364,0.0,0.00021494449291070694,0.0
2026-08-14,368.38206612273154,162.31137400448466,-0.0,-0.007097477585854772,0.0
2026-08-15,368.38206612273154,162.42364493930256,0.0,0.0006917009698581555,0.0
2026-08-16,368.38206612273154,161.95432871981237,-0.0,-0.0028894575027272884,0.0
2026-08-17,368.38206612273154,166.20062372741566,0.0,0.026219089302327525,0.0
2026-08-18,368.38206612273154,166.7087553802933,0.0,0.0030573390248584964,0.0
2026-08-19,368.38206612273154,178.61287662053144,0.0,0.07140669494582119,0.0
2026-08-20,388.11341473232517,188.17977267455345,0.053562185633162285,0.053562185633162285,1.0
2026-08-21,416.3595972840214,201.87515142142837,0.07277816607080467,0.07277816607080467,1.0
2026-08-22,409.6027375916692,198.59903605763034,-0.016228423066090514,-0.016228423066090514,1.0
2026-08-23,413.19044882096847,200.338565426944,0.008759002076973,0.008759002076973,1.0
2026-08-24,419.8470001643358,203.56604551663702,0.016110128785313593,0.016110128785313593,1.0
2026-08-25,417.4294466913716,202.39387613082812,-0.005758177317017665,-0.005758177317017665,1.0
2026-08-26,420.084029802981,203.68097115905047,0.006359357569644786,0.006359357569644786,1.0
2026-08-27,426.72426177001637,206.90053867367715,0.0158069136076171,0.0158069136076171,1.0
2026-08-28,413.77427849606175,200.6216397329828,-0.030347426744003703,-0.030347426744003703,1.0
2026-08-29,415.87262071536713,201.63903708858473,0.00507122440508434,0.00507122440508434,1.0
2026-08-30,412.8490708574386,200.17304569705405,-0.00727037488721316,-0.00727037488721316,1.0
