Data,Open,High,Low,Close,BTC-USD,SMA50,SMA200,RSI,ATR,Volume,VolumeAvg20,Azione,Livello_Rischio
2016-02-04,368.87,390.63,368.74,387.99,387.99,416.7172,322.0316,47.909683879597,17.069635261524187,8887.7572324,8525.1860761175,VENDI,MEDIO
2016-02-05,387.99,389.36,382.99,384.5,384.5,415.29720000000003,322.5541,46.65203893986231,16.305375599986746,7443.92933224,7998.120603505001,VENDI,BASSO
2016-02-06,384.44,384.54,370.05,375.44,375.44,413.5426,323.04470000000003,43.462438478484756,16.175705914273408,6276.66473729,7898.033750695501,VENDI,BASSO
2016-02-07,375.44,379.81,373.24,377.49,377.49,411.86659999999995,323.5427,44.38892119681036,15.48958406325388,4164.50911131,7670.686218458999,VENDI,BASSO
2016-02-08,377.47,379.35,370.5,371.14,371.14,410.445,324.01145,42.08819419372728,15.015328058735747,7094.20857777,7618.728296830501,VENDI,BASSO
2016-02-09,371.02,374.93,370.13,372.68,372.68,409.16240000000005,324.42924999999997,42.86167524959951,14.285661768826053,8424.5942075,7346.223424239999,VENDI,BASSO
2016-02-10,372.76,383.34,371.87,378.44,378.44,408.0528,324.87295,45.77869255503231,14.084543071052762,9736.03682475,7396.067094534001,VENDI,BASSO
2016-02-11,378.49,379.5,360.0,378.23,378.23,406.7688,325.29465,45.68711548667265,14.471361423120422,10413.06371586,7245.215128364999,VENDI,BASSO
2016-02-12,378.23,382.05,377.46,382.05,382.05,405.295,325.73385,47.735261365151665,13.765549892897537,6162.21762337,7237.8245084234995,VENDI,BASSO
2016-02-13,382.05,396.0,381.99,391.0,391.0,403.9982,326.21005,52.27612130321024,13.783010614833426,5978.85647171,7359.2257434175,VENDI,BASSO
2016-02-14,391.0,406.92,391.0,406.59,406.59,403.7418,326.79204999999996,58.96418168017609,13.935652713773898,7557.25485027,7412.488495338001,ACQUISTA,MEDIO
2016-02-15,406.62,409.09,394.03,398.95,398.95,403.2264,327.34435,54.903522084460214,14.01596323421862,6568.48538284,7391.862269462499,MANTIENI STATO ATTUALE,MEDIO
2016-02-16,398.94,407.5,390.0,407.42,407.42,402.936,327.9555,58.329698246007744,14.264823003203006,5649.43557069,7358.1258384835,MANTIENI STATO ATTUALE,MEDIO
2016-02-17,407.41,420.13,405.69,415.2,415.2,402.5622,328.62385,61.24245485493985,14.277335645831364,8707.1340027,7338.296763674999,ACQUISTA,MEDIO
2016-02-18,415.18,423.2,415.01,421.19,421.19,402.427,329.31669999999997,63.365687141953835,13.84252595684341,6518.6376118,7058.963122420499,MANTIENI STATO ATTUALE,MEDIO
2016-02-19,421.18,422.0,416.0,420.72,420.72,402.23439999999994,330.01555,63.07371234830537,13.282345531354595,5800.21753183,7141.2591778920005,MANTIENI STATO ATTUALE,MEDIO
2016-02-20,420.72,444.03,420.09,437.46,437.46,402.27039999999994,330.7753,68.61982679159381,14.043606564829267,9368.59512888,7334.3500936850005,ACQUISTA,MEDIO
2016-02-21,438.04,448.7,426.01,438.56,438.56,402.3336,331.55425,68.94984572449198,14.66120609591289,7111.14458641,7293.3458615445,MANTIENI STATO ATTUALE,MEDIO
2016-02-22,438.56,439.0,430.95,437.55,437.55,402.4464,332.34375,68.24020712906083,14.188977089061972,5131.79988328,7207.124947809,MANTIENI STATO ATTUALE,MEDIO
2016-02-23,437.45,440.9,414.16,419.97,419.97,402.1688,333.0439,57.204156263027684,15.085478725557541,9159.03224463,7307.6787313765,ACQUISTA,MEDIO
2016-02-24,420.32,425.6,410.0,423.94,423.94,401.98079999999993,333.8535,58.823643722939046,15.122230245160576,7232.28236528,7224.904988020501,ACQUISTA,MEDIO
2016-02-25,423.87,426.44,418.6,423.54,423.54,401.8342,334.63305,58.583095319440936,14.60207094193482,6049.81811526,7155.199427171499,MANTIENI STATO ATTUALE,MEDIO
2016-02-26,423.51,430.85,419.53,430.85,430.85,401.26980000000003,335.46155,61.668081226945226,14.367637303225193,6782.03746528,7180.468063571,MANTIENI STATO ATTUALE,MEDIO
2016-02-27,430.84,434.97,430.14,433.12,433.12,400.84340000000003,336.2672,62.599711645515484,13.686377495851968,5520.65526894,7248.275371452501,MANTIENI STATO ATTUALE,MEDIO
2016-02-28,433.09,436.07,423.0,433.73,433.73,400.5104,337.10114999999996,62.86092946079499,13.642350531862542,5149.93009024,7151.061447076,MANTIENI STATO ATTUALE,MEDIO
2016-02-29,433.73,442.0,431.13,436.44,436.44,400.23939999999993,337.96,64.06183240924895,13.44432549387236,7578.8900694,7108.776240171001,MANTIENI STATO ATTUALE,MEDIO
2016-03-01,436.41,437.78,427.5,433.08,433.08,399.91720000000004,338.79455,61.41044145841159,13.218302244310049,7580.23306278,7000.9860520725,ACQUISTA,MEDIO
2016-03-02,433.03,435.36,418.36,420.39,420.39,399.64480000000003,339.58420000000007,52.56223470732796,13.488423512573616,7437.60843525,6852.213288042,MANTIENI STATO ATTUALE,MEDIO
2016-03-03,420.44,422.8,408.63,418.8,418.8,399.3654,340.38219999999995,51.55982636043118,13.53710754738979,11833.72087093,7135.78845042,MANTIENI STATO ATTUALE,MEDIO
2016-03-04,418.76,422.21,405.5,407.35,407.35,398.9118,341.13239999999996,44.916710301183876,13.763742722576232,8961.10957184,7284.901105426501,MANTIENI STATO ATTUALE,BASSO
2016-03-05,407.38,408.83,381.09,396.08,396.08,399.6828,342.00285,39.51943868909003,14.762046813820788,14903.33778457,7652.2052521415,MANTIENI STATO ATTUALE,BASSO
2016-03-06,396.13,409.27,385.01,403.24,403.24,399.97360000000003,342.88235000000003,44.11399118055798,15.440472041405018,7676.29322299,7707.595644149001,MANTIENI STATO ATTUALE,BASSO
2016-03-07,403.24,418.74,395.0,412.21,412.21,400.6486,343.76559999999995,49.30939146135236,16.033295467018945,9910.74424239,7920.661077733998,MANTIENI STATO ATTUALE,BASSO
2016-03-08,412.21,416.33,407.4,411.18,411.18,401.17440000000005,344.65725000000003,48.748975014441235,15.525917219374735,7501.47649557,7860.3782023775,MANTIENI STATO ATTUALE,BASSO
2016-03-09,411.18,414.0,408.75,412.8,412.8,401.925,345.56549999999993,49.71695258244289,14.79192313227654,5399.36136204,7804.414389889501,MANTIENI STATO ATTUALE,BASSO
2016-03-10,412.64,416.52,410.71,415.98,415.98,401.87379999999996,346.49935000000005,51.64749139505306,14.15035719425679,7909.17586749,7909.8623066725,MANTIENI STATO ATTUALE,MEDIO
2016-03-11,415.98,421.0,414.97,419.39,419.39,402.07399999999996,347.5405,53.70029369460036,13.570331680381305,7041.45814304,7793.5054573805,MANTIENI STATO ATTUALE,MEDIO
2016-03-12,419.48,421.3,406.52,410.58,410.58,402.62760000000003,348.4747500000001,48.027180851364434,13.656736560354071,6897.105099,7782.8034830100005,MANTIENI STATO ATTUALE,BASSO
2016-03-13,410.56,416.38,410.01,412.52,412.52,403.12800000000004,349.40329999999994,49.29741951938637,13.136255377471638,4663.32879725,7759.3799287085,MANTIENI STATO ATTUALE,BASSO
2016-03-14,412.51,415.84,411.61,415.02,415.02,403.36740000000003,350.3494,50.960739961251086,12.500094279080805,6672.7126524,7635.063949096999,MANTIENI STATO ATTUALE,BASSO
2016-03-15,415.02,416.94,412.48,415.41,415.41,403.8476,351.2687,51.22952933190731,11.925801830575033,7355.07959993,7641.203810829499,MANTIENI STATO ATTUALE,BASSO
2016-03-16,415.41,416.39,413.0,416.07,416.07,404.3382,352.19599999999997,51.71189056448457,11.316101699819672,6274.8088109,7652.4533456115,MANTIENI STATO ATTUALE,BASSO
2016-03-17,416.06,419.75,415.7,418.41,418.41,404.8106,353.1411,53.46906093661821,10.797094435546839,6108.4432848,7618.7736365875,MANTIENI STATO ATTUALE,BASSO
2016-03-18,418.42,418.66,399.21,409.65,409.65,405.4114,354.0356,46.62841304406958,11.415159118722068,8597.5867638,7772.6202113305,MANTIENI STATO ATTUALE,BASSO
2016-03-19,409.66,411.0,404.72,410.2,410.2,406.0418,354.94550000000004,47.08614094183124,11.048362038813346,4840.13357914,7757.130385775499,MANTIENI STATO ATTUALE,BASSO
2016-03-20,410.09,415.34,409.36,411.27,411.27,406.69800000000004,355.852,48.02012247602693,10.686336178898104,4726.10717472,7614.4912410415,MANTIENI STATO ATTUALE,BASSO
2016-03-21,411.25,412.13,406.89,412.0,412.0,407.579,356.77574999999996,48.68559770465739,10.297312166119669,6020.51810823,7536.505493314,MANTIENI STATO ATTUALE,BASSO
2016-03-22,411.98,417.79,411.0,416.66,416.66,408.4856,357.7021,52.836569379721496,10.046789868539694,6124.69185606,7470.8596643545,MANTIENI STATO ATTUALE,BASSO
2016-03-23,416.66,418.99,413.95,417.53,417.53,409.3776,358.60970000000003,53.59136147349533,9.68916202078686,5506.91945281,7154.5195934485,MANTIENI STATO ATTUALE,BASSO
2016-03-24,417.53,417.72,410.0,412.95,412.95,410.25919999999996,359.46799999999996,49.133462388456174,9.548507590730658,5064.58936525,6959.693583119,MANTIENI STATO ATTUALE,BASSO
2016-03-25,412.86,416.87,411.0,416.41,416.41,410.8276,360.3435,52.357675151826115,9.285757048535613,4598.6610383,6444.4597458055,MANTIENI STATO ATTUALE,BASSO
2016-03-26,416.42,417.77,414.37,416.97,416.97,411.477,361.20765,52.878281249120086,8.865345830783069,3641.00285678,6242.695227495,MANTIENI STATO ATTUALE,BASSO
2016-03-27,416.96,426.5,416.35,425.3,425.3,412.4742,362.1404,59.89805890754617,8.95710684286999,4658.09803054,5980.0629169025,MANTIENI STATO ATTUALE,BASSO
2016-03-28,425.29,425.36,419.63,423.0,423.0,413.3844,363.0628,57.35732804172201,8.72659921123642,5717.86007067,5890.8820956575,MANTIENI STATO ATTUALE,BASSO
2016-03-29,422.92,424.62,407.75,416.39,416.39,414.28939999999994,363.94025,50.70118926392476,9.308270696148105,7361.85527519,5989.006791315,MANTIENI STATO ATTUALE,BASSO
2016-03-30,416.4,416.41,407.56,412.79,412.79,415.0916,364.82169999999996,47.47016706908936,9.27553707499467,5831.49360379,5885.12267813,MANTIENI STATO ATTUALE,BASSO
2016-03-31,412.97,417.6,412.74,416.03,416.03,415.8434,365.74774999999994,50.52597618093421,8.960141569637909,5235.54278385,5794.8269101705,MANTIENI STATO ATTUALE,BASSO
2016-04-01,416.03,417.68,414.12,417.68,417.68,416.63239999999996,366.6811,52.05558999816428,8.57441717180663,5353.92318385,5717.667814413,MANTIENI STATO ATTUALE,BASSO
2016-04-02,417.68,420.5,417.04,419.95,419.95,417.3904,367.62784999999997,54.15558192396894,8.209101659534726,3952.0183139,5682.1022902455,MANTIENI STATO ATTUALE,BASSO
2016-04-03,419.95,420.8,418.33,420.16,420.16,417.97360000000003,368.58,54.354765355984114,7.799165826710819,3266.97381272,5511.8153482615,MANTIENI STATO ATTUALE,BASSO
2016-04-04,420.08,421.0,417.58,419.47,419.47,418.2312,369.51065,53.53177850121854,7.486368267660048,5323.83529462,5410.253132996,MANTIENI STATO ATTUALE,BASSO
2016-04-05,419.48,423.43,418.01,422.36,422.36,418.6994,370.45355,56.502442796940265,7.33877053425576,5727.68629636,5382.897007269,ACQUISTA,BASSO
2016-04-06,422.4,423.0,420.61,421.46,421.46,418.9802,371.39644999999996,55.31645233853019,6.985286924666061,5211.96140153,5338.0729131054995,MANTIENI STATO ATTUALE,BASSO
2016-04-07,421.36,422.74,419.41,421.99,421.99,419.116,372.3452,55.90345034137413,6.7241950014756275,5026.31118662,5159.5091342465,MANTIENI STATO ATTUALE,BASSO
2016-04-08,421.99,424.65,415.71,419.48,419.48,419.0818,373.30604999999997,52.393136774358325,6.88246678708451,6437.97595515,5239.401253047,ACQUISTA,BASSO
2016-04-09,419.48,419.79,415.51,419.46,419.46,419.05660000000006,374.24694999999997,52.36492121194653,6.696576302292762,3519.98911149,5179.0953498855,MANTIENI STATO ATTUALE,BASSO
2016-04-10,419.46,423.99,419.46,423.4,423.4,418.7754,375.21265,57.249291059294094,6.541820852128996,2990.03664436,5027.571276692,MANTIENI STATO ATTUALE,BASSO
2016-04-11,423.29,424.0,420.15,423.94,423.94,418.483,376.156,57.8866493962804,6.349547934119784,5093.21825161,4975.9975964694995,ACQUISTA,BASSO
2016-04-12,423.95,429.77,423.14,427.8,427.8,418.288,377.11555,62.222298343731914,6.369580224539798,6997.06357807,5050.5048027325,ACQUISTA,MEDIO
2016-04-13,427.8,429.44,423.59,425.58,425.58,418.4002,378.07,58.492504038251724,6.332467351358386,5885.07514476,5091.529091708,ACQUISTA,BASSO
2016-04-14,425.58,428.0,424.52,426.32,426.32,418.4478000000001,379.03369999999995,59.366848904572024,6.128719683404217,4732.22672175,5098.2073758805,MANTIENI STATO ATTUALE,BASSO
2016-04-15,426.35,431.1,425.72,430.93,430.93,418.5956,379.9884,64.39817412774002,6.075239706018202,4184.00939072,5125.357702577499,MANTIENI STATO ATTUALE,MEDIO
2016-04-16,430.82,434.89,429.89,433.39,433.39,418.64639999999997,380.97090000000003,66.76322064355432,5.998436869874045,4133.98598682,5099.1521003914995,MANTIENI STATO ATTUALE,MEDIO
2016-04-17,433.69,434.93,429.15,431.0,431.0,418.60400000000004,381.94020000000006,62.42442268684528,5.982834236311615,3299.73395797,4978.2457947565,MANTIENI STATO ATTUALE,MEDIO
2016-04-18,431.08,434.46,428.44,430.97,430.97,418.54879999999997,382.90335,62.369631165268025,5.985488933717927,5277.32120606,4874.0190913,ACQUISTA,MEDIO
2016-04-19,430.9,438.2,429.22,437.06,437.06,418.56120000000004,383.89725,68.42783535165614,6.199382581309501,6226.60528301,4893.774675261,ACQUISTA,MEDIO
2016-04-20,437.06,444.07,436.17,442.96,442.96,418.75879999999995,384.91245,72.96828115185782,6.320855254073106,7150.95669528,4989.545370832499,ACQUISTA,ALTO
2016-04-21,442.87,453.8,441.99,452.25,452.25,419.39599999999996,385.97434999999996,78.26789589273972,6.712937021639314,7693.43100861,5106.5207620705,ACQUISTA,ALTO
2016-04-22,452.25,452.95,445.07,448.41,448.41,419.9882,387.01165000000003,71.98562564219236,6.79629866295079,6814.7817311,5249.6589329305,ACQUISTA,ALTO
2016-04-23,448.57,455.84,447.03,455.69,455.69,420.955,388.05690000000004,75.93012296942655,6.94013447274002,4618.30821378,5317.2256529835,MANTIENI STATO ATTUALE,ALTO
2016-04-24,455.68,465.0,454.55,464.46,464.46,422.3226,389.15920000000006,79.6478241701619,7.19083915325859,6188.49079492,5360.4584279985,ACQUISTA,ALTO
2016-04-25,464.47,472.38,454.65,466.17,466.17,423.58119999999997,390.27535000000006,80.28716279979574,7.943636356597263,9493.32784683,5548.740505522,ACQUISTA,ALTO
2016-04-26,466.17,472.11,464.01,470.59,470.59,424.74879999999996,391.40655,81.87232278791838,7.954805188268889,7471.24056177,5661.704463534,ACQUISTA,ALTO
2016-04-27,470.3,470.79,434.0,445.31,445.31,425.4314,392.40275,54.75331197481537,10.014461960535398,11629.49770098,5991.863789252,ACQUISTA,BASSO
2016-04-28,445.3,451.88,434.79,451.68,451.68,426.209,393.41605000000004,58.48486985386605,10.519857534782867,7644.69210461,6052.1995967249995,MANTIENI STATO ATTUALE,BASSO
2016-04-29,451.67,459.44,448.5,458.82,458.82,427.0658,394.4782,62.24357072870094,10.549867710869806,5965.09735013,6174.455008657,MANTIENI STATO ATTUALE,MEDIO
2016-04-30,458.8,459.33,450.13,454.02,454.02,427.75840000000005,395.49334999999996,58.41461298112429,10.45344858866482,4710.2895045,6260.467651664,MANTIENI STATO ATTUALE,BASSO
2016-05-01,454.02,457.07,451.55,456.98,456.98,428.6864,396.5119,60.04681040591358,10.101059403760189,2941.67587876,6152.8905330215,MANTIENI STATO ATTUALE,MEDIO
2016-05-02,456.98,457.63,440.02,446.42,446.42,429.36439999999993,397.46905,52.17851674016586,10.637412303491606,7694.20823194,6187.747765715,MANTIENI STATO ATTUALE,BASSO
2016-05-03,446.53,453.29,443.61,452.21,452.21,430.1082,398.41294999999997,55.61288502055988,10.569025710385064,5892.48138372,6188.118077663,MANTIENI STATO ATTUALE,BASSO
2016-05-04,452.21,453.23,446.76,448.68,448.68,430.7736,399.292,53.10867849965693,10.276238159643277,4883.54001476,6195.683742313499,MANTIENI STATO ATTUALE,BASSO
2016-05-05,448.59,451.56,447.0,449.98,449.98,431.4518,400.2169,53.931400399088034,9.867935433954472,5336.21991152,6253.2942683535,MANTIENI STATO ATTUALE,BASSO
2016-05-06,449.99,463.73,448.84,462.31,462.31,432.3298,401.2026,60.9326962822849,10.226654331529156,6193.77720515,6356.28382927,MANTIENI STATO ATTUALE,MEDIO
2016-05-07,462.31,464.0,459.55,461.91,461.91,433.375,402.15644999999995,60.61088177248063,9.814036164991357,3463.8802064,6364.4911416915,MANTIENI STATO ATTUALE,MEDIO
2016-05-08,461.91,465.0,457.5,462.79,462.79,434.4268,403.12655,61.09766793688705,9.648747867491975,3275.57794242,6264.4039785095,MANTIENI STATO ATTUALE,MEDIO
2016-05-09,462.6,465.9,459.41,464.16,464.16,435.4846,404.06815,61.88735252751261,9.423123019813975,5882.94056987,6247.2207428525,MANTIENI STATO ATTUALE,MEDIO
2016-05-10,464.15,465.0,448.2,452.78,452.78,436.3002,404.93825000000004,52.37647347056468,9.950042804112979,6814.25705519,6230.385760848,ACQUISTA,BASSO
2016-05-11,452.77,458.65,452.5,454.37,454.37,437.05440000000004,405.78864999999996,53.45281893515394,9.678611175247765,5746.40549365,6133.0344851,MANTIENI STATO ATTUALE,BASSO
2016-05-12,454.56,456.57,449.27,456.48,456.48,437.83340000000004,406.64619999999996,54.90924244080864,9.508710377015783,6119.04462476,6098.247629783001,ACQUISTA,BASSO
2016-05-13,456.48,458.03,453.84,457.98,457.98,438.73400000000004,407.5006000000001,55.96410199060582,9.128802492943228,5404.20702972,6137.54257058,MANTIENI STATO ATTUALE,BASSO
2016-05-14,457.97,459.83,456.0,458.9,458.9,439.58380000000005,408.31705,56.63419603949667,8.75031660059014,3295.1997074,5992.878016204,MANTIENI STATO ATTUALE,BASSO
2016-05-15,458.9,463.62,458.49,461.47,461.47,440.4738,409.10394999999994,58.53250410716855,8.491722557690844,3269.98252507,5681.710750116,MANTIENI STATO ATTUALE,BASSO
2016-05-16,461.48,461.59,451.48,455.66,455.66,441.08099999999996,409.80185000000006,52.895296379851445,8.607313803570067,6019.17236655,5609.107340355,MANTIENI STATO ATTUALE,BASSO
2016-05-17,455.64,457.49,452.2,454.19,454.19,441.70480000000003,410.4272500000001,51.54272499433925,8.370362817600778,6033.90842585,5329.3278765985,ACQUISTA,BASSO
2016-05-18,454.19,457.88,453.6,455.56,455.56,442.4882,411.1308,52.755233416640195,8.078194044915007,5512.42378222,5222.714460478999,ACQUISTA,BASSO
2016-05-19,455.56,456.41,435.0,438.38,438.38,443.0,411.6753999999999,39.43080254050418,9.030465898849652,8412.58613924,5345.0888999345,MANTIENI STATO ATTUALE,BASSO
2016-05-20,437.91,445.85,435.5,445.65,445.65,443.59240000000005,412.0776,45.68276947457066,9.124718334646108,7178.735362,5468.5111928095,MANTIENI STATO ATTUALE,BASSO
2016-05-21,445.52,446.99,441.88,446.28,446.28,444.1644,412.2885,46.2010081403531,8.837952739314243,3945.71821234,5518.7133094885,MANTIENI STATO ATTUALE,BASSO
2016-05-22,446.27,446.45,440.89,442.48,442.48,444.615,412.4509,43.50477845447794,8.603813257934654,3779.58274056,5322.9820349195,MANTIENI STATO ATTUALE,BASSO
2016-05-23,442.45,446.3,440.79,445.67,445.67,445.12520000000006,412.7432,46.33603956905463,8.382826596653606,5659.42935339,5311.329433403001,MANTIENI STATO ATTUALE,BASSO
2016-05-24,445.56,448.5,440.5,446.99,446.99,445.6756,413.1077,47.50830705469115,8.355481839749778,6536.8124736,5393.993056345001,MANTIENI STATO ATTUALE,BASSO
2016-05-25,446.98,452.42,446.86,451.49,451.49,446.2582,413.4411,51.40552055983098,8.155804565481937,6167.95576946,5435.579849242,MANTIENI STATO ATTUALE,BASSO
2016-05-26,451.45,454.99,449.0,454.97,454.97,446.92839999999995,413.84680000000003,54.23525744810267,8.001104239376085,5843.88197402,5418.0850876855,ACQUISTA,BASSO
2016-05-27,454.97,476.75,454.35,471.27,471.27,447.914,414.30549999999994,64.62581049661965,9.029596793706363,9888.02648828,5739.292401779499,ACQUISTA,MEDIO
2016-05-28,471.21,539.49,470.13,523.25,523.25,449.98939999999993,415.23605,80.12377975208454,13.338911308441624,12107.45659727,6180.886334522,ACQUISTA,ALTO
2016-05-29,523.35,549.99,491.01,525.22,525.22,452.1046,416.29614999999995,80.4729518470079,16.598989072124365,9957.52724318,6384.6156681875,ACQUISTA,ALTO
2016-05-30,525.22,541.0,519.0,532.55,532.55,454.2876,417.27645000000007,81.75711907720432,16.984775566972626,5960.33332201,6341.9194815285,MANTIENI STATO ATTUALE,ALTO
2016-05-31,532.56,544.9,520.01,531.34,531.34,456.43559999999997,418.2428,80.812343267383,17.549434455046008,8491.97268136,6479.197840914,ACQUISTA,ALTO
2016-06-01,531.25,541.5,524.39,534.84,534.84,458.5764,419.24344999999994,81.47904846091612,17.51804627968558,5736.65283224,6460.078251288,MANTIENI STATO ATTUALE,ALTO
2016-06-02,534.85,541.2,531.86,537.87,537.87,460.8222,420.31815,82.06019918363856,16.9339001168509,6329.87872329,6506.3618359665,MANTIENI STATO ATTUALE,ALTO
2016-06-03,538.06,578.0,535.96,571.25,571.25,463.72079999999994,421.50995,86.92688210634805,18.727192965647262,10203.7254522,6851.7881232065,ACQUISTA,ALTO
2016-06-04,571.09,594.64,564.29,576.31,576.31,466.62840000000006,422.70905,87.48128324808745,19.557393468101033,6932.07537817,7034.892765861501,MANTIENI STATO ATTUALE,ALTO
2016-06-05,576.31,585.0,570.22,575.17,575.17,469.46399999999994,423.90745000000004,86.5903331768662,19.216151077522387,4984.2494482,6983.146619943999,MANTIENI STATO ATTUALE,ALTO
2016-06-06,575.17,588.15,575.0,586.77,586.77,472.57939999999996,425.20925000000005,87.93664079408416,18.782854571985073,6791.26453533,7021.014425418,MANTIENI STATO ATTUALE,ALTO
2016-06-07,586.75,590.95,475.0,579.71,579.71,475.55420000000004,426.49585,82.50726500701174,25.723364959700426,10079.83684173,7249.3850783934995,ACQUISTA,ALTO
2016-06-08,579.72,583.99,572.96,583.21,583.21,478.47720000000004,427.7769,83.06547931740386,24.673838891150396,5661.74917272,7111.8432300675,MANTIENI STATO ATTUALE,ALTO
2016-06-09,583.19,583.48,574.0,577.46,577.46,481.16720000000004,429.04564999999997,78.62636885423801,23.588564684639657,4979.63044035,7001.887983985001,MANTIENI STATO ATTUALE,ALTO
2016-06-10,577.47,581.0,573.5,580.31,580.31,483.7284,430.3322,79.21915796398902,22.43938149287968,5659.48661659,7087.5764041975,MANTIENI STATO ATTUALE,ALTO
2016-06-11,580.31,610.0,580.31,609.5,609.5,486.95020000000005,431.7747,84.08709793872812,22.95728281481685,5542.22525864,7175.7085301015,MANTIENI STATO ATTUALE,ALTO
2016-06-12,609.5,687.71,605.0,677.86,677.86,491.3936,433.51910000000004,89.99686912827667,27.225334042329933,18004.01737962,7792.937931413,ACQUISTA,ALTO
2016-06-13,677.45,720.0,663.55,706.01,706.01,496.2246,435.28630000000004,91.4113783316595,29.312810182163517,15497.40307056,8240.967461261,ACQUISTA,ALTO
2016-06-14,706.02,706.45,650.02,684.95,684.95,500.60020000000003,436.92010000000005,82.0621190314247,31.249752312008983,12443.0955638,8554.724450978001,ACQUISTA,ALTO
2016-06-15,684.99,699.3,673.0,698.78,698.78,505.164,438.6278,83.27206967561601,30.896198575436912,7913.03547125,8658.182125839501,MANTIENI STATO ATTUALE,ALTO
2016-06-16,698.76,777.68,698.76,769.76,769.76,511.653,440.6154,87.81488169117515,34.326470105762844,16806.85873763,9004.123738307,ACQUISTA,ALTO
2016-06-17,769.71,778.5,709.01,752.26,752.26,517.6646,442.4924,81.90879485456429,36.83815081249407,14007.79895098,9099.1408559925,ACQUISTA,ALTO
2016-06-18,752.0,785.15,734.8,758.99,758.99,523.668,444.47395000000006,82.3990580779642,37.80328289731593,9594.92358376,9081.0106730215,ACQUISTA,ALTO
2016-06-19,759.0,771.92,744.77,768.76,768.76,529.9628,446.51775000000004,83.11444554362667,37.04233411893622,5442.63878549,9055.125946195501,MANTIENI STATO ATTUALE,ALTO
2016-06-20,768.94,768.94,701.01,703.12,703.12,534.8856,448.2245,64.2267136524778,39.24859596758363,9837.24384715,9122.389504485001,MANTIENI STATO ATTUALE,ALTO
2016-06-21,706.47,718.26,628.6,667.66,667.66,539.3104,449.7429,56.72695005966161,42.84941054132766,26110.68887273,10141.0913065095,MANTIENI STATO ATTUALE,ALTO
2016-06-22,667.88,679.99,568.11,604.5,604.5,542.3562,450.82545,46.34609564894115,47.78016693123283,15592.43638084,10604.219189387,MANTIENI STATO ATTUALE,MEDIO
2016-06-23,606.13,637.89,544.13,631.1,631.1,546.0046,452.04320000000007,50.45798597579423,51.06444072185906,20474.00358887,11117.7330962205,MANTIENI STATO ATTUALE,MEDIO
2016-06-24,631.1,700.0,631.01,669.98,669.98,550.4046,453.41945,55.791081750986216,52.34483781315484,19078.84530672,11725.071592648,MANTIENI STATO ATTUALE,ALTO
2016-06-25,669.98,699.0,650.0,673.71,673.71,554.6326,454.69329999999997,56.27735392817508,52.10592082650093,7691.56323655,11860.4372820655,MANTIENI STATO ATTUALE,ALTO
2016-06-26,673.71,675.19,625.01,638.56,638.56,558.1656,455.79415,50.6260957292776,51.96835505317944,5678.38601546,11804.793356072001,MANTIENI STATO ATTUALE,ALTO
2016-06-27,638.56,659.98,630.0,657.87,657.87,562.0672,457.0051,53.3948656773196,50.39775826366662,6624.33980245,11632.018504108,MANTIENI STATO ATTUALE,ALTO
2016-06-28,657.86,663.53,638.0,648.43,648.43,565.7526,457.9825,51.863682477105584,48.62148981626186,5696.74677715,11633.7683843295,MANTIENI STATO ATTUALE,ALTO
2016-06-29,648.43,648.43,630.02,639.42,639.42,569.4853999999999,458.99524999999994,50.3787306735534,46.46352625795744,6485.12685807,11709.0432052155,MANTIENI STATO ATTUALE,MEDIO
2016-06-30,639.41,675.0,635.14,673.49,673.49,573.8678,460.19354999999996,55.56020212201384,45.99184581096048,7764.24646799,11814.2811977855,MANTIENI STATO ATTUALE,ALTO
2016-07-01,673.5,688.99,667.0,678.19,678.19,578.302,461.36445,56.23906527602574,44.277428253034735,6839.68854227,11879.154361967001,MANTIENI STATO ATTUALE,ALTO
2016-07-02,678.09,705.21,676.92,704.95,704.95,583.2414,462.56784999999996,59.986938395159,43.13546909210369,4977.98046916,11227.852516444,MANTIENI STATO ATTUALE,ALTO
2016-07-03,705.25,705.25,651.0,663.55,663.55,587.3344,463.61575,52.496193315672876,43.929364156953426,6495.70846259,10777.767786045499,MANTIENI STATO ATTUALE,ALTO
2016-07-04,664.09,683.69,653.16,681.98,681.98,591.7446,464.74814999999995,55.179408959381554,42.972266717171046,4327.4107689,10371.9835463005,MANTIENI STATO ATTUALE,ALTO
2016-07-05,681.98,682.37,662.51,669.87,669.87,596.0288,465.78165,53.05867093695482,41.3213905230874,5043.81182652,10228.522364064,MANTIENI STATO ATTUALE,ALTO
2016-07-06,669.75,680.79,665.0,678.79,678.79,600.5207999999999,466.86915,54.447434192763914,39.4977197714383,5668.23807828,9671.5913310965,MANTIENI STATO ATTUALE,ALTO
2016-07-07,678.79,683.44,611.94,641.97,641.97,604.249,467.8679,48.1190415483107,41.78359693062127,12281.48061343,9585.275414218999,MANTIENI STATO ATTUALE,MEDIO
2016-07-08,641.97,667.33,638.04,667.33,667.33,608.828,469.0205,52.236788610271006,40.89119714986261,11055.36574175,9658.2975221185,MANTIENI STATO ATTUALE,ALTO
2016-07-09,667.07,667.3,608.0,657.61,657.61,613.0672,470.13895,50.57975951348306,42.208254496301,9607.6959149,9866.550378589,MANTIENI STATO ATTUALE,MEDIO
2016-07-10,657.6,657.61,641.0,652.44,652.44,617.1904,471.189,49.67711041550318,40.37980774656522,3705.89414753,9559.982893608,MANTIENI STATO ATTUALE,MEDIO
2016-07-11,652.43,664.27,648.11,650.97,650.97,621.3602000000001,472.16515000000004,49.40712317849356,38.64982147895342,4815.437046,8495.2203022715,MANTIENI STATO ATTUALE,MEDIO
2016-07-12,651.25,675.5,648.6,666.56,666.56,625.7779999999999,473.21875,52.36401555037229,37.81054851617103,10666.08971384,8248.902968921499,MANTIENI STATO ATTUALE,ALTO
2016-07-13,666.25,671.45,654.86,655.34,655.34,629.945,474.39840000000004,50.09482767727108,36.29479505073025,21882.00922995,8319.3032509755,MANTIENI STATO ATTUALE,MEDIO
2016-07-14,655.3,663.99,640.0,661.65,661.65,634.1482,475.58305,51.37112803777375,35.41588111853523,4649.64369535,7597.843170407,MANTIENI STATO ATTUALE,MEDIO
2016-07-15,661.4,669.98,660.68,667.48,667.48,638.3984,476.81075000000004,52.5778641828835,33.55046103863987,4725.74361249,7449.552189204001,MANTIENI STATO ATTUALE,MEDIO
2016-07-16,667.48,669.99,662.01,666.32,666.32,642.2994,477.9729,52.29976992473022,31.723999535879877,2908.02982543,7311.0343797025,MANTIENI STATO ATTUALE,MEDIO
2016-07-17,666.3,680.99,665.95,680.0,680.0,645.4344,479.23315,55.30229794872514,30.532285283317027,3944.42402405,7177.038590782499,MANTIENI STATO ATTUALE,ALTO
2016-07-18,680.0,684.94,670.0,675.5,675.5,648.44,480.45889999999997,54.09603189836371,29.41855062022296,4547.72178477,7119.587341163499,MANTIENI STATO ATTUALE,ALTO
2016-07-19,675.51,676.87,666.17,673.98,673.98,651.2686,481.65049999999997,53.670189583230005,28.081511290207036,3799.77117828,6985.319557174,MANTIENI STATO ATTUALE,MEDIO
2016-07-20,673.98,674.99,664.6,666.92,666.92,653.9802000000001,482.8081,51.636944471108585,26.817831912335105,3603.86279956,6777.3003737525,MANTIENI STATO ATTUALE,MEDIO
2016-07-21,667.15,668.4,661.19,667.28,667.28,656.6289999999999,483.98495,51.73734829895104,25.41727249002545,3967.87180841,6633.7095370595,MANTIENI STATO ATTUALE,MEDIO
2016-07-22,667.27,669.94,647.59,654.67,654.67,658.965,485.08905,47.97989893202763,25.198181597880776,7371.96466565,6753.408746883999,MANTIENI STATO ATTUALE,MEDIO
2016-07-23,654.7,662.35,653.92,657.5,657.5,660.69,486.20985,48.87724355638357,24.0004543408893,4379.51140552,6647.598894030501,VENDI,MEDIO
2016-07-24,657.68,666.37,655.01,661.0,661.0,662.3838000000001,487.3605,50.025406784543904,23.09756474511149,3423.08122968,6602.382417069499,VENDI,MEDIO
2016-07-25,660.92,664.13,653.77,657.79,657.79,664.0362000000001,488.35409999999996,48.93979832619739,22.187738691889244,4101.53773839,6555.268712663,VENDI,MEDIO
2016-07-26,657.99,658.99,645.0,654.06,654.06,665.382,489.35220000000004,47.64591027888208,21.60218592818287,6470.74022151,6595.3938198245,VENDI,MEDIO
2016-07-27,654.06,658.99,646.56,657.35,657.35,666.9348,490.38705000000004,48.928491742016625,20.947029790455527,5175.14137436,6240.076857870999,VENDI,MEDIO
2016-07-28,657.0,659.97,654.1,657.4,657.4,668.4186,491.42409999999995,48.94896079371071,19.870099091137277,3832.98840948,5878.9579912575,VENDI,MEDIO
2016-07-29,657.4,659.0,651.0,657.0,657.0,670.0094,492.4631499999999,48.78052276131571,19.02223487034176,4246.21269481,5610.883830253,VENDI,MEDIO
2016-07-30,657.18,658.98,652.95,655.87,655.87,671.5206000000002,493.57245,48.27513661758479,18.094218093888774,2980.08541508,5574.5933936305,VENDI,MEDIO
2016-07-31,655.95,657.0,621.37,626.97,626.97,671.87,494.54345,37.557910653502496,19.34677394432529,6299.64138309,5648.803610485,VENDI,MEDIO
2016-08-01,626.97,629.34,599.0,605.2,605.2,670.4168000000001,495.4193,31.826147716533228,20.132004376873486,7981.71787362,5514.585018474,VENDI,MEDIO
2016-08-02,604.87,613.38,483.0,537.47,537.47,667.046,496.319,21.058488187022235,28.00686120709681,14839.34615984,5162.451864968501,VENDI,BASSO
2016-08-03,538.8,576.0,519.3,573.36,573.36,664.8142,497.24230000000006,33.83328201932065,30.056371120875617,20292.859717,5944.612666051,VENDI,BASSO
2016-08-04,573.35,599.95,562.11,587.5,587.5,662.5886,498.2875,38.084455168225425,30.612344612241646,9514.32837515,6184.0419041840005,VENDI,BASSO
2016-08-05,587.5,592.87,570.39,583.0,583.0,658.8534,499.27805,37.26390460501904,30.03146285422439,5478.38879554,6312.5598526895,VENDI,BASSO
2016-08-06,583.0,591.72,574.5,591.71,591.71,655.6424000000001,500.36025,39.96031700724237,29.116358364636934,3907.87281274,6310.732292123999,VENDI,BASSO
2016-08-07,591.7,598.65,587.2,595.14,595.14,652.3653999999999,501.24325,41.035105492527286,27.85447562430572,3288.65737176,6247.7790714735,VENDI,BASSO
2016-08-08,595.14,595.99,590.0,591.48,591.48,648.8198,502.15375,40.20798538910441,26.292727365426742,3852.03062424,6250.3920437715,VENDI,BASSO
2016-08-09,591.58,594.04,585.38,586.45,586.45,646.4864,503.17150000000004,39.043241416907236,25.03324683932483,4817.62624738,6311.0802161625,VENDI,BASSO
2016-08-10,586.75,601.09,583.29,594.94,594.94,645.032,504.2087,42.09238733030288,24.51658635080163,9439.72597721,6584.672924602501,VENDI,BASSO
2016-08-11,594.94,599.99,585.6,587.91,587.91,644.7002,505.133,40.29500735053237,23.7932587543158,5062.58283783,6469.2038332115,VENDI,BASSO
2016-08-12,587.9,590.09,583.62,587.74,587.74,643.833,506.1147,40.250248061149705,22.55588312900753,3870.89068755,6443.772797313,VENDI,BASSO
2016-08-13,587.68,589.5,586.0,586.45,586.45,642.1623999999999,507.08924999999994,39.88817056442312,21.19474861979271,2839.70446781,6414.603959219499,VENDI,BASSO
2016-08-14,586.45,586.49,565.19,574.99,574.99,640.188,507.99025,36.72733448650478,21.202266575521797,4154.4769823,6417.250921415,VENDI,BASSO
2016-08-15,574.97,574.97,561.56,567.79,567.79,638.7725999999999,508.93115,34.858384524584224,20.647104677270246,4403.16173516,6313.871997097501,VENDI,BASSO
2016-08-16,567.85,581.99,566.09,579.02,579.02,637.1956,509.93285000000003,39.98792923590426,20.30802577175094,4692.46182455,6289.738019607,VENDI,BASSO
2016-08-17,579.02,581.99,569.67,574.45,574.45,635.716,510.9128,38.653990874976884,19.73745250234016,4509.7743737,6323.577317818001,VENDI,BASSO
2016-08-18,574.45,576.99,573.0,574.09,574.09,634.4094,511.9435,38.54491093815715,18.612634466458722,3964.9989895,6309.5166325525,VENDI,BASSO
2016-08-19,574.05,576.99,572.68,573.67,573.67,632.413,512.9552,38.40873136341913,17.591017718854534,4038.30300064,6362.4275118304995,VENDI,BASSO
2016-08-20,573.68,583.92,572.38,581.87,581.87,630.4866000000001,513.9999,42.66760045705242,17.15880216750778,3581.22425349,6226.5066553505,VENDI,BASSO
2016-08-21,581.72,583.99,579.34,581.29,581.29,628.0134,515.062,42.44404220575439,16.26531629840008,2442.63374814,5949.5524490765,VENDI,BASSO
2016-08-22,581.34,586.99,579.22,585.2,585.2,626.4464,516.04805,44.55316886899143,15.6585079913715,4493.44110907,5432.257196538,VENDI,BASSO
2016-08-23,585.19,586.77,577.47,582.39,582.39,624.4546,517.0375,43.32443032077632,15.204328849130677,5092.27462505,4672.2279419404995,VENDI,BASSO
2016-08-24,582.39,582.68,575.29,578.47,578.47,622.6265999999999,518.05265,41.60078905526658,14.6461625027642,3857.02318764,4389.362682565,VENDI,BASSO
2016-08-25,578.68,579.0,573.12,575.58,575.58,620.5624,519.0431,40.32697474226231,14.020008038281043,4109.11256132,4320.898870854,VENDI,BASSO
2016-08-26,575.57,579.86,574.85,579.29,579.29,619.3088,520.08385,42.75044354203762,13.376436035546682,3354.18317104,4293.214388769,VENDI,BASSO
2016-08-27,579.29,579.45,568.95,570.84,570.84,617.379,521.07465,38.87762956457588,13.17097631872192,3059.49308936,4281.756174649,VENDI,BASSO
2016-08-28,570.83,575.41,569.65,575.41,575.41,615.735,522.0595000000001,41.941001482474874,12.64162086738464,2587.45426087,4218.5273564805,VENDI,BASSO
2016-08-29,575.41,577.73,571.24,573.21,573.21,614.1504,523.0344,40.87884305725355,12.202219376857167,4569.5624841,4206.124168316501,VENDI,BASSO
2016-08-30,573.21,576.83,572.53,574.95,574.95,612.63,523.9989,42.12719287178314,11.63777513565309,4175.84646427,3942.9301926695,VENDI,BASSO
2016-08-31,574.95,575.15,569.21,572.89,572.89,610.7566,524.90835,41.02280560337011,11.230791197392152,4439.62383694,3911.782242625,VENDI,BASSO
2016-09-01,572.89,573.31,568.12,573.02,573.02,609.1102000000001,525.7405,41.12769479226238,10.799306111864139,5203.40066602,3978.4077415485,VENDI,BASSO
2016-09-02,572.94,577.97,570.0,576.21,576.21,607.4014,526.6268,43.77037039322643,10.597212818159559,4827.43459895,4077.7942481055006,VENDI,BASSO
2016-09-03,576.41,600.99,574.67,600.91,600.91,606.07,527.59425,59.08499551189599,11.72026904543388,4707.9044818,4105.465623080499,VENDI,BASSO
2016-09-04,600.93,617.13,597.52,611.92,611.92,604.982,528.57785,63.81580165423488,12.283821256474319,4592.85098189,4114.950085416999,ACQUISTA,MEDIO
2016-09-05,611.94,611.99,601.63,605.69,605.69,603.4958,529.50035,59.61534939049683,12.14640545244044,3010.75003224,4030.8644958015,MANTIENI STATO ATTUALE,BASSO
2016-09-06,605.93,612.99,605.47,612.99,612.99,602.2456,530.4617,62.71242271544653,11.815947920123264,4169.69788463,4013.8606713479994,ACQUISTA,MEDIO
2016-09-07,612.99,618.53,609.21,615.21,615.21,601.0702,531.35045,63.625991228120554,11.637665925828742,4680.9577166,4049.6586077029997,ACQUISTA,MEDIO
2016-09-08,615.22,631.3,613.43,627.97,627.97,600.2912,532.2975,68.41590577954238,12.082832645412402,5225.03677269,4108.995296305499,ACQUISTA,MEDIO
2016-09-09,627.97,628.69,618.25,622.07,622.07,599.387,533.2201,64.20576476169654,11.965487456454378,4502.86557587,4155.077362424499,ACQUISTA,MEDIO
2016-09-10,622.07,626.54,620.59,623.74,623.74,598.7684,534.23895,64.86483351224561,11.535809780993347,2819.13150751,4173.902250393,MANTIENI STATO ATTUALE,MEDIO
2016-09-11,623.58,630.11,591.8,607.94,607.94,597.7772,535.15895,54.618217648001924,13.448251939493826,4289.6247761,4163.7114337445,MANTIENI STATO ATTUALE,BASSO
2016-09-12,607.94,609.45,603.0,606.74,606.74,596.692,536.07495,53.921523529119504,12.948376800958556,3986.16471563,4108.4059382734995,MANTIENI STATO ATTUALE,BASSO
2016-09-13,606.86,609.99,605.16,608.63,608.63,595.7088,536.96385,54.89734851960116,12.368492743747234,3888.07052292,4109.9583050375,MANTIENI STATO ATTUALE,BASSO
2016-09-14,608.39,611.99,608.0,608.43,608.43,594.7962,537.8404,54.765179030453574,11.770028976336718,3744.74317438,4091.7398356905005,MANTIENI STATO ATTUALE,BASSO
2016-09-15,608.47,609.49,603.33,605.44,605.44,593.758,538.69895,52.72158703283094,11.369312620884093,3965.6919502,4122.3152746485,MANTIENI STATO ATTUALE,BASSO
2016-09-16,605.43,608.1,603.15,607.93,607.93,592.7686,539.5563999999999,54.252566132049935,10.910790290820946,4171.00563277,4177.890901819001,MANTIENI STATO ATTUALE,BASSO
2016-09-17,607.95,608.99,604.0,607.92,607.92,591.7869999999999,540.4306,54.244968973791586,10.48787669861945,2942.64908837,4195.650643194001,MANTIENI STATO ATTUALE,BASSO
2016-09-18,607.92,611.93,607.22,611.4,611.4,590.8976,541.3856499999999,56.526465273507775,10.075171220146627,3091.45513304,4121.745275641,MANTIENI STATO ATTUALE,BASSO
2016-09-19,611.4,612.46,607.4,608.6,608.6,590.5301999999999,542.33465,54.1853320694123,9.716944704421874,3096.46853792,4067.7763793235,MANTIENI STATO ATTUALE,BASSO
2016-09-20,608.6,609.92,605.6,605.6,605.6,590.5382,543.3259,51.71400418912528,9.33144865410602,4601.69967614,4075.8801712835,MANTIENI STATO ATTUALE,BASSO
2016-09-21,605.6,605.6,592.63,597.0,597.0,591.7288000000001,544.3305,45.331248907145024,9.591345178812736,4885.89704059,4060.0049900119993,MANTIENI STATO ATTUALE,BASSO
2016-09-22,597.0,598.54,594.78,596.21,596.21,592.1858,545.29535,44.78443388187718,9.174820523183255,3998.40601014,4018.5535605715,MANTIENI STATO ATTUALE,BASSO
2016-09-23,595.99,603.3,595.14,602.96,602.96,592.495,546.2491,50.30080498209863,9.102333342955877,3759.0236907,3971.1095210164995,MANTIENI STATO ATTUALE,BASSO
2016-09-24,602.96,605.94,601.08,603.68,603.68,592.9086,547.2116,50.86470090721557,8.799309532744743,2646.49759755,3873.7918517995,MANTIENI STATO ATTUALE,BASSO
2016-09-25,603.69,605.99,599.42,601.67,601.67,593.1078000000001,548.15595,49.18687432224814,8.640073137548693,2577.17870414,3852.1132853945005,MANTIENI STATO ATTUALE,BASSO
2016-09-26,601.67,607.99,600.02,607.08,607.08,593.3466000000001,549.11145,53.62127817507974,8.592210770580932,4292.32724007,3858.2447531665,MANTIENI STATO ATTUALE,BASSO
2016-09-27,607.04,607.54,601.38,605.71,605.71,593.6311999999999,550.04305,52.374785936345575,8.41848142982515,4345.51888885,3841.472811779,ACQUISTA,BASSO
2016-09-28,605.71,606.0,603.18,605.04,605.04,594.003,551.01535,51.741311969069024,8.018589899123358,3710.0120722,3765.7215767545,MANTIENI STATO ATTUALE,BASSO
2016-09-29,604.96,606.89,603.56,605.99,605.99,594.224,551.9827,52.61643226247486,7.683690620614549,4106.83205706,3745.919900814,ACQUISTA,BASSO
2016-09-30,605.99,608.99,605.0,608.99,608.99,594.6456,552.95255,55.36883988897612,7.41985557628494,4626.81936993,3836.3042939350003,ACQUISTA,BASSO
2016-10-01,608.99,617.19,608.98,615.65,615.65,595.2038,553.95375,60.81117076296959,7.476294463693161,3480.01593911,3795.8238520855,MANTIENI STATO ATTUALE,MEDIO
2016-10-02,615.65,615.9,608.66,612.4,612.4,595.7228,554.9354,57.148915795224454,7.459416287715079,2911.8918914,3742.110210874,MANTIENI STATO ATTUALE,BASSO
2016-10-03,612.42,615.24,610.7,612.99,612.99,596.4828,555.9083,57.647567042588804,7.250886552878286,4436.78281505,3769.5458254805003,ACQUISTA,BASSO
2016-10-04,612.99,613.23,606.93,610.34,610.34,597.3338,556.91175,54.57562941393936,7.182966084815556,5060.86312789,3835.3518231559997,ACQUISTA,BASSO
2016-10-05,610.33,614.24,609.22,613.16,613.16,598.0166,557.92655,57.18998529220572,7.028468507328729,4454.40369502,3859.7874103970003,ACQUISTA,BASSO
2016-10-06,613.16,613.39,610.3,611.88,611.88,598.7652,558.9296,55.6250662572482,6.747149328233823,3920.07531583,3847.24089455,ACQUISTA,BASSO
2016-10-07,611.78,618.7,609.89,617.98,617.98,599.643,559.9595,61.08947886222115,6.894495804788553,5119.98889954,3956.1078851084994,ACQUISTA,MEDIO
2016-10-08,618.11,620.0,617.55,619.5,619.5,600.5596,560.9737,62.33414266685874,6.577031818732231,2793.95535361,3941.2328961369994,MANTIENI STATO ATTUALE,MEDIO
2016-10-09,619.46,619.59,617.0,617.42,617.42,601.2706,561.97315,59.52799390633343,6.292243831679931,2329.86207734,3902.902573108,MANTIENI STATO ATTUALE,BASSO
2016-10-10,617.43,619.2,615.46,618.72,618.72,602.0192,563.0020000000001,60.718249505520525,6.109940700845652,3896.59582637,3867.6473806195,ACQUISTA,MEDIO
2016-10-11,618.72,647.03,618.13,642.12,642.12,603.1576,564.13055,74.98119561612202,7.737802079356674,6316.50262935,3939.1776600575004,ACQUISTA,ALTO
2016-10-12,642.3,643.58,631.91,635.79,635.79,604.2256,565.22465,67.80860932079858,8.018673359402632,4334.7387028,3955.9942946905003,ACQUISTA,MEDIO
2016-10-13,635.9,639.85,632.0,635.66,635.66,605.3694,566.27645,67.66545161455167,8.006625262302446,3845.21461185,3960.3038407480003,MANTIENI STATO ATTUALE,MEDIO
2016-10-14,635.8,639.99,624.08,638.03,638.03,606.6184,567.3516,68.95236151970145,8.57115202928084,4365.86702469,4046.2723121050003,ACQUISTA,MEDIO
2016-10-15,638.03,639.99,636.0,638.16,638.16,607.7958,568.46045,69.02518471970374,8.24392688433221,683.79807092,3951.603280444,MANTIENI STATO ATTUALE,MEDIO
2016-10-16,638.16,643.91,637.87,641.92,641.92,609.2174,569.6061,71.13408339755169,8.086503535451335,2547.64969894,3864.3694033875,MANTIENI STATO ATTUALE,ALTO
2016-10-17,642.1,643.47,636.27,639.56,639.56,610.5003999999999,570.72375,68.004452096454,8.023181854347671,3950.24167083,3844.6055424865,ACQUISTA,MEDIO
2016-10-18,639.56,640.0,632.15,635.11,635.11,611.7384,571.8109,62.42717984991777,8.010811721894267,4126.80597819,3865.4452377860007,MANTIENI STATO ATTUALE,MEDIO
2016-10-19,635.12,636.99,625.6,629.79,629.79,612.8352,572.8601,56.465061300299965,8.252182313187532,4465.14828834,3883.3610493500005,MANTIENI STATO ATTUALE,BASSO
2016-10-20,629.79,629.99,626.01,628.05,628.05,613.9384,573.89955,54.6274235317516,7.9470264336741385,4170.46626703,3860.5433942050004,MANTIENI STATO ATTUALE,BASSO
2016-10-21,628.19,633.41,627.5,630.83,630.83,615.0946,574.95635,57.03339973074492,7.801524545554555,4162.76985048,3894.6810897735,MANTIENI STATO ATTUALE,BASSO
2016-10-22,630.67,658.0,629.32,652.75,652.75,616.6254,576.1083,70.37349103972186,9.292844220872084,4586.7845212,3978.4257212635,ACQUISTA,ALTO
2016-10-23,653.03,655.8,645.33,651.04,651.04,617.628,577.2562,68.58455674076369,9.376926776524073,3075.73956709,3910.3735588655,MANTIENI STATO ATTUALE,MEDIO
2016-10-24,651.05,652.93,645.81,649.98,649.98,618.3892000000001,578.39615,67.4401037380118,9.215717721058068,3670.49141848,3840.854973395,MANTIENI STATO ATTUALE,MEDIO
2016-10-25,649.98,657.5,648.99,654.3,654.3,619.3614,579.57025,69.66198741714786,9.165309312411063,4814.88839172,3858.8792082299997,ACQUISTA,MEDIO
2016-10-26,654.3,678.0,652.51,674.0,674.0,620.5816,580.84295,77.27700672716838,10.331358647238845,5843.50141279,3955.050513078,ACQUISTA,ALTO
2016-10-27,674.0,692.41,673.54,691.21,691.21,622.1016,582.182,81.61789373770904,10.941261601007499,6771.85374768,4037.6437554850004,ACQUISTA,ALTO
2016-10-28,691.01,691.19,683.2,689.95,689.95,623.3412000000001,583.51205,80.40679362628399,10.731885772364105,4409.98654001,4118.445314805,ACQUISTA,ALTO
2016-10-29,689.95,725.64,689.39,714.28,714.28,625.1854,584.94445,85.0269866504101,12.55460821719524,6583.49896892,4331.127159384,ACQUISTA,ALTO
2016-10-30,714.28,714.98,692.04,697.41,697.41,626.6587999999999,586.3036,72.29688554222217,13.296421915967013,3799.52235609,4326.2734858700005,MANTIENI STATO ATTUALE,ALTO
2016-10-31,697.39,709.68,681.01,696.9,696.9,628.438,587.6565,71.94619610987195,14.39453463625508,4474.8670547,4234.191707137501,ACQUISTA,ALTO
2016-11-01,697.07,737.5,695.74,730.7,730.7,630.9172,589.15535,79.16083515563551,16.34921073366543,6909.18196562,4362.9138702785,ACQUISTA,ALTO
2016-11-02,730.7,744.6,720.0,744.6,744.6,633.6365999999999,590.7114,81.29162976941805,16.938552824117902,5096.8408538,4425.495182376,ACQUISTA,ALTO
2016-11-03,744.61,746.16,672.06,690.0,690.0,635.2679999999999,592.0064,56.74659650619336,21.02151333668091,10331.34963833,4723.769313058,MANTIENI STATO ATTUALE,BASSO
2016-11-04,690.0,708.33,683.8,706.32,706.32,637.2855999999999,593.38315,60.57808645559827,21.272119526917997,5229.21994603,4951.0404068135,ACQUISTA,MEDIO
2016-11-05,706.05,707.99,697.72,706.99,706.99,639.2668,594.7328,60.73187602790103,20.486253846423853,2999.21458017,4973.618650875001,MANTIENI STATO ATTUALE,MEDIO
2016-11-06,706.98,719.83,705.86,717.02,717.02,641.4488,596.1031,63.05541919278272,20.020807143107866,3013.17627869,4926.765381268,MANTIENI STATO ATTUALE,MEDIO
2016-11-07,717.04,717.32,701.35,706.42,706.42,643.3492,597.37395,59.076930489271476,19.731463775743023,4168.78736342,4928.8644505295,MANTIENI STATO ATTUALE,BASSO
2016-11-08,706.41,716.45,704.16,711.15,711.15,645.4002,598.68765,60.281221796353094,19.199930648904243,4361.51958288,4923.6830152565,MANTIENI STATO ATTUALE,MEDIO
2016-11-09,711.3,747.26,710.05,720.97,720.97,647.7076,600.01405,62.73322054298631,20.486364173982516,12022.23320968,5316.2713623889995,MANTIENI STATO ATTUALE,MEDIO
2016-11-10,721.0,723.61,705.84,712.91,712.91,650.0257999999999,601.2563,59.4871655245503,20.29233816155519,4441.88391256,5330.227065493,MANTIENI STATO ATTUALE,BASSO
2016-11-11,713.0,718.99,712.5,716.9,716.9,652.4396,602.50995,60.574731202124596,19.30645686430125,3363.91577496,5269.083628181,MANTIENI STATO ATTUALE,MEDIO
2016-11-12,716.56,716.99,702.42,704.53,704.53,654.471,603.6796499999999,55.59211381924435,18.968138516851166,3130.22057213,5271.807678433001,MANTIENI STATO ATTUALE,BASSO
2016-11-13,704.63,705.94,685.7,704.01,704.01,656.4775999999999,604.97315,55.38586885968574,19.05898576564751,4207.77586806,5298.671900912001,MANTIENI STATO ATTUALE,BASSO
2016-11-14,704.01,708.57,695.07,708.32,708.32,658.6106,606.25635,56.81592276900241,18.661915353815548,4818.75334881,5298.8651487665,MANTIENI STATO ATTUALE,BASSO
2016-11-15,708.4,716.3,671.23,712.29,712.29,660.7148,607.5237000000001,58.1467066367529,20.54820711425729,4793.81248351,5246.3807023025,MANTIENI STATO ATTUALE,BASSO
2016-11-16,711.92,743.8,710.0,739.85,739.85,663.3975999999999,608.95285,65.98362472561467,21.494763748953197,6194.50292689,5217.513161263,ACQUISTA,MEDIO
2016-11-17,738.07,750.01,729.01,730.71,730.71,665.9110000000001,610.3215,61.84753696898847,21.459423481170827,4171.50353425,5205.589010975001,MANTIENI STATO ATTUALE,MEDIO
2016-11-18,729.61,751.0,728.89,748.54,748.54,668.762,611.8321,66.28709360770438,21.505893232515767,4633.63714554,5108.095919806,MANTIENI STATO ATTUALE,MEDIO
2016-11-19,748.55,752.3,738.0,750.77,750.77,671.5975999999999,613.3249,66.80732608787521,20.991186573050353,2953.71110824,5065.8053574135,MANTIENI STATO ATTUALE,MEDIO
2016-11-20,750.77,753.81,715.0,731.99,731.99,673.9244,614.74145,58.605425510391676,22.26395896068961,4322.12503603,5058.168256479999,MANTIENI STATO ATTUALE,BASSO
2016-11-21,731.72,738.47,730.0,736.4,736.4,676.4044,616.17355,59.851899159862064,21.27867617778321,2984.94365792,4861.9563410949995,MANTIENI STATO ATTUALE,BASSO
2016-11-22,736.39,748.77,726.38,746.66,746.66,679.0778,617.5953,62.668399111263234,21.358056450798696,4276.8415765,4820.956377230001,MANTIENI STATO ATTUALE,MEDIO
2016-11-23,746.66,747.12,734.0,741.52,741.52,681.7014,618.9933500000001,60.38301107667728,20.769623847170216,3626.95652139,4485.736721382999,MANTIENI STATO ATTUALE,MEDIO
2016-11-24,741.51,743.99,727.0,737.99,737.99,684.198,620.3693499999999,58.7971544302213,20.49965071522949,3472.6009038,4397.9057692715005,MANTIENI STATO ATTUALE,BASSO
2016-11-25,737.99,739.99,729.0,739.74,739.74,686.7552000000001,621.74725,59.366895067734966,19.820389949855954,3157.80610663,4405.8353455945,MANTIENI STATO ATTUALE,BASSO
2016-11-26,739.51,739.98,726.0,735.7,735.7,689.1095999999999,623.16185,57.39382215627738,19.403219239151962,2706.77529551,4390.5152964355,MANTIENI STATO ATTUALE,BASSO
2016-11-27,735.69,737.95,728.01,729.24,729.24,691.3044,624.5362,54.286904702638324,18.72727500778397,2682.66166264,4316.2090113965005,MANTIENI STATO ATTUALE,BASSO
2016-11-28,729.24,736.44,729.0,729.77,729.77,693.5514,625.90265,54.50450575408674,17.921041078656547,3864.89359081,4291.377711793,MANTIENI STATO ATTUALE,BASSO
2016-11-29,730.18,734.36,728.2,732.37,732.37,695.8244,627.2746,55.620557583687095,17.080966715895364,3807.46258906,3880.639180762,MANTIENI STATO ATTUALE,BASSO
2016-11-30,732.44,745.0,729.17,742.69,742.69,697.8357999999998,628.6935500000001,59.83249461322101,16.99161195047427,3949.90287585,3856.0401289265,ACQUISTA,BASSO
2016-12-01,742.51,754.9,741.59,754.0,754.0,700.2,630.1562,63.8785581369542,16.728639668297532,4190.18991165,3897.353835761,ACQUISTA,MEDIO
2016-12-02,754.0,780.0,753.53,769.25,769.25,702.8717999999999,631.72415,68.48779060217393,17.424451120561997,6041.03445262,4042.8945297855,ACQUISTA,MEDIO
2016-12-03,769.78,771.92,759.0,766.98,766.98,705.4508000000001,633.2881,67.11493950737189,17.102704611950422,3180.08205342,3991.5098390535,MANTIENI STATO ATTUALE,MEDIO
2016-12-04,766.86,769.76,762.83,767.99,767.99,708.0473999999999,634.85025,67.42779061439262,16.37608285395396,2759.91257043,3888.5678001344995,MANTIENI STATO ATTUALE,MEDIO
2016-12-05,767.94,767.99,748.6,752.0,752.0,710.2489999999999,636.41835,58.0173732303753,16.591362650100105,4823.73102661,3890.063727289499,ACQUISTA,BASSO
2016-12-06,752.01,761.58,752.0,759.8,759.8,712.6538,637.9891,60.88513219416503,16.090551032235815,4499.07355133,3805.2922585114998,ACQUISTA,MEDIO
2016-12-07,759.93,768.9,750.26,764.34,764.34,715.2384,639.5794000000001,62.49115838518545,16.272654529933256,4572.32014076,3825.333088836999,ACQUISTA,MEDIO
2016-12-08,764.34,772.82,761.71,767.89,767.89,718.0003999999999,641.20645,63.74470191714236,15.903893492080881,4839.32827769,3835.6176454445,ACQUISTA,MEDIO
2016-12-09,767.9,773.22,765.97,773.22,773.22,720.9037999999999,642.8442,65.60338364745246,15.285758242646532,3932.49789277,3884.5569846709996,ACQUISTA,MEDIO
2016-12-10,773.15,776.99,770.0,775.87,775.87,723.8046,644.4886,66.52233404472136,14.693204082457495,3365.89926147,3836.7456959430006,MANTIENI STATO ATTUALE,MEDIO
2016-12-11,776.05,776.08,765.0,771.05,771.05,726.1706000000001,646.0864,63.21424529458438,14.435118076567676,3105.09201254,3842.753113674,MANTIENI STATO ATTUALE,MEDIO
2016-12-12,771.05,782.0,770.88,778.94,778.94,728.7286,647.70625,66.179138080114,14.198323928241415,4390.03689871,3848.4128797844996,ACQUISTA,MEDIO
2016-12-13,779.26,790.34,772.76,776.18,776.18,731.2525999999999,649.2308,64.22894821453806,14.439872219081318,5414.74074479,3937.8020909545003,ACQUISTA,MEDIO
2016-12-14,776.65,781.8,773.2,777.66,777.66,733.7198000000001,650.5028500000001,64.82749269986418,14.022738489146933,4486.58460305,3988.501275917,ACQUISTA,MEDIO
2016-12-15,777.66,780.0,775.0,776.16,776.16,735.763,651.7575499999999,63.66476480989967,13.378257168493581,5927.48786136,4126.9853636535,ACQUISTA,MEDIO
2016-12-16,776.16,785.0,774.8,780.98,780.98,737.5584,652.9997,65.78818269801872,13.151238799315472,5719.66238907,4277.6297183315,ACQUISTA,MEDIO
2016-12-17,780.85,791.97,779.5,788.57,788.57,739.5308,654.28585,68.87296597220264,13.102578885078653,4364.33037091,4361.7131537449995,ACQUISTA,MEDIO
2016-12-18,788.98,791.96,787.19,790.72,790.72,741.0596,655.5652500000001,69.70623106598329,12.507394679001607,2847.04584842,4310.820766625499,MANTIENI STATO ATTUALE,MEDIO
2016-12-19,790.71,794.99,789.0,790.81,790.81,742.9276,656.8299499999999,69.74274542664965,12.04186648764435,5496.38381127,4395.266827736,ACQUISTA,MEDIO
2016-12-20,791.0,799.21,788.58,798.99,798.99,744.9694000000001,657.96865,72.93576529618721,11.94101888138404,5925.20060127,4494.031714007,ACQUISTA,ALTO
2016-12-21,798.98,834.5,798.88,834.5,834.5,747.0454,659.2596000000001,81.87681732118598,13.632374675570894,8442.94664959,4706.669550903999,ACQUISTA,ALTO
2016-12-22,834.15,875.75,832.38,856.02,856.02,749.2738,660.6638500000001,85.09128681629326,15.756490770172974,8778.21064087,4843.5283603165,ACQUISTA,ALTO
2016-12-23,856.45,918.5,855.45,917.26,917.26,753.819,662.3163000000001,90.34138397222053,19.134598572303474,12735.18421092,5321.283468191499,ACQUISTA,ALTO
2016-12-24,917.28,918.19,880.1,891.5,891.5,757.5225999999999,663.87525,77.91256054998267,20.48855581713894,6458.02976682,5506.189328011,ACQUISTA,ALTO
2016-12-25,891.59,897.4,851.11,896.12,896.12,761.3052,665.4398000000001,78.48427614708325,22.33151611591473,5380.14745659,5534.01014951,MANTIENI STATO ATTUALE,ALTO
2016-12-26,895.94,908.24,890.0,902.09,902.09,765.0066,667.06295,79.23234100214815,22.039264964777963,3297.92235509,5473.952589698,MANTIENI STATO ATTUALE,ALTO
2016-12-27,902.08,943.36,895.0,925.2,925.2,769.3822,668.7873999999999,81.86138424005384,23.919317467293823,6719.94923102,5581.334044211,ACQUISTA,ALTO
2016-12-28,925.28,983.46,923.95,982.17,982.17,774.8026,670.65075,86.4239927262212,26.461509076772835,9792.34683129,5828.984971891,ACQUISTA,ALTO
2016-12-29,982.25,988.88,950.5,970.72,970.72,779.7976,672.11505,81.96164236602579,27.312829857003347,8997.85901622,6082.2530280635,ACQUISTA,ALTO
2016-12-30,970.51,970.51,930.3,960.81,960.81,784.7556,673.38905,78.19825227429843,28.24905629578883,7945.76302017,6311.2462159985,ACQUISTA,ALTO
2016-12-31,961.52,973.37,949.0,973.37,973.37,789.885,674.8311499999999,79.48401721376226,27.97198084608963,3837.28788592,6347.856009667501,MANTIENI STATO ATTUALE,ALTO
2017-01-01,973.37,1000.0,964.37,992.95,992.95,795.6533999999999,676.302,81.33230152857166,28.51898221422608,4421.50288283,6349.4293088735,MANTIENI STATO ATTUALE,ALTO
2017-01-02,992.96,1034.39,990.52,1011.45,1011.45,801.8022,677.51045,82.8998470816862,29.615483484638514,7723.63575162,6464.874059215,ACQUISTA,ALTO
2017-01-03,1011.52,1036.99,1006.71,1020.67,1020.67,808.0491999999999,678.8525,83.63729015099489,29.662948950021477,8615.26005814,6671.3078319695,ACQUISTA,ALTO
2017-01-04,1020.69,1147.0,1018.0,1130.3,1130.3,816.4094,680.7090499999999,89.45850723914445,36.758452596448514,16222.23026666,7186.044952234501,ACQUISTA,ALTO
2017-01-05,1131.1,1175.0,880.0,1007.0,1007.0,821.7524000000001,681.9002499999999,62.519030898397084,55.204277410987906,20446.40561546,7922.382113554,ACQUISTA,ALTO
2017-01-06,1007.0,1033.85,875.01,895.71,895.71,825.0524,682.8632000000001,48.362571782602146,62.60682902448877,14274.25920626,8417.8785553215,MANTIENI STATO ATTUALE,MEDIO
2017-01-07,895.78,910.0,802.07,909.0,909.0,828.2616,684.0699000000001,49.82372036324738,65.84419837988243,11217.17862761,8836.385194281,MANTIENI STATO ATTUALE,MEDIO
2017-01-08,908.99,953.8,899.16,923.33,923.33,831.7128000000001,685.66405,51.419943796001775,65.0438984956051,5410.00349909,8832.066178672,MANTIENI STATO ATTUALE,MEDIO
2017-01-09,922.04,923.58,886.42,902.66,902.66,835.1261999999999,687.02185,48.998592516223965,63.052191460204746,5909.57812167,8831.285054692,MANTIENI STATO ATTUALE,MEDIO
2017-01-10,902.66,915.1,899.01,907.0,907.0,838.5382000000001,688.2069500000001,49.53592421568604,59.69774921304727,7226.04044665,8770.439744545,MANTIENI STATO ATTUALE,MEDIO
2017-01-11,906.81,923.98,765.0,795.77,795.77,839.5203999999999,688.81725,38.37648470332262,66.78933855497246,19443.63528428,9303.710976715502,MANTIENI STATO ATTUALE,BASSO
2017-01-12,795.8,840.0,734.64,812.25,812.25,840.935,689.6856999999999,40.51470137746551,69.54438580104585,13200.46287512,9326.9749099255,VENDI,BASSO
2017-01-13,812.25,835.01,782.85,831.42,831.42,842.8036,690.55345,42.99261384344928,68.302643958114,10492.67371002,9528.7071070855,VENDI,MEDIO
2017-01-14,831.42,847.52,822.34,828.0,828.0,844.5688,691.4513000000001,42.65126619164833,65.222455103963,4774.33377561,9498.416423036502,VENDI,BASSO
2017-01-15,828.0,835.0,819.0,833.31,833.31,846.5210000000001,692.42075,43.402633664972896,61.706565453679936,2941.91504862,9480.616057713001,VENDI,MEDIO
2017-01-16,833.43,840.0,826.03,834.41,834.41,848.6244,693.22535,43.56757901865519,58.29681077841708,3428.89193045,9316.0631926845,VENDI,MEDIO
2017-01-17,834.4,909.0,830.1,906.0,906.0,852.1490000000001,694.3644,53.13942749016099,59.76846715138729,7253.4885706,9189.120279650002,MANTIENI STATO ATTUALE,MEDIO
2017-01-18,906.09,916.7,850.0,887.99,887.99,855.2614,695.2796,50.804798368231346,60.26357664057392,6937.98652365,9086.126655021499,MANTIENI STATO ATTUALE,MEDIO
2017-01-19,887.98,907.0,883.08,902.92,902.92,858.466,696.47645,52.66151719223635,57.66760688053293,5070.18463001,8942.3477355135,MANTIENI STATO ATTUALE,MEDIO
2017-01-20,902.92,904.59,890.0,894.31,894.31,861.2722,697.5381,51.45541933887394,54.59063496049487,3110.58974194,8906.0128283145,MANTIENI STATO ATTUALE,MEDIO
2017-01-21,894.31,930.0,891.28,925.06,925.06,864.3884000000002,698.81405,55.38542012400948,53.45701817760238,4666.66088887,8918.270728616499,MANTIENI STATO ATTUALE,MEDIO
2017-01-22,925.06,946.25,902.0,931.22,931.22,867.6732000000001,700.0762000000001,56.15124492431141,52.799374022059354,5044.15354801,8784.296618436001,MANTIENI STATO ATTUALE,MEDIO
2017-01-23,929.45,931.33,910.63,910.7,910.7,870.5274000000001,701.41985,52.89407106509305,50.506561591912266,4142.93227389,8560.6802292235,MANTIENI STATO ATTUALE,MEDIO
2017-01-24,911.78,923.0,880.0,887.0,887.0,873.2274000000001,702.5182,49.334574248712585,49.97037862106139,6401.73515269,8069.655473525,MANTIENI STATO ATTUALE,MEDIO
2017-01-25,887.0,903.98,886.99,896.0,896.0,875.9514,703.71015,50.69157957283385,47.61463729098558,4535.10457614,7274.090421559001,MANTIENI STATO ATTUALE,MEDIO
2017-01-26,896.75,921.95,896.0,917.02,917.02,879.005,705.0330500000001,53.80367005443565,46.06716319877233,4718.08253344,6796.281587918001,MANTIENI STATO ATTUALE,MEDIO
2017-01-27,917.02,924.47,911.0,922.63,922.63,882.0998000000001,706.3913500000001,54.626757121489895,43.73879439886002,3719.06548579,6421.375930827,MANTIENI STATO ATTUALE,MEDIO
2017-01-28,922.89,925.5,921.81,924.98,924.98,885.135,707.68345,54.98854254347518,40.878166227512885,2634.53799739,6282.602655742,MANTIENI STATO ATTUALE,MEDIO
2017-01-29,924.69,927.47,915.0,916.54,916.54,887.9484,708.98945,53.343445305933145,38.84901149697625,2592.34365375,6116.740932346,MANTIENI STATO ATTUALE,MEDIO
2017-01-30,916.56,923.95,914.69,923.23,923.23,890.992,710.29735,54.50529141040376,36.73551067576366,3622.27666203,5936.552743114999,MANTIENI STATO ATTUALE,MEDIO
2017-01-31,923.26,972.3,922.94,970.01,970.01,894.8134,711.81,61.68941099352336,37.637259913209114,6733.34318664,5301.038138233,ACQUISTA,MEDIO
2017-02-01,970.01,992.75,963.84,992.75,992.75,899.1447999999999,713.44215,64.61458611521311,37.01388420512275,5993.62596645,4940.6962927995,ACQUISTA,MEDIO
2017-02-02,992.75,1010.0,978.74,1008.38,1008.38,903.7592,715.0840499999999,66.50751217943767,36.60289247618541,5728.21238077,4702.473226337,ACQUISTA,ALTO
2017-02-03,1008.4,1024.5,994.34,1018.0,1018.0,908.596,716.79655,67.65441127198949,36.1426858707436,6776.26971846,4802.5700234795,ACQUISTA,ALTO
2017-02-04,1018.48,1044.12,1001.8,1035.54,1035.54,913.6872,718.60435,69.69225389578676,36.583922594261914,4793.80522616,4895.1645323565,MANTIENI STATO ATTUALE,ALTO
2017-02-05,1035.54,1036.3,1003.02,1016.32,1016.32,918.2422,720.3513500000001,64.8694017088657,36.34792812324321,4621.39169086,4954.789520377,MANTIENI STATO ATTUALE,ALTO
2017-02-06,1016.32,1027.7,1014.64,1022.58,1022.58,922.8794,722.1278500000001,65.70192205806732,34.684504685868696,4367.25829503,4810.4780065985005,MANTIENI STATO ATTUALE,ALTO
2017-02-07,1022.65,1058.26,1021.75,1053.96,1053.96,928.1424000000001,724.1243,69.59201711078555,34.81489720830665,5492.40880901,4738.1991208665,ACQUISTA,ALTO
2017-02-08,1053.95,1069.95,1016.49,1056.7,1056.7,933.2966,726.1203,69.91290475734051,36.146690264856176,6979.97233106,4833.688505919,ACQUISTA,ALTO
2017-02-09,1057.22,1079.0,925.0,994.24,994.24,936.4914,727.7864999999999,55.52782829301305,44.56478381736645,16569.65090403,5506.6415640235,MANTIENI STATO ATTUALE,MEDIO
2017-02-10,993.58,1008.0,961.0,1001.99,1001.99,939.4108,729.5075,56.717831803192645,44.7387278304117,7943.72633682,5670.4948364209995,MANTIENI STATO ATTUALE,MEDIO
2017-02-11,1001.88,1023.89,995.49,1018.65,1018.65,941.4386,731.3304499999999,59.24261556487299,43.571675842525146,4321.97059564,5634.3856888025,MANTIENI STATO ATTUALE,MEDIO
2017-02-12,1018.63,1018.88,1008.0,1010.0,1010.0,943.8086,733.0937000000001,57.37134742417913,41.23655613948763,1315.7295579,5493.025553003,MANTIENI STATO ATTUALE,MEDIO
2017-02-13,1009.99,1021.5,985.68,1002.82,1002.82,945.9426,734.8208,55.79592401808259,40.84965927238138,4721.75058283,5409.02632451,MANTIENI STATO ATTUALE,MEDIO
2017-02-14,1002.88,1018.97,992.27,1013.92,1013.92,948.1792,736.6053999999999,57.728485288171726,39.83896932435414,5910.49032795,5477.7956121005,MANTIENI STATO ATTUALE,MEDIO
2017-02-15,1013.92,1016.0,1007.66,1014.53,1014.53,949.9658000000001,738.3987,57.83757607274493,37.58904294404313,4494.35016842,5466.608993849501,MANTIENI STATO ATTUALE,MEDIO
2017-02-16,1014.58,1041.88,1013.02,1038.94,1038.94,951.1012,740.45855,62.05736187513987,36.96553987661149,5996.29323251,5580.470381185501,ACQUISTA,ALTO
2017-02-17,1038.95,1064.6,1036.29,1057.3,1057.3,952.8328,742.71905,64.90266510290978,36.34728702828209,6334.69845378,5765.478404005,ACQUISTA,ALTO
2017-02-18,1057.29,1073.8,1055.6,1062.15,1062.15,954.8596000000001,745.3424500000001,65.6357621896675,35.05105224054766,3934.74788542,5832.5986155885,MANTIENI STATO ATTUALE,ALTO
2017-02-19,1062.14,1067.78,1051.26,1059.88,1059.88,956.5898,747.7750500000001,64.95193206301998,33.72740565193712,3025.41424506,5802.75549474,MANTIENI STATO ATTUALE,ALTO
2017-02-20,1059.88,1095.0,1051.36,1089.82,1089.82,958.5272,750.2866499999999,69.46993082648774,34.43544810537019,4434.4419852,5687.810434667999,MANTIENI STATO ATTUALE,ALTO
2017-02-21,1089.98,1132.95,1081.95,1128.29,1128.29,960.8639999999999,753.0131,74.09140889420465,35.618630383558035,7487.52401771,5762.505337231,ACQUISTA,ALTO
2017-02-22,1129.67,1140.0,1104.9,1128.71,1128.71,963.0247999999999,755.6981,74.13743841285955,35.58158535616103,6035.82346759,5777.885891572,ACQUISTA,ALTO
2017-02-23,1129.87,1197.0,1128.22,1186.9,1186.9,964.1568,758.6568999999998,79.55657447263263,37.95290068786381,7574.4599592,5817.795403609,ACQUISTA,ALTO
2017-02-24,1185.81,1221.93,1103.32,1186.91,1186.91,967.755,761.63405,79.55736721427266,43.714122067302114,12746.94744846,6215.452514724,ACQUISTA,ALTO
2017-02-25,1186.91,1189.49,1110.0,1158.0,1158.0,973.0008,764.4917999999999,70.98717309448156,46.269541919637675,6033.90242829,6286.0780515955,MANTIENI STATO ATTUALE,ALTO
2017-02-26,1157.98,1187.33,1130.88,1184.91,1184.91,978.5189999999999,767.44165,73.81476671582945,46.9967174968064,4454.44399496,6290.437336592,MANTIENI STATO ATTUALE,ALTO
2017-02-27,1184.91,1198.99,1176.0,1195.81,1195.81,983.9685999999998,770.48115,74.88258975973028,45.281951961320225,5776.45621667,6304.639706975,MANTIENI STATO ATTUALE,ALTO
2017-02-28,1195.84,1214.94,1179.64,1195.08,1195.08,989.817,773.5178500000001,74.66299130863689,44.56895539265449,6720.38236942,6291.660208892999,ACQUISTA,ALTO
2017-03-01,1194.53,1230.0,1085.71,1230.0,1230.0,996.2769999999999,776.7356,77.98834052870674,51.691887150322025,8122.93568298,5869.3244478405,ACQUISTA,ALTO
2017-03-02,1230.0,1298.61,1220.0,1269.17,1269.17,1005.745,780.2064999999999,81.00056077261164,53.61460949672759,8940.28335112,5919.1522985555,ACQUISTA,ALTO
2017-03-03,1269.17,1294.99,1255.61,1292.86,1292.86,1015.3572,783.83185,82.55541852852872,52.597851675532766,8290.63821009,6117.585679278,ACQUISTA,ALTO
2017-03-04,1293.06,1294.48,1226.41,1273.97,1273.97,1024.2082,787.3066,77.1347653103829,53.70300512728042,6385.03090633,6371.0507466995,ACQUISTA,ALTO
2017-03-05,1273.94,1278.99,1247.11,1278.98,1278.98,1033.2278,790.8292499999999,77.5556884307959,52.1442190467604,3996.81717973,6334.804076544499,MANTIENI STATO ATTUALE,ALTO
2017-03-06,1278.63,1288.0,1268.78,1284.99,1284.99,1042.2614,794.38375,78.07705999721344,49.79248911484894,4763.57331155,6277.4582257245,MANTIENI STATO ATTUALE,ALTO
2017-03-07,1284.99,1288.0,1050.0,1237.36,1237.36,1050.3203999999998,797.7022000000001,65.15877757954314,63.235882749502586,10811.13480336,6593.2974574715,ACQUISTA,ALTO
2017-03-08,1237.36,1246.0,1128.0,1150.22,1150.22,1055.2048,800.54395,49.139756279036774,67.1476054102524,13024.97292998,6944.731442345001,MANTIENI STATO ATTUALE,ALTO
2017-03-09,1150.22,1214.95,1131.11,1197.3,1197.3,1061.3909999999998,803.6240000000001,55.50452311420021,68.3399193095201,8524.46513332,7054.219776322,MANTIENI STATO ATTUALE,ALTO
2017-03-10,1197.3,1360.0,956.85,1109.01,1109.01,1065.5128,806.2430499999999,44.306708042693614,92.2549250731258,25699.70747898,8142.467756000001,MANTIENI STATO ATTUALE,MEDIO
2017-03-11,1111.92,1219.0,1107.0,1188.11,1188.11,1071.3888,809.2716500000001,53.38108343912588,93.66528756790254,10281.23814954,8505.258951224,MANTIENI STATO ATTUALE,ALTO
2017-03-12,1188.11,1244.0,1150.0,1235.58,1235.58,1077.5991999999999,812.5572,57.822505647886835,93.68919559876664,6729.15133551,8619.9944187395,MANTIENI STATO ATTUALE,ALTO
2017-03-13,1235.27,1249.0,1206.0,1245.49,1245.49,1083.8845999999999,815.9067499999999,58.706960844257594,90.06853877028331,9584.41601345,8724.839018526498,MANTIENI STATO ATTUALE,ALTO
2017-03-14,1245.5,1262.0,1213.55,1247.42,1247.42,1090.619,819.2474000000001,58.887775809718846,87.09578600097737,7464.25969536,8796.260829915,MANTIENI STATO ATTUALE,ALTO
2017-03-15,1247.43,1264.55,1240.0,1263.0,1263.0,1098.139,822.7081999999999,60.395416341464696,82.6282298580504,7273.3089643,8781.20328017,MANTIENI STATO ATTUALE,ALTO
2017-03-16,1263.55,1277.27,1117.77,1175.11,1175.11,1103.7212,825.7067000000002,49.39173907884683,88.11907058247537,16599.28971021,8973.820393257502,MANTIENI STATO ATTUALE,ALTO
2017-03-17,1175.11,1175.11,1065.74,1069.57,1069.57,1106.7722,828.1884999999999,39.97352389467395,89.63699411229855,19222.89558418,9633.270051052,MANTIENI STATO ATTUALE,MEDIO
2017-03-18,1068.78,1096.0,919.44,970.0,970.0,1107.7196,830.16375,33.48606639677659,95.84578024713436,23968.77126486,10608.986414547,VENDI,BASSO
2017-03-19,970.0,1062.92,961.59,1019.49,1019.49,1109.6098000000002,832.39675,38.802376184277165,96.23751022948191,13518.38951375,10996.083079401,VENDI,MEDIO
2017-03-20,1019.1,1051.97,1011.0,1044.96,1044.96,1112.1782,834.7564500000001,41.39836922339125,92.28983092737607,8919.41542151,11106.0347320055,VENDI,MEDIO
2017-03-21,1046.75,1120.0,1042.68,1114.42,1114.42,1116.002,837.4475,47.890355481162246,91.22055728970635,12493.158303386515,11324.545863025825,VENDI,MEDIO
2017-03-22,1114.42,1114.96,985.17,1034.57,1034.57,1117.2932,839.6158,42.11440590136048,93.97551748329876,14577.910023502238,11606.427196644938,VENDI,MEDIO
2017-03-23,1038.94,1057.41,1013.0,1025.14,1025.14,1117.941,841.6819,41.4781725915225,90.43512337734886,7782.58744987,11581.024658633938,VENDI,MEDIO
2017-03-24,1025.13,1030.3,920.1,934.87,934.87,1116.4708,843.3278,35.88882189781698,91.8469002789668,19003.40525575,12211.943376104937,VENDI,BASSO
2017-03-25,933.93,973.99,890.05,963.72,963.72,1115.3852,845.08145,38.73048911379327,91.28212168761203,16665.09971431,12845.357502833936,VENDI,BASSO
2017-03-26,963.72,1005.0,943.9,973.08,973.08,1114.136,846.8708,39.664871018923364,89.1262558527826,9504.75859053,13082.416766782937,VENDI,BASSO
2017-03-27,973.97,1045.9,961.1,1042.08,1042.08,1114.6512,848.94135,46.18078430384044,88.81723757758385,10235.89059265,13053.654556247438,VENDI,MEDIO
2017-03-28,1042.27,1069.39,1016.25,1045.4,1045.4,1115.1076,851.058,46.48028135350868,86.26886346489931,9055.35196409,12855.173507952937,VENDI,MEDIO
2017-03-29,1045.54,1058.16,1005.77,1043.27,1043.27,1114.8937999999998,853.15565,46.30225531312239,83.84894464597794,8676.30276913,12862.765389743437,VENDI,MEDIO
2017-03-30,1043.09,1052.94,1022.0,1042.34,1042.34,1114.6066,855.32765,46.21901695276975,80.06973431412239,8312.81365608,11993.420698598438,VENDI,MEDIO
2017-03-31,1042.32,1094.49,1038.11,1088.99,1088.99,1116.5016,857.7389,50.97951466788318,78.37761043454222,11274.0990776,12043.063745001438,VENDI,MEDIO
2017-04-01,1088.99,1110.95,1071.45,1092.0,1092.0,1118.3018,860.15575,51.279180851638486,75.60063826064635,6726.97042802,12042.954699626938,VENDI,MEDIO
2017-04-02,1092.0,1119.0,1080.0,1113.99,1113.99,1120.2086,862.68355,53.51490034718818,72.98630695631448,7882.35425504,11957.85161170644,VENDI,MEDIO
2017-04-03,1113.23,1168.72,1112.24,1152.6,1152.6,1123.0606,865.41935,57.22630852667516,71.80728503086345,12694.07860904,12219.342557390439,ACQUISTA,MEDIO
2017-04-04,1152.09,1164.14,1124.98,1143.99,1143.99,1125.884,868.09965,56.14969364529483,69.4753361000875,8960.55337266,12303.704777808438,MANTIENI STATO ATTUALE,MEDIO
2017-04-05,1143.98,1144.99,1114.9,1132.99,1132.99,1128.2654,870.725,54.73296129895072,66.66209780722411,8705.92018413,11909.036301504439,MANTIENI STATO ATTUALE,MEDIO
2017-04-06,1132.99,1206.97,1132.98,1192.3,1192.3,1131.8208,873.6295,60.517456479879115,67.18551939242239,11233.49672084,11509.566358337437,MANTIENI STATO ATTUALE,MEDIO
2017-04-07,1192.29,1203.0,1175.26,1194.0,1194.0,1134.922,876.5565000000001,60.67258244235018,64.36798229296365,6984.36797928,10660.346194058437,MANTIENI STATO ATTUALE,MEDIO
2017-04-08,1194.0,1198.0,1170.0,1184.5,1184.5,1137.4660000000001,879.451,59.27111872702398,61.77026927203767,4423.10758142,10205.582097441937,MANTIENI STATO ATTUALE,MEDIO
2017-04-09,1184.5,1221.0,1175.8,1210.97,1210.97,1140.4424000000001,882.5208500000001,61.91111126368004,60.58667860974928,5819.87128162,10050.604890447437,MANTIENI STATO ATTUALE,MEDIO
2017-04-10,1210.99,1219.78,1201.0,1210.0,1210.0,1143.4448000000002,885.5898,61.753145932876535,57.600487280481474,5644.96147616,9708.19504908611,MANTIENI STATO ATTUALE,MEDIO
2017-04-11,1210.0,1234.0,1200.0,1223.99,1223.99,1146.1282,888.69495,63.21108968714209,55.914738189018514,5481.08329834,9253.353712827999,MANTIENI STATO ATTUALE,MEDIO
2017-04-12,1224.0,1227.86,1209.61,1214.17,1214.17,1147.8458,891.7474000000001,61.440657240053355,53.224399746945764,6494.15156162,9188.9319184155,MANTIENI STATO ATTUALE,MEDIO
2017-04-13,1214.68,1219.49,1148.98,1177.05,1177.05,1148.8126000000002,894.6243,55.15238228806536,54.459085479306786,9426.5374569,8710.088528473,MANTIENI STATO ATTUALE,MEDIO
2017-04-14,1177.05,1196.92,1170.14,1173.74,1173.74,1148.5494,897.4576,54.61560133223541,52.482007945070585,5666.3149436,8160.149289937499,MANTIENI STATO ATTUALE,MEDIO
2017-04-15,1173.13,1190.99,0.06,1178.85,1178.85,1148.3881999999999,900.3233,55.33828101836051,133.79972166327983,3972.00314582,7883.511517702,MANTIENI STATO ATTUALE,MEDIO
2017-04-16,1178.84,1189.93,1171.7,1177.99,1177.99,1148.7879999999998,903.1880500000001,55.17903243520769,125.54474154447412,3084.52503854,7525.943239996501,MANTIENI STATO ATTUALE,MEDIO
2017-04-17,1177.63,1197.6,1170.85,1189.91,1189.91,1148.888,906.10765,57.02501719708409,118.4879742912974,6548.06656297,7400.5789699404995,MANTIENI STATO ATTUALE,MEDIO
2017-04-18,1190.95,1206.65,1189.76,1201.94,1201.94,1149.0106,909.0723999999999,58.866292771749876,111.23097612763331,6269.90926487,7280.2592947275,MANTIENI STATO ATTUALE,MEDIO
2017-04-19,1201.88,1215.32,1191.09,1214.21,1214.21,1149.3932,912.0652,60.71510293068941,105.01662068994523,6273.61537614,7178.299380730501,MANTIENI STATO ATTUALE,MEDIO
2017-04-20,1214.22,1240.6,1212.01,1236.15,1236.15,1149.5162,915.1839500000001,63.844399932039764,99.55757635494913,7747.22509693,7001.955681697,ACQUISTA,MEDIO
2017-04-21,1236.15,1258.77,1236.15,1249.99,1249.99,1149.1326,918.36895,65.70046641813947,94.06203518673847,6669.14516894,6999.064418742999,MANTIENI STATO ATTUALE,MEDIO
2017-04-22,1249.98,1253.0,1221.51,1247.0,1247.0,1148.2154,921.55225,64.92502346792133,89.59260410197145,6147.34768133,6912.3140900575,MANTIENI STATO ATTUALE,MEDIO
2017-04-23,1246.79,1254.0,1236.2,1251.98,1251.98,1147.7756,924.7463500000001,65.65217263104066,84.46456095183063,5023.52597801,6528.786458506,MANTIENI STATO ATTUALE,MEDIO
2017-04-24,1251.91,1261.16,1246.31,1257.29,1257.29,1147.3418,927.9734000000001,66.45082507542935,79.49209231241417,5906.25903817,6376.0717417815,MANTIENI STATO ATTUALE,MEDIO
2017-04-25,1256.65,1287.0,1256.16,1281.16,1281.16,1147.2652,931.2892999999999,69.84518438282575,76.01694286152744,8117.86793375,6346.6691292625,ACQUISTA,MEDIO
2017-04-26,1281.18,1320.0,1279.5,1298.44,1298.44,1148.4868,934.684,72.04981887312353,73.48001837141834,9597.58080942,6264.8733336915,ACQUISTA,ALTO
2017-04-27,1297.56,1360.0,1295.39,1349.26,1349.26,1152.4676,938.3432,77.30498058492363,72.84644563060274,10484.92361594,6439.9011155245,ACQUISTA,ALTO
2017-04-28,1349.77,1381.01,1300.2,1353.34,1353.34,1155.5884,942.0163,77.66800774018094,73.41527094270255,14008.47741677,6919.169607292,ACQUISTA,ALTO
2017-04-29,1352.96,1369.5,1335.64,1365.43,1365.43,1160.7168000000001,945.6328499999998,78.75259683544134,70.58989444679523,9669.26577868,7111.639332145,ACQUISTA,ALTO
2017-04-30,1364.98,1394.51,1334.02,1384.55,1384.55,1164.6456,949.37665,80.37581075664788,69.8684734148813,10543.183517,7356.550434186999,ACQUISTA,ALTO
2017-05-01,1384.55,1466.69,1370.98,1436.5,1436.5,1168.664,953.38085,83.96111773772577,71.71429674238978,16992.30099696,7932.111319117999,ACQUISTA,ALTO
2017-05-02,1436.5,1492.93,1426.51,1471.99,1471.99,1173.1940000000002,957.55065,85.86150818642612,71.33613268936195,12031.58419061,8208.982950567499,ACQUISTA,ALTO
2017-05-03,1471.79,1533.0,1453.68,1533.0,1533.0,1178.9056,962.02485,88.40494648282399,71.9064089258361,16319.00509692,8553.606332568499,ACQUISTA,ALTO
2017-05-04,1533.0,1665.0,1482.06,1563.39,1563.39,1184.9134000000001,966.6322,89.4254068605409,79.8373797168478,26721.20592273,9606.350881525,ACQUISTA,ALTO
2017-05-05,1561.47,1630.0,1535.11,1551.3,1551.3,1192.4372,971.1908999999999,86.17610157527969,80.91256687993011,16888.18805884,10252.160127176,ACQUISTA,ALTO
2017-05-06,1551.3,1598.89,1551.3,1585.39,1585.39,1202.7536,975.9423000000002,87.54979972577021,78.53238353136369,9367.70501254,10566.319125876002,MANTIENI STATO ATTUALE,ALTO
2017-05-07,1585.49,1618.31,1563.87,1609.57,1609.57,1215.545,980.8412,88.42816844546671,76.81149899340916,11737.5699792,10825.794296687502,ACQUISTA,ALTO
2017-05-08,1611.1,1713.0,1608.0,1713.0,1713.0,1229.4152,986.26595,91.26650312974472,78.82496335102279,15894.92006435,11307.044836661498,ACQUISTA,ALTO
2017-05-09,1712.99,1794.7,1630.0,1720.43,1720.43,1242.9245999999998,991.7139500000001,91.42913774587842,84.95889454023545,19878.9688314,11987.3125094245,ACQUISTA,ALTO
2017-05-10,1720.24,1799.99,1691.3,1794.99,1794.99,1256.536,997.42515,92.86502143369479,86.65397350164722,13458.24717656,12272.863613406002,ACQUISTA,ALTO
2017-05-11,1794.95,1889.0,1770.95,1837.93,1837.93,1272.6032,1003.3595999999999,93.53659968814594,88.89654682295813,15726.10460336,12725.711585127001,ACQUISTA,ALTO
2017-05-12,1837.98,1838.0,1651.01,1695.61,1695.61,1286.0126,1008.5877500000001,70.0143201436629,95.90322204988969,16527.80375242,13244.734388681502,ACQUISTA,ALTO
2017-05-13,1695.56,1792.96,1610.0,1792.73,1792.73,1303.1698,1014.2798999999999,74.6915689569442,102.12156333204044,12379.99373457,13612.557776509499,MANTIENI STATO ATTUALE,ALTO
2017-05-14,1791.7,1829.0,1763.33,1799.99,1799.99,1319.8952,1019.90985,75.00542818702966,99.5178802368947,6806.48511914,13657.569080558,MANTIENI STATO ATTUALE,ALTO
2017-05-15,1799.98,1802.99,1702.42,1747.81,1747.81,1335.3898000000002,1025.1928500000001,68.43629165347244,99.59303164854508,10191.85424893,13761.268396316998,MANTIENI STATO ATTUALE,ALTO
2017-05-16,1747.81,1777.76,1690.14,1777.48,1777.48,1350.0978,1030.6305,70.04291228494955,98.73781510222042,11414.50874225,13852.114792958502,MANTIENI STATO ATTUALE,ALTO
2017-05-17,1777.49,1840.0,1745.05,1813.23,1813.23,1365.4544,1036.12525,71.89896704531394,98.46725688063326,13813.22143771,14018.529684047,MANTIENI STATO ATTUALE,ALTO
2017-05-18,1813.23,1900.0,1800.0,1899.16,1899.16,1382.5722,1042.134,75.78286188134615,98.57673853201659,11391.00937384,13887.656281900501,MANTIENI STATO ATTUALE,ALTO
2017-05-19,1899.47,1980.0,1890.73,1976.23,1976.23,1401.25,1048.53065,78.63501594760812,97.91197149401542,18971.77074076,14352.781530004499,ACQUISTA,ALTO
2017-05-20,1976.22,2059.0,1970.04,2058.91,2058.91,1420.6484,1055.1716999999999,81.19389008567966,97.27254495872862,13176.28271359,14484.436489833999,MANTIENI STATO ATTUALE,ALTO
2017-05-21,2058.89,2102.68,1988.6,2057.0,2057.0,1439.9484,1061.7337,80.95268016461256,98.47307746167658,17762.48439112,14522.945659542002,ACQUISTA,ALTO
2017-05-22,2056.99,2298.0,1975.0,2123.29,2123.29,1460.1344,1068.90015,82.85628220407405,114.51071478584254,29431.53634619,15392.943267321,ACQUISTA,ALTO
2017-05-23,2123.29,2283.0,2100.86,2272.75,2272.75,1482.5374000000002,1076.7323,86.2040513256805,119.3413780154252,17640.94851589,15459.040438269501,ACQUISTA,ALTO
2017-05-24,2272.74,2474.69,2266.51,2432.97,2432.97,1508.317,1085.3622,88.74202542898556,125.68699387146626,24659.73425375,15355.966854820499,ACQUISTA,ALTO
2017-05-25,2432.96,2806.0,2226.86,2355.0,2355.0,1532.7572,1093.5521,80.93857525128024,158.07649430921865,37194.83761353,16371.299332555,ACQUISTA,ALTO
2017-05-26,2362.17,2683.18,2052.01,2272.7,2272.7,1554.3652000000002,1101.3835000000001,73.58338251781598,191.86888757284586,31755.902624,17490.709213128,ACQUISTA,ALTO
2017-05-27,2276.46,2353.35,1913.19,2099.99,2099.99,1572.485,1108.3277,61.04621146840691,209.6039670319283,32466.17123427,18527.139275881498,ACQUISTA,ALTO
2017-05-28,2099.99,2342.99,2099.86,2232.78,2232.78,1593.4506,1115.8867500000001,65.8622238979199,211.99868367250482,18342.68197108,18649.527371218,MANTIENI STATO ATTUALE,ALTO
2017-05-29,2237.0,2357.86,2141.12,2279.48,2279.48,1614.8208000000002,1123.7196000000001,67.3892110926268,212.33734912446877,16926.34457276,18501.896158286,MANTIENI STATO ATTUALE,ALTO
2017-05-30,2279.18,2336.88,2112.31,2191.58,2191.58,1634.4524000000001,1131.093,61.78706520060851,213.21110990129245,20915.9999948,18874.783799198,MANTIENI STATO ATTUALE,ALTO
2017-05-31,2191.6,2338.91,2173.8,2303.29,2303.29,1656.0384,1139.0868,65.69065625116795,209.7753163369144,21726.930856,19174.825111830003,MANTIENI STATO ATTUALE,ALTO
2017-06-01,2303.61,2488.0,2302.0,2419.99,2419.99,1680.1548,1147.6667,69.22723934815171,208.0770794557062,21390.33504326,19417.951676372,ACQUISTA,ALTO
2017-06-02,2419.98,2478.99,2379.44,2478.99,2478.99,1706.1935999999998,1156.5200499999999,70.86250924993308,200.32514520887005,12890.65884371,19443.484931829,MANTIENI STATO ATTUALE,ALTO
2017-06-03,2478.99,2599.0,2448.0,2548.05,2548.05,1733.6798000000001,1165.69885,72.69177065603972,196.80192055109362,13441.88879769,19775.2551157565,MANTIENI STATO ATTUALE,ALTO
2017-06-04,2548.3,2556.1,2469.98,2521.36,2521.36,1760.53,1174.6064,70.8407408974933,188.89606908315835,13820.79309963,19956.7020582915,MANTIENI STATO ATTUALE,ALTO
2017-06-05,2521.43,2698.0,2517.02,2698.0,2698.0,1790.9301999999998,1184.4428500000001,75.31993268902701,188.33063557721846,13599.76890434,20065.965066396,MANTIENI STATO ATTUALE,ALTO
2017-06-06,2698.0,2938.55,2674.69,2871.29,2871.29,1824.5578000000003,1195.0566000000001,78.76600245489146,193.72559017884572,28609.64698371,20805.786343696,ACQUISTA,ALTO
2017-06-07,2871.29,2885.0,2598.7,2685.64,2685.64,1854.2318000000002,1204.73095,67.83765081047572,200.3380480232139,19476.18369094,21210.045059550997,MANTIENI STATO ATTUALE,ALTO
2017-06-08,2690.02,2808.78,2611.41,2799.73,2799.73,1885.9422,1215.06965,70.54253420837536,200.12604459298439,13453.68915971,20934.1409804985,MANTIENI STATO ATTUALE,ALTO
2017-06-09,2799.76,2861.58,2786.2,2811.39,2811.39,1917.4470000000001,1225.4446,70.81270000204873,191.21561283634264,11440.33561555,20847.3436255965,MANTIENI STATO ATTUALE,ALTO
2017-06-10,2811.37,2942.04,2801.25,2931.15,2931.15,1951.0701999999999,1236.36705,73.50091375161689,187.61378334803246,18734.85190549,20895.962001314998,MANTIENI STATO ATTUALE,ALTO
2017-06-11,2931.16,2998.99,2881.0,2998.98,2998.98,1986.1098000000002,1247.65435,74.91039226762392,182.64065596603012,16295.4930364,20239.1598358255,MANTIENI STATO ATTUALE,ALTO
2017-06-12,2998.98,2999.99,2463.89,2655.71,2655.71,2014.1844,1257.24295,58.07523270875341,207.88775196845654,38941.18214331,21304.1715171965,MANTIENI STATO ATTUALE,ALTO
2017-06-13,2654.36,2798.99,2649.47,2709.01,2709.01,2043.2187999999996,1267.0892999999999,59.593682647759906,203.71862682785252,19716.97419151,21057.0335140845,MANTIENI STATO ATTUALE,ALTO
2017-06-14,2709.02,2827.0,2330.0,2432.21,2432.21,2066.2398000000003,1275.57185,49.55568938161255,224.66729634014877,28257.13485767,20610.1483762915,MANTIENI STATO ATTUALE,ALTO
2017-06-15,2432.21,2525.0,2050.0,2409.98,2409.98,2088.4706,1283.9755499999999,48.84412036569643,242.54820374442386,42025.04188091,21123.605339137,MANTIENI STATO ATTUALE,ALTO
2017-06-16,2409.98,2524.65,2287.84,2480.43,2480.43,2111.094,1292.7288500000002,51.2339519024871,242.13833204839358,21891.95771822,20594.8946633345,MANTIENI STATO ATTUALE,ALTO
2017-06-17,2480.44,2679.24,2413.96,2634.94,2634.94,2136.726,1302.2417,56.080066535747775,243.79130833065116,17601.3141096,20557.8262702605,MANTIENI STATO ATTUALE,ALTO
2017-06-18,2634.94,2670.0,2455.01,2515.25,2515.25,2159.7224,1311.1045000000001,51.786861136362745,241.73407202131892,13831.60864849,20403.089474047,MANTIENI STATO ATTUALE,ALTO
2017-06-19,2515.25,2597.0,2481.92,2596.98,2596.98,2183.971,1320.3194,54.35643451546078,232.6873525912247,13928.55868512,20053.717408563,MANTIENI STATO ATTUALE,ALTO
2017-06-20,2596.99,2776.95,2585.42,2725.08,2725.08,2209.7426,1330.0985500000002,58.12362047649907,229.7475416918515,19230.12622071,19928.877176798498,MANTIENI STATO ATTUALE,ALTO
2017-06-21,2725.11,2781.59,2559.51,2643.35,2643.35,2233.1697999999997,1339.4804000000001,55.00435984627018,229.19986014243352,18065.09195302,19762.615022286504,MANTIENI STATO ATTUALE,ALTO
2017-06-22,2643.33,2724.69,2598.0,2679.99,2679.99,2256.1096,1349.0403999999999,56.14072804939206,221.87772727511685,12179.55378226,19727.059769214,MANTIENI STATO ATTUALE,ALTO
2017-06-23,2679.93,2743.0,2665.0,2690.76,2690.76,2278.6569999999997,1358.7341999999999,56.48858188612965,211.60074675546568,9674.14014661,19538.672336659998,MANTIENI STATO ATTUALE,ALTO
2017-06-24,2690.76,2718.37,2503.05,2574.84,2574.84,2299.1278,1367.8094,51.73273191833186,211.86640770150382,12808.47796498,19488.0565799275,MANTIENI STATO ATTUALE,ALTO
2017-06-25,2574.86,2625.0,2430.05,2505.61,2505.61,2317.5322,1376.51575,49.0753642447923,210.6580928656821,13739.17133582,19495.026701501498,MANTIENI STATO ATTUALE,ALTO
2017-06-26,2505.61,2563.9,2258.34,2407.91,2407.91,2333.499,1384.7158499999998,45.52159958655624,217.43680051813337,20262.76215295,19077.6824599635,MANTIENI STATO ATTUALE,ALTO
2017-06-27,2407.91,2575.75,2264.0,2575.75,2575.75,2350.754,1393.7284999999997,51.95785294052355,224.173457623981,22151.51962082,19211.449256457498,MANTIENI STATO ATTUALE,ALTO
2017-06-28,2573.22,2605.0,2457.0,2553.12,2553.12,2367.4078,1402.61475,51.08156517923793,218.73249636512523,16240.95462101,19350.8125295225,MANTIENI STATO ATTUALE,ALTO
2017-06-29,2553.13,2591.98,2506.1,2530.0,2530.0,2382.108,1411.4095000000002,50.15096569176935,209.24303233904485,9048.16102048,19231.203799769,MANTIENI STATO ATTUALE,ALTO
2017-06-30,2531.16,2554.01,2446.2,2455.19,2455.19,2394.4532,1419.79075,47.157295120974695,201.99781574339883,11860.9594359,18887.5091762895,MANTIENI STATO ATTUALE,ALTO
2017-07-01,2455.19,2515.0,2400.0,2423.63,2423.63,2409.0135999999998,1428.0279999999998,45.91216565771655,195.7836860474418,8448.08879856,18495.1389643975,MANTIENI STATO ATTUALE,ALTO
2017-07-02,2424.08,2545.0,2385.0,2516.66,2516.66,2423.4922,1436.7230000000002,50.09508644826286,193.22770847262453,9098.28919886,17002.994317175,MANTIENI STATO ATTUALE,ALTO
2017-07-03,2515.37,2584.78,2479.75,2542.41,2542.41,2438.3406,1445.55425,51.219599006161395,186.92787215315136,10045.8328211,16519.4372486545,MANTIENI STATO ATTUALE,ALTO
2017-07-04,2542.41,2636.1,2542.18,2602.0,2602.0,2455.4244,1454.65935,53.81329356778688,180.28445271364058,10680.56522172,15640.608766857,MANTIENI STATO ATTUALE,ALTO
2017-07-05,2602.0,2630.24,2551.06,2616.96,2616.96,2472.214,1463.8013,54.4678313084303,173.0627060912377,10183.63010323,14048.538177973,MANTIENI STATO ATTUALE,ALTO
2017-07-06,2616.96,2623.54,2580.69,2604.84,2604.84,2488.0461999999998,1472.8718999999996,53.802593960589945,163.76179851329215,8207.99657687,13364.340120905501,MANTIENI STATO ATTUALE,ALTO
2017-07-07,2604.89,2607.61,2472.0,2501.15,2501.15,2500.0860000000002,1481.4235999999999,48.36072273766223,161.75095576234273,11640.78157115,13066.313493983002,MANTIENI STATO ATTUALE,ALTO
2017-07-08,2501.15,2563.5,2471.22,2561.11,2561.11,2511.7836,1490.2341999999999,51.420617358885295,156.78874463646113,7869.88131277,12768.227127196998,MANTIENI STATO ATTUALE,ALTO
2017-07-09,2560.84,2579.84,2500.0,2508.99,2508.99,2520.7852000000003,1498.6066499999997,48.718243666628425,151.29240573385678,5647.43426949,12354.1709064155,MANTIENI STATO ATTUALE,ALTO
2017-07-10,2508.0,2523.0,2250.0,2331.05,2331.05,2526.2662,1505.9818000000002,40.8290707347028,159.9858053242956,15554.0050949,12170.364850125,VENDI,ALTO
2017-07-11,2330.93,2410.0,2265.0,2310.01,2310.01,2530.0006,1512.9455500000001,40.0041695177732,158.9153906582745,15670.55064724,12050.637784835999,VENDI,ALTO
2017-07-12,2310.0,2415.0,2250.0,2383.42,2383.42,2532.214,1520.40515,44.237379354129665,159.3500056112549,13834.47197463,12133.3836944545,VENDI,ALTO
2017-07-13,2384.35,2416.79,2308.14,2340.0,2340.0,2530.3546,1527.6245500000002,42.3347046685473,155.7285766390224,9541.53943311,12126.7536587795,VENDI,ALTO
2017-07-14,2340.0,2349.28,2150.0,2217.24,2217.24,2527.5993999999996,1534.2003,37.43265682491057,158.83939259337797,13549.1778099,12163.7886510255,VENDI,ALTO
2017-07-15,2217.02,2224.82,1964.31,1964.31,1964.31,2521.4316,1539.3958499999999,29.78109879751186,166.10157883670814,16334.68864717,12293.564516593,VENDI,MEDIO
2017-07-16,1964.33,2043.94,1758.2,1911.78,1911.78,2517.6674000000003,1544.0439000000001,28.479080960805632,174.64718034837185,21740.89274035,12367.471045963,VENDI,MEDIO
2017-07-17,1911.79,2238.07,1909.58,2235.19,2235.19,2517.7156,1550.36625,44.55194468442425,185.63595318063102,21436.7645371,12331.733291777,VENDI,ALTO
2017-07-18,2235.14,2393.43,2134.37,2308.15,2308.15,2518.2889999999998,1557.1029499999997,47.4225642567,190.8805279534431,23795.59414253,12709.465267853,VENDI,ALTO
2017-07-19,2307.48,2396.0,2216.0,2258.99,2258.99,2519.6372,1563.5310499999998,45.70556488733947,190.10334738534004,18567.47611252,13185.431022454999,VENDI,ALTO
2017-07-20,2258.99,2957.0,2258.99,2873.48,2873.48,2531.041,1572.9337000000003,63.4967330678708,226.3823940006729,36509.30587417,14417.8483443685,ACQUISTA,ALTO
2017-07-21,2873.45,2880.0,2608.27,2657.45,2657.45,2535.7902,1581.1637,56.488721344032875,229.62150871491056,23062.18542954,15148.553175917501,ACQUISTA,ALTO
2017-07-22,2661.05,2869.88,2646.95,2825.27,2825.27,2542.7158,1590.1867000000002,60.166660114679914,229.1435438067027,12225.61763679,15304.919597814001,MANTIENI STATO ATTUALE,ALTO
2017-07-23,2825.27,2848.0,2691.0,2754.28,2754.28,2546.8404,1598.3066000000001,57.935723523543665,223.9904335347954,10194.97475019,15312.3766942685,MANTIENI STATO ATTUALE,ALTO
2017-07-24,2755.19,2799.2,2726.8,2762.26,2762.26,2551.6584,1607.0828999999999,58.12369419106202,213.16254542516714,8105.64511248,15183.630688806497,MANTIENI STATO ATTUALE,ALTO
2017-07-25,2761.68,2782.44,2449.69,2564.0,2564.0,2548.9784,1615.42435,51.91645368061177,221.70450646622663,19195.82260736,15634.240314013,ACQUISTA,ALTO
2017-07-26,2564.0,2614.0,2403.0,2525.99,2525.99,2542.0724,1623.5093000000002,50.79643302522531,220.93989886149618,13019.03454142,15874.7922122405,MANTIENI STATO ATTUALE,ALTO
2017-07-27,2525.98,2686.2,2514.1,2664.99,2664.99,2541.6593999999996,1632.2176000000002,54.64948486089842,217.4513346571036,10034.52706572,15794.479486969,MANTIENI STATO ATTUALE,ALTO
2017-07-28,2664.99,2825.11,2655.55,2786.07,2786.07,2541.3862,1641.6346500000002,57.752950510396154,214.03052503873906,17189.24674204,16260.447758432498,ACQUISTA,ALTO
2017-07-29,2786.07,2790.99,2656.0,2700.21,2700.21,2539.1626,1650.6007,54.88468689126792,208.38477325025767,9860.13224068,16471.082656992,MANTIENI STATO ATTUALE,ALTO
2017-07-30,2700.2,2739.98,2500.0,2723.99,2723.99,2535.0194,1660.2418,55.54323632617812,210.64157516095355,8460.182768,16116.391540647,MANTIENI STATO ATTUALE,ALTO
2017-07-31,2723.99,2900.0,2700.0,2856.88,2856.88,2532.1774,1670.46495,59.13327688801131,209.88146264945686,11462.1802407,15905.973020319998,MANTIENI STATO ATTUALE,ALTO
2017-08-01,2856.89,2925.0,2676.01,2732.59,2732.59,2533.715,1679.9708,54.685317443331094,212.67492960306708,9772.96947501,15702.897895339,MANTIENI STATO ATTUALE,ALTO
2017-08-02,2731.6,2758.06,2650.0,2699.9,2699.9,2533.5328000000004,1689.3303,53.54452314037542,205.20243463141946,8422.27537735,15646.934692550998,MANTIENI STATO ATTUALE,ALTO
2017-08-03,2699.9,2799.0,2699.89,2787.02,2787.02,2540.629,1699.09885,56.168788287435206,197.6244035863181,7425.95745626,15340.773674869002,MANTIENI STATO ATTUALE,ALTO
2017-08-04,2787.05,2877.79,2760.0,2857.34,2857.34,2549.5762,1709.2135,58.220335054890334,191.9219461872954,7714.98047973,14909.788266497,MANTIENI STATO ATTUALE,ALTO
2017-08-05,2857.34,3335.0,2857.34,3243.49,3243.49,2564.8374,1720.90095,67.27772875262096,212.33180717391713,21614.60061123,14903.473660041,ACQUISTA,ALTO
2017-08-06,3243.5,3278.42,3150.0,3222.22,3222.22,2576.583,1732.5720999999999,66.42353495962861,206.3381066614945,8666.20078218,14264.945472295,MANTIENI STATO ATTUALE,ALTO
2017-08-07,3222.22,3416.0,3190.0,3398.23,3398.23,2594.2425999999996,1745.0486500000002,69.83642601056027,207.7425276142449,11325.4162028,13641.4365753085,MANTIENI STATO ATTUALE,ALTO
2017-08-08,3398.23,3489.0,3349.91,3422.43,3422.43,2610.7516,1757.6892500000001,70.28367083143118,202.83877564179883,16014.00638269,13513.763088817,ACQUISTA,ALTO
2017-08-09,3423.28,3428.29,3232.62,3342.8,3342.8,2623.1059999999998,1769.7779500000001,66.77515485407645,202.3267202388132,13076.14627076,12342.1051086465,ACQUISTA,ALTO
2017-08-10,3342.8,3448.0,3317.0,3444.98,3444.98,2639.1385999999998,1782.34675,68.91920531757927,197.23195450746942,9348.35914865,11656.413794602002,MANTIENI STATO ATTUALE,ALTO
2017-08-11,3444.98,3725.0,3416.86,3656.15,3656.15,2658.6618,1796.0739999999998,72.8225094848869,205.15395775693588,15315.75236128,11810.9205308265,ACQUISTA,ALTO
2017-08-12,3656.14,3974.0,3622.87,3874.0,3874.0,2682.3266000000003,1811.009,76.15014702236896,215.58081791715477,18972.1433559,12249.778961111999,ACQUISTA,ALTO
2017-08-13,3874.0,4200.0,3850.0,4060.47,4060.47,2712.0392000000006,1826.8313499999997,78.56897856051103,225.18218806592944,23522.1419857,13020.603804773,ACQUISTA,ALTO
2017-08-14,4060.47,4328.0,3985.01,4320.6,4320.6,2748.3389999999995,1843.8492500000002,81.40258002600144,233.59703177550588,20059.96196841,13063.8107728255,ACQUISTA,ALTO
2017-08-15,4320.53,4434.42,3807.14,4159.93,4159.93,2783.3794,1860.03575,74.82213827516178,261.7172437915412,32018.16155552,14013.767123530499,ACQUISTA,ALTO
2017-08-16,4159.93,4385.5,3928.82,4370.01,4370.01,2819.2645999999995,1877.2609,77.3952103299312,275.64315494928826,17969.62620634,14410.522080561499,ACQUISTA,ALTO
2017-08-17,4370.01,4469.0,4180.0,4280.01,4280.01,2853.8024,1894.07825,73.91038471047543,276.5972153100534,19980.89160504,14550.1043237115,ACQUISTA,ALTO
2017-08-18,4280.01,4350.0,3960.47,4101.72,4101.72,2885.2368,1909.9707,67.43287869471399,284.66384278790673,20823.05141554,15098.250282454503,ACQUISTA,ALTO
2017-08-19,4101.72,4186.1,4000.0,4157.41,4157.41,2919.2812,1925.9077000000002,68.36548523280774,277.6235683030563,10502.74082464,15200.378185286498,MANTIENI STATO ATTUALE,ALTO
2017-08-20,4157.41,4190.21,4044.52,4050.99,4050.99,2951.8284,1941.1989,64.56080021069178,268.19974199569515,8331.87235879,15043.862791191,MANTIENI STATO ATTUALE,ALTO
2017-08-21,4050.99,4089.99,3950.88,4002.0,4002.0,2981.5352000000003,1956.1670000000001,62.827396430770555,258.97904613885976,12417.65707555,15176.097171218,MANTIENI STATO ATTUALE,ALTO
2017-08-22,4002.0,4145.0,3583.46,4092.0,4092.0,3012.527,1971.537,64.70237403515753,280.5905428432269,21922.49731034,15851.108267867501,MANTIENI STATO ATTUALE,ALTO
2017-08-23,4092.0,4247.88,4058.26,4143.49,4143.49,3043.3568,1987.0767500000002,65.76625391467442,274.09264692585356,11746.0041498,16067.110602544499,MANTIENI STATO ATTUALE,ALTO
2017-08-24,4142.5,4349.99,4112.76,4312.03,4312.03,3077.2581999999993,2003.5553,69.05412408222838,271.45960071686403,10247.98420911,16193.7607890135,MANTIENI STATO ATTUALE,ALTO
2017-08-25,4312.03,4453.9,4284.01,4360.0,4360.0,3112.3614000000002,2020.2423999999999,69.93906471275469,264.204629237088,10918.77972836,15658.969744869999,MANTIENI STATO ATTUALE,ALTO
2017-08-26,4360.0,4374.39,4260.01,4344.32,4344.32,3149.2248,2036.6942,69.24204944273174,253.50287000586746,6146.47876206,15532.983643864,MANTIENI STATO ATTUALE,ALTO
2017-08-27,4344.32,4392.0,4309.87,4340.11,4340.11,3184.8048000000003,2053.11125,69.04309052202274,241.26195071973407,7041.34420177,15318.780043812501,MANTIENI STATO ATTUALE,ALTO
2017-08-28,4343.5,4396.0,4200.0,4384.99,4384.99,3222.3248,2070.065,70.03166975778761,238.02895423975306,10452.60382073,15040.709915714502,MANTIENI STATO ATTUALE,ALTO
2017-08-29,4384.99,4656.83,4350.0,4599.0,4599.0,3267.6838000000002,2088.05005,74.25381087153832,242.94331465119927,14509.95812379,15112.400508365998,MANTIENI STATO ATTUALE,ALTO
2017-08-30,4599.01,4635.21,4500.55,4581.98,4581.98,3313.1232,2105.8667,73.3685116553373,235.2087921761136,10383.4343046,15164.1542661635,MANTIENI STATO ATTUALE,ALTO
2017-08-31,4581.98,4769.03,4580.84,4743.94,4743.94,3360.3336000000004,2124.5364,76.26810233348519,231.85030702067692,13628.46777811,15079.790037005,MANTIENI STATO ATTUALE,ALTO
2017-09-01,4743.94,4948.0,4706.0,4947.99,4947.99,3412.4934000000003,2144.26225,79.32266681030649,232.57528509062857,16762.80580838,14969.323159628999,ACQUISTA,ALTO
2017-09-02,4948.0,4980.0,4500.0,4649.99,4649.99,3461.1483999999996,2162.4426,65.96847467008394,250.24847901272653,19577.18874549,14772.075497618498,ACQUISTA,ALTO
2017-09-03,4642.39,4749.99,4524.0,4626.05,4626.05,3514.3832,2180.5002,65.02143229627366,248.51573051181748,11569.36076538,14347.545437467003,MANTIENI STATO ATTUALE,ALTO
2017-09-04,4626.05,4628.05,4234.16,4498.25,4498.25,3566.1126,2197.79675,60.0641917066506,258.89960690383054,20518.88448285,13772.5815838335,ACQUISTA,ALTO
2017-09-05,4498.46,4514.95,4242.38,4432.51,4432.51,3610.0589999999997,2214.6728,57.63021060941164,259.87606355355695,17315.43019201,13739.871783117002,MANTIENI STATO ATTUALE,ALTO
2017-09-06,4432.51,4692.0,4431.0,4616.18,4616.18,3656.2196000000004,2232.4429499999997,62.23475893079056,259.9563447283029,16174.30433105,13549.5424194175,ACQUISTA,ALTO
2017-09-07,4616.18,4665.44,4475.01,4624.18,4624.18,3703.5234,2250.2644499999997,62.426295274235564,254.9901772477098,8455.04147983,12931.141922632001,MANTIENI STATO ATTUALE,ALTO
2017-09-08,4624.18,4679.99,4140.0,4350.0,4350.0,3733.0538,2266.56535,52.58310984186889,275.3473074443019,22102.7184586,13511.14080433,MANTIENI STATO ATTUALE,ALTO
2017-09-09,4350.0,4449.95,4180.0,4334.36,4334.36,3766.5919999999996,2282.5957,52.07866508999242,274.9617854839946,10073.89558667,13598.241965724,MANTIENI STATO ATTUALE,ALTO
2017-09-10,4334.36,4349.99,4139.0,4251.36,4251.36,3795.1138,2298.2089499999997,49.371766214732695,270.3923722351378,10078.69985674,13481.2941047835,MANTIENI STATO ATTUALE,ALTO
2017-09-11,4251.36,4365.0,4111.14,4210.72,4210.72,3824.2426,2313.32805,48.054697818002786,269.21148850405655,9068.25507562,12838.5819930475,MANTIENI STATO ATTUALE,ALTO
2017-09-12,4210.72,4375.37,4080.0,4164.52,4164.52,3852.2877999999996,2328.2160999999996,46.53491493417658,271.0799536109096,12373.3985777,12869.9517144425,MANTIENI STATO ATTUALE,ALTO
2017-09-13,4164.52,4174.53,3726.0,3855.32,3855.32,3878.1142,2341.7027,37.89661448376905,283.7549569244161,22842.53225552,13499.679116763,MANTIENI STATO ATTUALE,ALTO
2017-09-14,3855.61,3923.0,3230.05,3250.4,3250.4,3892.6023999999998,2352.03015,27.24210985475409,312.9831742869578,36363.92501211,14771.936380950501,VENDI,MEDIO
2017-09-15,3249.99,3894.48,2975.01,3740.02,3740.02,3914.103,2364.7512,41.56291093568833,356.3036618378894,54488.48241948,17189.0365638215,VENDI,ALTO
2017-09-16,3740.02,4042.98,3600.0,3726.51,3726.51,3932.9118,2377.4083499999997,41.32123058351495,362.4948288494687,19031.68597217,17788.5536523415,VENDI,ALTO
2017-09-17,3726.51,3841.0,3475.64,3719.97,3719.97,3953.3070000000002,2389.8582,41.1963481964625,362.6994839316495,11718.88020167,17851.8674713885,VENDI,ALTO
2017-09-18,3719.98,4130.0,3717.56,4100.0,4100.0,3980.8271999999997,2404.01235,50.548874565668335,366.2523779365317,16906.72338998,17971.705734698,MANTIENI STATO ATTUALE,ALTO
2017-09-19,4100.0,4125.22,3850.44,3910.11,3910.11,4001.8918000000003,2417.0986000000003,46.56375348158335,359.71863665535085,13781.15538642,18141.591788789,MANTIENI STATO ATTUALE,ALTO
2017-09-20,3910.11,4044.0,3850.01,3872.06,3872.06,4024.6812,2430.08905,45.78484042176405,347.88087689425436,9910.40111429,17955.688455598,VENDI,ALTO
2017-09-21,3872.07,3903.57,3571.0,3617.47,3617.47,4043.0326,2441.7815,40.85981209538527,346.78724283037906,14978.48542601,17866.472436479504,VENDI,ALTO
2017-09-22,3617.47,3767.77,3509.79,3619.01,3619.01,4059.6724,2453.4516,40.90122441662259,340.44386834249485,12649.02130076,17520.064064243,VENDI,ALTO
2017-09-23,3619.01,3818.89,3580.0,3787.33,3787.33,4078.2722000000003,2466.20145,45.40138666451884,333.1900206037452,6595.93530667,17271.3927913075,VENDI,ALTO
2017-09-24,3787.33,3789.36,3630.01,3669.01,3669.01,4086.7825999999995,2478.7954,42.92689342904048,320.7728762749063,4692.79090244,16480.088112286998,VENDI,ALTO
2017-09-25,3669.01,3969.37,3669.01,3919.78,3919.78,4100.733799999999,2492.4078,49.24126385541082,319.3148136838415,9583.73758911,16093.503482141998,VENDI,ALTO
2017-09-26,3919.98,3960.0,3854.29,3885.09,3885.09,4110.4710000000005,2506.2882,48.44282546163361,304.05732699213854,5893.22353833,15579.449442506,VENDI,ALTO
2017-09-27,3885.09,4228.39,3880.36,4200.0,4200.0,4126.022400000001,2521.34765,55.497310471081704,307.1982322069858,12072.66869574,15760.3308033015,MANTIENI STATO ATTUALE,ALTO
2017-09-28,4200.0,4269.95,4122.0,4189.42,4189.42,4142.9547999999995,2536.11685,55.22391751749684,295.82335847791535,7903.94689054,15050.3922248985,MANTIENI STATO ATTUALE,ALTO
2017-09-29,4189.42,4212.99,4015.17,4156.99,4156.99,4157.195,2550.67435,54.34026184174668,288.8231185866357,10360.83388071,15064.7391396005,MANTIENI STATO ATTUALE,ALTO
2017-09-30,4156.99,4356.28,4143.52,4339.0,4339.0,4170.852,2566.1322499999997,58.36677309665694,283.3900386875903,6235.07845604,14872.558069565499,MANTIENI STATO ATTUALE,ALTO
2017-10-01,4339.01,4396.99,4256.92,4394.81,4394.81,4181.2681999999995,2581.7913,59.54484243821409,273.1528930670481,5366.91196997,14687.490914283,MANTIENI STATO ATTUALE,ALTO
2017-10-02,4394.81,4470.0,4354.23,4392.71,4392.71,4187.913,2597.8793,59.47664482156436,261.9112578479733,8647.75799194,14501.208884995,MANTIENI STATO ATTUALE,ALTO
2017-10-03,4392.71,4419.95,4240.0,4307.99,4307.99,4187.660800000001,2614.0714,56.65739856413471,256.05688228740377,10606.10621945,13889.387583191501,MANTIENI STATO ATTUALE,ALTO
2017-10-04,4307.99,4344.0,4175.3,4214.84,4214.84,4188.759,2630.2956,53.64641193515832,249.81710498116064,6555.27096872,12398.954881022,MANTIENI STATO ATTUALE,ALTO
2017-10-05,4214.84,4365.21,4150.01,4320.04,4320.04,4187.7596,2646.79835,56.46059442490568,247.34445462536345,6482.32778439,9998.647149267501,MANTIENI STATO ATTUALE,ALTO
2017-10-06,4320.02,4407.0,4299.99,4362.99,4362.99,4189.4192,2663.3885000000005,57.5925850014045,237.3205650092661,6441.72560363,9369.1491308405,MANTIENI STATO ATTUALE,ALTO
2017-10-07,4363.0,4449.42,4320.0,4425.0,4425.0,4195.8848,2679.9414,59.240272455413006,229.61338179431854,4178.25089288,8992.117665401,MANTIENI STATO ATTUALE,ALTO
2017-10-08,4425.0,4612.0,4420.01,4603.49,4603.49,4204.8064,2697.7860000000005,63.62166976514786,226.92599738043864,7159.77178341,8504.7700850725,MANTIENI STATO ATTUALE,ALTO
2017-10-09,4603.5,4875.39,4561.0,4769.55,4769.55,4219.1776,2716.50805,67.15869088400487,233.17342613897878,14273.86832882,8529.4057321925,ACQUISTA,ALTO
2017-10-10,4769.55,4925.65,4701.53,4750.0,4750.0,4234.1376,2735.5837,66.3408992611264,232.52675284333745,13709.70806252,8719.371079604,ACQUISTA,ALTO
2017-10-11,4750.0,4869.97,4720.21,4814.99,4814.99,4248.5974,2754.8400500000002,67.74693353023932,226.61484192595623,7238.87876179,8332.390746393,MANTIENI STATO ATTUALE,ALTO
2017-10-12,4814.99,5440.92,4809.59,5440.0,5440.0,4274.5276,2777.1746499999995,77.48684282987097,255.52306750267365,20097.68845511,8704.8241041105,ACQUISTA,ALTO
2017-10-13,5440.0,5867.0,5390.0,5624.8,5624.8,4300.782999999999,2800.0882500000002,79.46175138842379,271.34284839533984,26597.9752588,9704.926101717,ACQUISTA,ALTO
2017-10-14,5624.87,5839.8,5567.86,5819.13,5819.13,4329.9656,2823.9569,81.31769047757408,271.385502081387,8999.20367594,9920.246740392,MANTIENI STATO ATTUALE,ALTO
2017-10-15,5819.13,5849.83,5455.5,5693.7,5693.7,4356.9532,2847.2090499999995,76.51178836944206,280.1672519327165,11817.32828781,10031.926275327,ACQUISTA,ALTO
2017-10-16,5693.7,5785.3,5575.55,5754.9,5754.9,4385.249,2870.77185,77.21923371954625,275.13744822323673,8820.66040004,10178.298118412498,MANTIENI STATO ATTUALE,ALTO
2017-10-17,5754.9,5769.99,5525.0,5594.0,5594.0,4409.4292,2893.2969,71.15163134831054,272.9840590644341,9121.4068495,10030.7350261005,MANTIENI STATO ATTUALE,ALTO
2017-10-18,5593.97,5600.0,5102.0,5574.44,5574.44,4428.938,2915.7091000000005,70.42714666555763,289.0566262741174,17620.49150442,10516.5622567945,ACQUISTA,ALTO
2017-10-19,5574.02,5750.0,5529.44,5704.01,5704.01,4451.3786,2938.6592000000005,72.42979473887115,284.16401011168045,8908.55652227,10443.948388872499,MANTIENI STATO ATTUALE,ALTO
2017-10-20,5704.0,6063.99,5630.0,5989.1,5989.1,4476.2818,2962.8417000000004,76.24205459803834,294.8658665322747,16708.981564,10967.6435442705,ACQUISTA,ALTO
2017-10-21,5989.1,6189.1,5868.26,6024.86,6024.86,4497.8192,2987.2460499999997,76.67768124073201,296.7211617799694,14614.73525277,11430.0347084105,ACQUISTA,ALTO
2017-10-22,6024.85,6082.3,5755.95,6005.05,6005.05,4524.9204,3011.6063499999996,75.84798097990637,298.8375073671145,10770.42951293,11536.16828446,MANTIENI STATO ATTUALE,ALTO
2017-10-23,6005.05,6057.02,5650.98,5905.99,5905.99,4550.5192,3035.1748000000002,71.67162019606926,306.4948282694635,16446.78333056,11828.202140015499,ACQUISTA,ALTO
2017-10-24,5906.0,5906.0,5462.19,5525.43,5525.43,4571.0628,3056.8319500000002,58.373775263150726,316.3030548216447,18281.54006372,12414.5155947655,MANTIENI STATO ATTUALE,ALTO
2017-10-25,5525.43,5765.0,5376.71,5739.97,5739.97,4597.212,3079.6093,62.58797468276523,321.44497947724153,14136.58125946,12797.228268519,ACQUISTA,ALTO
2017-10-26,5739.97,6000.0,5701.0,5891.61,5891.61,4622.7206,3103.0125,65.26473140859537,319.84176665743854,11850.82718824,13067.6833477495,MANTIENI STATO ATTUALE,ALTO
2017-10-27,5891.61,5998.0,5708.8,5780.0,5780.0,4645.837,3125.8625,61.762105226158305,317.6530690390501,9337.84412481,13325.663009346,MANTIENI STATO ATTUALE,ALTO
2017-10-28,5780.0,5894.0,5715.0,5752.01,5752.01,4673.8772,3148.5025999999993,60.879691707513174,307.74927839340364,5453.79798889,13240.364319620003,MANTIENI STATO ATTUALE,ALTO
2017-10-29,5752.01,6298.99,5728.0,6140.01,6140.01,4709.9902,3173.1318,67.75674579041757,326.5521870795891,12509.85515088,13152.163660723,MANTIENI STATO ATTUALE,ALTO
2017-10-30,6140.01,6200.0,6028.0,6124.16,6124.16,4747.4462,3197.86735,67.23676273614552,315.5127451453327,8341.53244599,12883.7548798965,MANTIENI STATO ATTUALE,ALTO
2017-10-31,6124.16,6472.13,6095.96,6445.01,6445.01,4792.1320000000005,3224.2237,71.93244492026442,319.84540620638035,15024.49558504,13273.035721058997,ACQUISTA,ALTO
2017-11-01,6445.01,6784.0,6363.59,6783.69,6783.69,4844.5154,3252.2479,75.86466183641392,327.0285914773532,20571.58188569,13296.730392588,ACQUISTA,ALTO
2017-11-02,6783.69,7445.0,6759.0,7039.98,7039.98,4908.2086,3281.55785,78.33787083523252,352.66940637182796,35889.38819701,13761.3010394985,ACQUISTA,ALTO
2017-11-03,7039.99,7449.99,6955.89,7170.01,7170.01,4986.6008,3311.4583499999994,79.48640969136373,362.77159163098304,24759.33130603,14549.307421002999,ACQUISTA,ALTO
2017-11-04,7170.01,7498.0,7011.1,7412.55,7412.55,5060.0514,3342.5114000000003,81.46091103613253,371.63790651448426,13668.92328073,14641.887170648999,MANTIENI STATO ATTUALE,ALTO
2017-11-05,7412.35,7630.0,7310.0,7392.0,7392.0,5133.3612,3373.40035,80.75169177419123,367.9494846205925,16504.95764862,15026.102033078001,ACQUISTA,ALTO
2017-11-06,7391.95,7432.49,6900.73,6969.76,6969.76,5198.357,3402.0684,67.70792577978963,379.6502357191216,24287.52091386,15784.407736296,ACQUISTA,ALTO
2017-11-07,6969.76,7232.84,6968.49,7126.63,7126.63,5258.8895999999995,3431.4516,69.66819123014213,371.4145045963272,14505.79432211,15628.672877180497,MANTIENI STATO ATTUALE,ALTO
2017-11-08,7128.99,7898.0,7031.66,7467.96,7467.96,5330.046599999999,3462.5563999999995,73.4454530387122,406.76632569658955,38184.63758966,17092.47693055,ACQUISTA,ALTO
2017-11-09,7467.97,7470.01,7079.0,7156.0,7156.0,5395.725399999999,3492.0764999999997,65.42610637036368,405.6408738611189,18059.36167926,17159.995936313,ACQUISTA,ALTO
2017-11-10,7156.0,7350.0,6426.0,6577.62,6577.62,5454.928400000001,3518.67815,53.71564717552917,442.66652572818185,34072.93239507,18132.905793428,MANTIENI STATO ATTUALE,ALTO
2017-11-11,6577.63,6894.99,6201.01,6346.7,6346.7,5509.4821999999995,3544.00585,49.877181026966305,460.6174881761689,25651.2940802,18876.9490217915,MANTIENI STATO ATTUALE,ALTO
2017-11-12,6346.64,6486.0,5511.11,5886.35,5886.35,5551.4626,3566.9453999999996,43.243043941574214,497.35123902072826,52487.43253081,20678.981481804,MANTIENI STATO ATTUALE,ALTO
2017-11-13,5886.35,6841.45,5850.0,6535.87,6535.87,5608.7998,3592.87845,52.785259313219065,532.6440076621047,36435.45627543,21586.6772923895,MANTIENI STATO ATTUALE,ALTO
2017-11-14,6535.87,6748.0,6450.0,6605.0,6605.0,5662.5042,3619.1367499999997,53.67790079105169,515.8837214005258,20256.43299376,21892.6698791045,MANTIENI STATO ATTUALE,ALTO
2017-11-15,6605.0,7349.0,6605.0,7294.0,7294.0,5730.6824,3648.7796000000003,61.49213229991583,532.1777413004883,27878.77629558,22694.0673344715,MANTIENI STATO ATTUALE,ALTO
2017-11-16,7294.0,7985.37,7130.0,7838.53,7838.53,5803.4529999999995,3681.0495,66.32682993337988,555.2629026361677,29352.77615064,23694.813935763,ACQUISTA,ALTO
2017-11-17,7838.54,7988.5,7536.0,7714.71,7714.71,5873.9588,3712.44055,64.34844155660721,547.9226953050129,25045.6530014,24674.406686388502,ACQUISTA,ALTO
2017-11-18,7714.7,7847.98,7502.0,7777.01,7777.01,5946.359200000001,3743.96565,64.91548935006391,533.4982170689406,14707.53684425,24784.290771057,MANTIENI STATO ATTUALE,ALTO
2017-11-19,7777.01,8098.62,7700.0,8031.82,8031.82,6020.2156,3776.45975,67.21249775204669,523.8640587068734,14765.96963561,25105.512630538,MANTIENI STATO ATTUALE,ALTO
2017-11-20,8031.83,8293.25,7969.0,8256.01,8256.01,6097.439600000001,3809.92285,69.12764168472401,509.60591165638243,15693.26060594,25138.950881582998,MANTIENI STATO ATTUALE,ALTO
2017-11-21,8256.01,8375.0,7802.99,8109.0,8109.0,6171.7654,3842.71135,66.38918578192244,514.0633465380695,31256.2619911,25673.184886853498,ACQUISTA,ALTO
2017-11-22,8109.0,8298.98,8103.13,8250.0,8250.0,6250.605600000001,3876.0344,67.71040103968085,491.3338217853502,13690.8317595,24563.257064978003,MANTIENI STATO ATTUALE,ALTO
2017-11-23,8250.0,8274.98,8031.16,8031.16,8031.16,6326.932,3908.14235,63.535887043264744,473.6542630863966,11919.91670069,23921.286334711003,MANTIENI STATO ATTUALE,ALTO
2017-11-24,8031.16,8324.0,7900.0,8215.01,8215.01,6404.8314,3940.6524,65.46236793403457,470.10753000879686,14748.71323788,23975.2758325685,MANTIENI STATO ATTUALE,ALTO
2017-11-25,8215.01,8795.5,8203.98,8795.5,8795.5,6493.4816,3976.02775,70.72200909737259,478.7798492938829,16482.32785846,23974.1443430605,MANTIENI STATO ATTUALE,ALTO
2017-11-26,8795.5,9596.0,8795.5,9401.11,9401.11,6593.0038,4014.0583500000002,74.99955160115992,501.75986005860557,28641.69759252,24191.8531769935,ACQUISTA,ALTO
2017-11-27,9401.11,9795.0,9401.0,9768.71,9768.71,6696.3082,4053.7122499999996,77.17903797766085,494.0627271972766,25683.3262464,24750.729773208,ACQUISTA,ALTO
2017-11-28,9768.71,9989.95,9705.99,9949.0,9949.0,6799.897200000001,4094.9791999999998,78.18358565372557,479.05538954032835,18960.42673846,23789.519230648002,MANTIENI STATO ATTUALE,ALTO
2017-11-29,9949.0,11485.0,8595.55,9935.98,9935.98,6903.616800000001,4135.69545,77.91684329741747,651.2264331445907,70224.99702034,26397.800997701997,ACQUISTA,ALTO
2017-11-30,9920.81,10850.0,9135.6,9903.0,9903.0,7005.3769999999995,4176.2105,77.19837287135574,727.1674022056914,42536.31363519,26820.970059708,ACQUISTA,ALTO
2017-12-01,9903.01,10937.0,9517.0,10869.84,10869.84,7113.9738,4221.82065,82.3395993956447,776.6554449052849,33257.5736678,27201.284039088,ACQUISTA,ALTO
2017-12-02,10869.85,11100.0,10701.0,10930.24,10930.24,7220.0826,4267.58445,82.60349366054254,749.6800559834788,20197.01810153,25586.763317623998,MANTIENI STATO ATTUALE,ALTO
2017-12-03,10930.24,11891.0,10601.0,11290.0,11290.0,7329.5,4314.9683,84.12509587486173,788.2743376989446,31415.80537618,25335.7807726615,ACQUISTA,ALTO
2017-12-04,11290.0,11650.0,10950.0,11643.98,11643.98,7448.5055999999995,4363.6924,85.47159922217762,781.9690278633057,20180.88652913,25332.003449429998,MANTIENI STATO ATTUALE,ALTO
2017-12-05,11643.99,11875.0,11532.0,11718.35,11718.35,7567.7746,4412.403,85.74516530487598,750.614097301641,17711.49076161,24823.6391727315,MANTIENI STATO ATTUALE,ALTO
2017-12-06,11718.34,14425.0,11717.5,14090.0,14090.0,7737.6946,4472.5584499999995,91.34322925912555,890.3916617800952,51358.74592889,25923.937661644,ACQUISTA,ALTO
2017-12-07,14090.0,19697.0,13500.0,17390.01,17390.01,7974.005999999999,4549.2235,94.55024917822399,1269.4351145100884,84528.1023714,28898.060130143997,ACQUISTA,ALTO
2017-12-08,17390.01,17777.69,13788.99,16367.03,16367.03,8187.2664,4620.4421999999995,84.1437602236288,1463.6683206165108,68522.70363443,31588.818469653004,ACQUISTA,ALTO
2017-12-09,16367.03,16499.0,13550.0,15309.98,15309.98,8373.684000000001,4685.62835,74.96256806753097,1569.7634405724743,41170.50758947,32909.04536734601,ACQUISTA,ALTO
2017-12-10,15309.99,16300.0,13501.0,15290.01,15290.01,8558.987,4749.91355,74.79652307275595,1657.5660519601547,52882.81594883,34768.523134490504,ACQUISTA,ALTO
2017-12-11,15290.01,17493.0,15200.0,16885.76,16885.76,8776.6012,4822.56735,78.83151430820459,1702.954191105858,41169.69239233,35264.194654552,ACQUISTA,ALTO
2017-12-12,16885.76,18149.99,16375.0,17730.12,17730.12,9013.0838,4899.85445,80.60123116387253,1708.0996060268683,38219.40739552,36490.623436353,ACQUISTA,ALTO
2017-12-13,17730.12,17900.0,15700.0,16689.61,16689.61,9236.3674,4972.80255,72.55179520552959,1743.2353484535206,31867.18168864,37487.9866857505,MANTIENI STATO ATTUALE,ALTO
2017-12-14,16689.62,17199.6,16256.0,16749.78,16749.78,9456.5636,5045.38755,72.72144897292362,1686.1185378496975,16329.87585067,37567.04481639,MANTIENI STATO ATTUALE,ALTO
2017-12-15,16749.79,17899.0,16745.0,17738.67,17738.67,9693.5048,5122.6835,75.41135337361982,1648.1100708604333,28605.3275268,38173.194799807,MANTIENI STATO ATTUALE,ALTO
2017-12-16,17738.68,19797.0,17630.0,19650.01,19650.01,9970.905,5209.97565,79.59877298690247,1685.1736372275452,24853.68358079,37983.7940992205,MANTIENI STATO ATTUALE,ALTO
2017-12-17,19650.02,19891.99,19010.0,19378.99,19378.99,10243.444599999999,5295.35415,77.58125808630041,1627.803377425578,21476.23509637,37773.439541718995,MANTIENI STATO ATTUALE,ALTO
2017-12-18,19378.99,19385.0,18200.0,19039.01,19039.01,10501.4246,5378.449250000001,75.01274291132665,1596.1745647523223,26385.52352887,38144.694381239504,MANTIENI STATO ATTUALE,ALTO
2017-12-19,19039.01,19099.0,16800.0,17838.73,17838.73,10735.715999999999,5455.247950000001,66.62617818267074,1646.376381555728,32148.34752127,36240.861906285994,MANTIENI STATO ATTUALE,ALTO
2017-12-20,17838.73,17890.0,14001.0,16496.89,16496.89,10936.753599999998,5524.99215,58.722063816066445,1806.5637828731758,47992.44424371,36513.668436711996,MANTIENI STATO ATTUALE,ALTO
2017-12-21,16496.9,17364.57,15151.0,15758.8,15758.8,11116.2558,5591.179349999999,54.86632625680617,1835.6356555250918,28740.89368429,36287.8344375365,MANTIENI STATO ATTUALE,ALTO
2017-12-22,15758.8,15974.95,10400.0,14210.57,14210.57,11259.667599999997,5648.7422,47.77940321379416,2102.7295372732997,103039.93421339,40429.980243129496,MANTIENI STATO ATTUALE,ALTO
2017-12-23,14229.47,16261.0,13750.0,15075.89,15075.89,11417.7852,5709.7652,51.54646906689186,2131.8917131823496,30795.88799527,40398.984374084,MANTIENI STATO ATTUALE,ALTO
2017-12-24,15075.89,15109.27,13210.0,14221.94,14221.94,11553.973,5767.4466999999995,47.87601525881472,2115.2758765264675,24834.83362307,40631.681728781,MANTIENI STATO ATTUALE,ALTO
2017-12-25,14221.93,14774.0,13450.0,14171.98,14171.98,11689.5726,5824.307949999999,47.66218485388596,2058.7561710602913,15425.35357187,40517.374869294,MANTIENI STATO ATTUALE,ALTO
2017-12-26,14171.99,16148.0,14171.98,15790.88,15790.88,11865.995,5889.205400000001,54.71957649194708,2052.846444555985,22462.7056247,39072.5728540845,MANTIENI STATO ATTUALE,ALTO
2017-12-27,15790.88,16490.0,14524.37,15367.08,15367.08,12030.803999999998,5951.38505,52.715596561234776,2046.6166985162715,24957.62817381,36094.049144205004,MANTIENI STATO ATTUALE,ALTO
2017-12-28,15360.01,15489.0,13500.0,14450.01,14450.01,12170.445,6008.6402,48.57037002083349,2042.5012200508236,31273.57825037,34231.592875001996,MANTIENI STATO ATTUALE,ALTO
2017-12-29,14450.01,15105.34,14041.81,14565.05,14565.05,12318.626,6068.1869,49.11095566631535,1972.5747043329077,18476.05198941,33096.870094999,MANTIENI STATO ATTUALE,ALTO
2017-12-30,14565.04,14639.79,12500.0,12839.99,12839.99,12443.8734,6118.841799999999,41.984408496655824,1984.5186540234145,28787.73764058,31892.116179586497,MANTIENI STATO ATTUALE,ALTO
2017-12-31,12839.98,14280.26,12633.8,13863.13,13863.13,12594.202,6175.9964,46.90554579281926,1960.3716073074565,18604.28576752,30763.845848346,MANTIENI STATO ATTUALE,ALTO
2018-01-01,13863.14,13889.0,12952.5,13480.01,13480.01,12746.0752,6231.34655,45.35415130065128,1887.2379210712097,12295.00653579,29467.6258053595,MANTIENI STATO ATTUALE,ALTO
2018-01-02,13480.0,15275.0,13005.0,14781.51,14781.51,12910.988000000001,6292.85195,51.25266946843484,1914.5780695661233,26387.93493436,29193.6634676455,MANTIENI STATO ATTUALE,ALTO
2018-01-03,14781.52,15400.0,14628.0,15098.14,15098.14,13080.850799999998,6355.167949999999,52.5933268295343,1832.9653503114002,17877.49528646,29271.044439434998,MANTIENI STATO ATTUALE,ALTO
2018-01-04,15098.23,15400.0,14230.0,15144.99,15144.99,13237.8706,6418.316649999999,52.80017399518146,1785.6106824320148,20010.43634249,28841.2998802195,MANTIENI STATO ATTUALE,ALTO
2018-01-05,15145.0,17178.0,14819.78,16960.01,16960.01,13420.300199999998,6490.131799999999,60.06917715892826,1826.511347972585,22917.78066891,28744.504734625498,MANTIENI STATO ATTUALE,ALTO
2018-01-06,16960.01,17174.0,16251.01,17098.99,17098.99,13607.9858,6562.0013500000005,60.569923353146486,1761.9741088316862,14104.21391996,28375.903675805002,MANTIENI STATO ATTUALE,ALTO
2018-01-07,17099.0,17115.01,15755.01,16174.22,16174.22,13775.93,6629.655699999999,55.575779276210085,1733.2616724865657,12341.08084887,27673.681541805,MANTIENI STATO ATTUALE,ALTO
2018-01-08,16174.22,16275.0,14000.0,14993.74,14993.74,13915.1684,6691.22445,49.917709759281145,1771.957267308954,23151.96462195,27223.862396839,MANTIENI STATO ATTUALE,ALTO
2018-01-09,14993.73,15384.0,14230.0,14480.99,14480.99,14039.668,6750.1756,47.64855472468181,1727.8174625011716,15384.62464501,25593.471416904,MANTIENI STATO ATTUALE,ALTO
2018-01-10,14481.0,14875.18,13550.01,14875.18,14875.18,14174.9916,6811.677299999999,49.54734989193976,1699.0569294653737,22664.54513634,25289.6539895065,MANTIENI STATO ATTUALE,ALTO
2018-01-11,14875.17,14970.0,12800.01,13308.06,13308.06,14276.1528,6865.689550000001,42.88753894162124,1732.6950059321327,28889.12130985,21582.1133443295,MANTIENI STATO ATTUALE,ALTO
2018-01-12,13308.06,14080.83,12900.0,13820.0,13820.0,14391.9296,6922.75,45.46628200529473,1693.2760769369804,14816.77240977,20783.1575650545,VENDI,ALTO
2018-01-13,13820.0,14500.0,13792.25,14187.95,14187.95,14511.388399999998,6980.811,47.30780814898069,1622.8813571557675,10491.10485473,20065.9711266375,VENDI,ALTO
2018-01-14,14187.94,14332.85,13110.0,13656.23,13656.23,14608.603000000001,7036.326550000001,44.94580322257692,1594.3076887874984,10783.39313813,19833.8731049505,VENDI,ALTO
2018-01-15,13656.23,14253.0,13416.0,13590.0,13590.0,14692.3808,7091.62655,44.6467870861092,1540.214282445534,10511.84043108,19236.329845269498,VENDI,ALTO
2018-01-16,13590.0,13643.66,9928.62,11570.01,11570.01,14728.406799999999,7137.200650000001,36.640275174534,1695.5589765565674,62207.83296297,21098.840084727497,VENDI,ALTO
2018-01-17,11570.01,12358.89,9005.0,11200.01,11200.01,14753.427,7181.08255,35.38842719677312,1814.0111925168126,63957.23278928,22733.022811673,VENDI,ALTO
2018-01-18,11204.64,12123.1,10687.21,11305.53,11305.53,14780.817999999997,7225.026900000001,36.059373087508796,1787.002535908469,30134.64772622,23315.9525985135,VENDI,ALTO
2018-01-19,11305.53,11973.99,11050.0,11498.99,11498.99,14812.737799999997,7269.8098,37.34401135758678,1725.3587833435784,15959.30876174,22674.5311545715,VENDI,ALTO
2018-01-20,11499.0,12985.55,11498.99,12762.8,12762.8,14850.597,7320.613799999999,45.103356101237374,1708.3017273904657,18749.95639326,22681.814685858502,VENDI,ALTO
2018-01-21,12762.8,12762.8,11118.0,11518.17,11518.17,14862.355599999999,7365.11985,39.86710652690615,1703.7658897197182,16426.17776825,22888.373247481497,VENDI,ALTO
2018-01-22,11518.17,11849.0,10025.0,10766.7,10766.7,14851.8896,7405.92915,37.06891510270996,1712.354040454024,24352.57045749,22786.605023638,VENDI,ALTO
2018-01-23,10766.7,11370.0,9945.0,10824.94,10824.94,14835.5088,7447.548099999999,37.435424915021876,1691.8287518501652,21897.02947424,22987.581733027,VENDI,ALTO
2018-01-24,10824.95,11450.0,10450.0,11356.79,11356.79,14828.2776,7491.5265,40.82474810666,1642.4124124322962,15159.74617502,22745.0472246535,VENDI,ALTO
2018-01-25,11356.8,11690.0,10851.0,11118.0,11118.0,14768.8376,7534.571550000001,39.782693861740135,1585.025811544275,13803.3994887,22289.328165642997,VENDI,ALTO
2018-01-26,11118.0,11570.0,10305.0,11086.89,11086.89,14642.7752,7578.35075,39.64073025692307,1562.1668250053983,19343.28195401,22551.281567345497,VENDI,ALTO
2018-01-27,11086.88,11494.08,10850.0,11319.0,11319.0,14541.8146,7623.395700000001,41.32312661289186,1496.5891946478698,12301.187315,22549.286890651998,VENDI,ALTO
2018-01-28,11319.0,11697.24,11234.38,11536.0,11536.0,14466.335,7669.158600000001,42.9248300989189,1422.751395030165,13684.87204513,22075.932261810998,VENDI,ALTO
2018-01-29,11536.0,11570.0,10840.0,11123.01,11123.01,14382.995,7713.07365,40.6505395020734,1373.2691525280104,11166.05984506,21865.0040218135,VENDI,ALTO
2018-01-30,11123.01,11150.0,9711.11,9995.0,9995.0,14245.1798,7751.96245,35.16951386587533,1377.9563559188668,27589.87336945,22111.270433469,VENDI,MEDIO
2018-01-31,9995.0,10299.95,9601.02,10099.99,10099.99,14092.5772,7792.64085,36.03401247318431,1329.4544733532337,19533.73809729,21643.501272841,VENDI,MEDIO
2018-02-01,10099.99,10166.25,8400.0,9014.23,9014.23,13939.069599999999,7828.1531,31.374575291173315,1360.6541538280026,38171.97003425,22811.261154065003,VENDI,BASSO
2018-02-02,9014.22,9090.08,7540.0,8787.52,8787.52,13779.8244,7860.914750000001,30.488087932081342,1374.1845714117167,52039.26807721,24888.669315189,VENDI,BASSO
2018-02-03,8787.52,9499.0,8115.48,9240.0,9240.0,13609.851,7895.573999999999,34.467896600159136,1374.8513877394512,23700.98508963,25534.548912764,VENDI,BASSO
2018-02-04,9227.8,9350.0,7859.0,8167.91,8167.91,13380.209,7925.1186,30.074345480497897,1383.1477171866334,24062.18195663,26212.0659890415,VENDI,BASSO
2018-02-05,8167.9,8349.16,6425.75,6905.19,6905.19,13130.733,7945.27715,25.888623659631392,1421.737880244731,59578.69822102,26080.609251944,VENDI,ALTO
2018-02-06,6905.2,7948.89,5873.0,7688.46,7688.46,12903.722,7970.432199999999,32.19294281758246,1468.4630316558216,91895.11062729,27477.503143844497,VENDI,ALTO
2018-02-07,7688.47,8650.0,7212.82,7575.75,7575.75,12698.4624,7994.1846,31.77408939756036,1466.2285293946916,50916.57889564,28516.5997023155,VENDI,ALTO
2018-02-08,7575.76,8625.0,7550.0,8218.1,8218.1,12532.886600000002,8021.5037,36.819305199627266,1438.283634437928,31649.57658512,29301.113093484502,VENDI,BASSO
2018-02-09,8218.07,8700.0,7750.0,8671.01,8671.01,12391.1308,8051.04745,40.178334346798884,1403.406231978076,27558.51614051,29741.541080846997,VENDI,BASSO
2018-02-10,8671.0,9090.0,8155.0,8547.49,8547.49,12277.869200000001,8080.9649,39.560599227171096,1369.948643979642,24910.69248868,30165.766816868498,VENDI,BASSO
2018-02-11,8547.48,8547.49,7851.0,8072.99,8072.99,12137.811200000002,8108.6999,37.19480858616549,1321.8444551239531,16804.11338411,29788.343963199506,VENDI,ALTO
2018-02-12,8073.0,8950.0,8072.99,8872.28,8872.28,12030.817999999997,8139.73635,43.34137176322178,1290.0705654722424,19718.28616707,29679.406797841,VENDI,BASSO
2018-02-13,8872.27,8925.0,8393.1,8520.01,8520.01,11917.778599999998,8168.40605,41.41749775661566,1235.9155250813678,13952.55754805,29619.0473664925,VENDI,BASSO
2018-02-14,8520.01,9482.5,8520.0,9472.98,9472.98,11791.420600000001,8202.2699,48.12581392101875,1216.385844718413,24374.64430846,30147.609607480503,VENDI,BASSO
2018-02-15,9472.98,10249.81,9342.46,10031.23,10031.23,11684.7036,8238.8061,51.620747638917116,1194.311855809955,32372.79739747,30799.0853796535,VENDI,MEDIO
2018-02-16,10031.23,10307.68,9729.58,10167.49,10167.49,11599.0532,8275.35915,52.462621856609296,1150.2967232521012,17843.54690778,31076.2033592925,VENDI,MEDIO
2018-02-17,10167.49,11149.0,10057.0,11121.5,11121.5,11530.1822,8317.3037,57.97641401990236,1146.1326715912369,20781.56168216,31431.037841144,VENDI,MEDIO
2018-02-18,11121.5,11299.1,10159.0,10380.04,10380.04,11480.983199999999,8355.7044,52.84606076757595,1145.7017664775772,26975.93580105,32221.531638943503,VENDI,MEDIO
2018-02-19,10380.03,11274.11,10297.39,11140.0,11140.0,11426.5206,8397.4693,57.04198657123608,1133.6316403006076,17634.43505308,31723.759723125004,VENDI,MEDIO
2018-02-20,11140.0,11775.0,11000.0,11235.57,11235.57,11381.6318,8439.36045,57.55351187257071,1108.01509456485,28425.12094891,32168.328865706,VENDI,MEDIO
2018-02-21,11235.57,11279.99,10250.0,10454.27,10454.27,11295.087,8475.41435,52.09243248793282,1102.4418735245035,30042.03089218,31761.8319086025,VENDI,MEDIO
2018-02-22,10453.83,10900.0,9715.27,9830.0,9830.0,11189.724200000002,8508.453249999999,48.16024118965721,1108.319596844182,28095.90851163,30564.6639303235,VENDI,BASSO
2018-02-23,9830.0,10390.77,9576.43,10144.99,10144.99,11089.724199999999,8542.18705,50.20279701477877,1087.3210542124546,20779.94318193,30418.6118349385,VENDI,BASSO
2018-02-24,10144.99,10494.14,9372.72,9688.62,9688.62,10944.296400000001,8573.518,47.295207444958535,1089.7566931972792,19729.38570667,30201.9720224405,VENDI,BASSO
2018-02-25,9688.61,9850.0,9324.75,9597.99,9597.99,10794.276399999999,8604.79395,46.716557921240614,1049.4347865403308,11707.16167099,27808.395194939,VENDI,BASSO
2018-02-26,9600.0,10447.74,9404.0,10300.0,10300.0,10676.792,8639.06905,51.65104028854495,1049.0280160731643,19118.9938219,24169.5893546695,VENDI,BASSO
2018-02-27,10300.0,10845.07,10133.33,10566.57,10566.57,10588.248599999999,8673.621149999999,53.41523256968978,1024.936014925081,18240.52935154,22535.786877464503,VENDI,MEDIO
2018-02-28,10556.3,11044.0,10263.0,10307.27,10307.27,10504.7742,8705.7875,51.44866522380817,1007.5120138590039,19688.06956326,21937.711526371502,VENDI,BASSO
2018-03-01,10307.26,11075.0,10213.99,10895.92,10895.92,10425.189,8739.96475,55.45783406472434,997.0475842976465,15390.55106388,21329.31327254,MANTIENI STATO ATTUALE,MEDIO
2018-03-02,10895.93,11149.0,10765.0,11000.0,11000.0,10379.0278,8773.36175,56.1473492592853,953.2584711335289,13838.03908182,20775.680602197,MANTIENI STATO ATTUALE,MEDIO
2018-03-03,11000.01,11494.57,11000.0,11432.5,11432.5,10331.2778,8809.7246,58.9884229044203,920.4950089097055,13198.55336472,20595.4026012275,MANTIENI STATO ATTUALE,MEDIO
2018-03-04,11432.51,11487.0,11041.0,11469.9,11469.9,10276.916799999999,8845.224049999999,59.234375221257615,886.602508273298,8635.84247054,20041.280416401,MANTIENI STATO ATTUALE,MEDIO
2018-03-05,11469.9,11645.74,11339.0,11377.54,11377.54,10231.343,8880.7117,58.30446026583321,845.1837576823481,11051.44857722,19896.224967859504,MANTIENI STATO ATTUALE,MEDIO
2018-03-06,11371.5,11395.63,10565.85,10700.0,10700.0,10173.543,8913.703099999999,51.871196142983685,844.0834892764659,18565.88802786,19605.7871538295,MANTIENI STATO ATTUALE,MEDIO
2018-03-07,10700.0,10894.0,9400.0,9925.0,9925.0,10140.6428,8942.54105,45.66450917077457,890.5060971852897,32486.56622749,19611.475595330503,MANTIENI STATO ATTUALE,BASSO
2018-03-08,9925.0,10098.0,9050.0,9304.89,9304.89,10102.7404,8968.81055,41.39628996219798,901.7556616720548,23426.7950493,19890.638002406497,VENDI,BASSO
2018-03-09,9304.9,9410.0,8370.0,9255.0,9255.0,10061.729800000001,8995.075550000001,41.06374078002164,911.6302572669081,42041.35761821,20953.627799209,VENDI,BASSO
2018-03-10,9255.0,9518.77,8720.08,8795.44,8795.44,10007.6588,9018.59275,38.03287295921438,903.5630960335575,17254.85640436,20467.5738293745,VENDI,ALTO
2018-03-11,8795.45,9760.0,8516.0,9533.88,9533.88,9943.080399999999,9045.5447,45.051067794433436,927.8800177454463,21816.15454135,20676.659803788,VENDI,BASSO
2018-03-12,9533.88,9890.0,8780.49,9120.0,9120.0,9895.117,9069.58455,42.16839691851564,940.8535879064858,21281.59414403,20319.483463544,VENDI,BASSO
2018-03-13,9120.0,9472.88,8855.0,9145.41,9145.41,9862.6912,9093.5116,42.412030218349905,917.7840459131653,17207.40199682,19677.752018776002,VENDI,BASSO
2018-03-14,9145.42,9340.0,7931.0,8207.02,8207.02,9810.3328,9112.8251,36.32578058757241,952.8708997765107,28010.58833814,19673.4860101015,VENDI,ALTO
2018-03-15,8207.02,8400.0,7666.0,8259.99,8259.99,9748.3968,9132.424500000001,36.87644050431279,937.2372640781886,28014.23390561,20035.200546285498,VENDI,ALTO
2018-03-16,8260.0,8600.0,7911.0,8275.0,8275.0,9691.5368,9151.87455,37.0425911690224,919.5060309297465,16967.92912777,19897.1277173405,VENDI,ALTO
2018-03-17,8274.09,8349.82,7751.0,7857.6,7857.6,9626.951,9168.16755,34.33603420841483,896.5998858633361,13639.73308518,19993.756288049997,VENDI,ALTO
2018-03-18,7857.59,8302.73,7310.0,8192.0,8192.0,9564.411,9186.21765,38.229998227128014,903.4663225873836,30536.54458381,20564.633826145502,VENDI,ALTO
2018-03-19,8192.0,8757.5,8108.31,8589.0,8589.0,9505.471,9205.442949999999,42.583236654719514,885.3037281168562,25598.67320803,20932.541018969998,VENDI,ALTO
2018-03-20,8589.0,9046.26,8316.15,8900.0,8900.0,9461.0108,9225.203,45.805385072013564,874.2184618227951,20469.34145312,20971.604613463,VENDI,ALTO
2018-03-21,8900.0,9174.0,8745.0,8891.81,8891.81,9438.947,9246.4121,45.73260023317452,842.4171431211669,16007.11697609,21002.4329090735,VENDI,ALTO
2018-03-22,8891.81,9073.93,8467.27,8715.09,8715.09,9411.249,9266.8573,44.10409273203467,825.5773471839407,14990.23803367,21060.042856666,VENDI,ALTO
2018-03-23,8715.09,8927.81,8280.04,8927.1,8927.1,9409.5064,9289.001549999999,46.562562213135415,812.8768223850877,15266.82554983,21163.456465921503,VENDI,ALTO
2018-03-24,8927.8,8999.0,8508.0,8531.34,8531.34,9404.3828,9309.4957,42.780002025684034,789.8856207861529,11863.31062337,21324.829873563,VENDI,ALTO
2018-03-25,8531.96,8670.0,8359.45,8453.0,8453.0,9388.6428,9328.6798,42.051770269802795,755.6473621585706,9048.85236081,21224.700062742497,VENDI,ALTO
2018-03-26,8453.0,8498.0,7854.0,8145.0,8145.0,9388.1846,9346.2839,39.22467770197785,747.6725505758155,19389.85130451,21265.898226575002,VENDI,ALTO
2018-03-27,8144.99,8219.99,7757.0,7793.61,7793.61,9405.953000000001,9363.50195,36.23192698797726,727.3380826775431,14987.73034205,20390.956432303,VENDI,ALTO
2018-03-28,7793.61,8088.0,7727.76,7942.72,7942.72,9411.038199999999,9381.54375,38.38041045457698,701.1167910577185,10966.69757001,19767.9515583385,VENDI,ALTO
2018-03-29,7942.73,7957.0,6905.0,7080.0,7080.0,9401.1232,9395.686950000001,31.72115729535416,726.1798774107386,27812.00561903,19056.4839583795,VENDI,ALTO
2018-03-30,7080.0,7275.35,6600.0,6848.01,6848.01,9373.7214,9408.8734,30.2035547310103,722.5491718814002,29312.749662,19659.3786212615,VENDI,ALTO
2018-03-31,6848.01,7200.0,6780.0,6928.5,6928.5,9338.8712,9422.6933,31.42931311938102,700.9385167470144,14951.4968471,19316.145736549,VENDI,ALTO
2018-04-01,6928.5,7044.46,6450.0,6816.01,6816.01,9304.241600000001,9437.49675,30.619969411561428,693.332908407942,15434.52280833,19023.792169764,VENDI,ALTO
2018-04-02,6816.01,7100.0,6777.28,7045.01,7045.01,9283.682,9456.4698,34.327525537447656,666.8605578073748,14317.14565509,18879.2793526775,VENDI,ALTO
2018-04-03,7045.01,7520.0,7016.8,7424.9,7424.9,9254.7344,9474.8942,40.05078951724325,655.170517963991,18923.19243902,18424.909557721498,VENDI,ALTO
2018-04-04,7424.91,7424.91,6708.46,6791.68,6791.68,9220.167800000001,9490.22005,34.63289399135715,659.5476238237059,15332.55315937,17790.8255204095,VENDI,ALTO
2018-04-05,6791.68,6933.11,6568.64,6785.85,6785.85,9166.4252,9505.54945,34.586503943100496,638.4706506934411,14454.29416624,17665.143772333,VENDI,ALTO
2018-04-06,6785.86,6847.0,6518.88,6619.01,6619.01,9098.1808,9518.1445,33.21533494073924,616.302747072481,10756.54967988,17520.984602068,VENDI,ALTO
2018-04-07,6619.01,7064.64,6605.08,6894.01,6894.01,9032.7112,9533.064,37.606132593155884,605.1068365673038,10351.3736739,16511.726056572497,VENDI,ALTO
2018-04-08,6894.01,7099.99,6880.0,7020.01,7020.01,8950.6814,9548.80375,39.56662889137948,577.5984910982107,6296.84940676,15546.634866508999,VENDI,ALTO
2018-04-09,7020.01,7169.53,6617.0,6771.13,6771.13,8878.5032,9564.572049999999,37.08773162296177,575.8078845911957,13950.51963666,15220.693775685999,VENDI,ALTO
2018-04-10,6771.14,6893.29,6661.19,6824.99,6824.99,8792.203000000001,9580.60195,37.99311070903687,551.2573214061103,7491.82299943,14794.929076852999,VENDI,ALTO
2018-04-11,6825.0,6974.0,6806.01,6942.99,6942.99,8706.3514,9596.38025,40.02937447866331,523.8810841628168,8182.9960061,14454.5669754745,VENDI,ALTO
2018-04-12,6943.0,8050.0,6767.77,7916.0,7916.0,8655.586,9617.6152,53.569373019577455,578.0488638654728,31205.93316274,15251.52235612,VENDI,ALTO
2018-04-13,7915.99,8220.0,7760.0,7893.19,7893.19,8616.8498,9637.48225,53.26575969373329,569.6168021607962,22123.21006651,15764.517328277001,VENDI,ALTO
2018-04-14,7893.19,8150.0,7830.0,8003.11,8003.11,8574.0122,9658.07235,54.60108134925351,551.7870305778822,9338.06089305,15778.977754889002,VENDI,ALTO
2018-04-15,8003.12,8392.56,8003.11,8355.25,8355.25,8547.344799999999,9678.8486,58.674782591214786,540.1915283937478,9899.55458272,15304.462918799498,VENDI,ALTO
2018-04-16,8355.24,8398.98,7905.99,8048.93,8048.93,8516.3636,9698.14615,54.12504243993996,536.8199906513373,13429.26623465,15226.5397134295,VENDI,ALTO
2018-04-17,8048.92,8162.5,7822.0,7892.1,7892.1,8468.205600000001,9716.8217,51.905874893245766,522.7971341762418,10700.35753361,15213.222711609498,VENDI,ALTO
2018-04-18,7892.11,8243.99,7879.8,8152.05,8152.05,8419.9152,9735.88695,55.18572207178219,511.4680531636531,10973.85923727,14371.315392521501,VENDI,ALTO
2018-04-19,8152.05,8300.0,8101.47,8274.0,8274.0,8379.2498,9755.2829,56.678322331348035,489.11533508053503,11936.23618763,13502.489718803,VENDI,ALTO
2018-04-20,8274.0,8932.57,8216.21,8866.27,8866.27,8338.656799999999,9777.6507,63.10538716181416,505.34709686049683,16415.30759081,13575.6802559885,MANTIENI STATO ATTUALE,ALTO
2018-04-21,8866.27,9038.87,8610.7,8915.42,8915.42,8296.9652,9800.68785,63.58815526325488,499.83444708474707,12305.06569139,13419.207400141499,MANTIENI STATO ATTUALE,ALTO
2018-04-22,8915.42,9015.0,8754.01,8795.01,8795.01,8244.215400000001,9823.5887,61.466202511891545,482.7741294358366,7805.76709948,13093.638472360999,MANTIENI STATO ATTUALE,ALTO
2018-04-23,8795.0,8991.0,8775.1,8931.3,8931.3,8193.4434,9846.645,62.9723641633307,463.7116916189911,8040.33557959,12549.4956293895,MANTIENI STATO ATTUALE,ALTO
2018-04-24,8931.31,9728.56,8930.0,9645.1,9645.1,8158.794599999999,9873.05555,69.66088291012521,487.6294279319203,20843.27006804,12825.031474823,MANTIENI STATO ATTUALE,ALTO
2018-04-25,9645.0,9763.49,8602.43,8865.98,8865.98,8122.114199999999,9895.26045,57.46021273264281,535.7316116510689,31814.1288426,13693.023208641,MANTIENI STATO ATTUALE,ALTO
2018-04-26,8865.98,9318.0,8660.0,9272.11,9272.11,8109.0564,9918.60355,61.26829825238054,544.4650679617068,15216.84970266,13916.03820978,MANTIENI STATO ATTUALE,ALTO
2018-04-27,9272.12,9369.0,8910.0,8922.55,8922.55,8101.4096,9939.36855,56.574010687651764,538.3604202501564,12087.28643213,14002.8338476915,MANTIENI STATO ATTUALE,ALTO
2018-04-28,8922.56,9447.0,8863.42,9329.99,9329.99,8102.9094,9962.2685,60.38405885480923,541.5903902322881,8849.51366266,14130.467060486499,MANTIENI STATO ATTUALE,ALTO
2018-04-29,9329.99,9512.5,9179.99,9389.01,9389.01,8114.7808,9985.1386,60.918952169245614,526.6560766442675,7937.98812228,13829.840484767501,MANTIENI STATO ATTUALE,ALTO
2018-04-30,9389.01,9447.0,9110.88,9243.83,9243.83,8108.979800000001,10004.157749999998,58.81527265928704,513.0463568839627,8862.27320109,13898.3629948505,MANTIENI STATO ATTUALE,ALTO
2018-05-01,9243.83,9245.37,8831.21,9072.29,9072.29,8108.025600000001,10021.3952,56.3396492092344,505.98304567796555,11372.35045084,14057.8307170875,MANTIENI STATO ATTUALE,ALTO
2018-05-02,9072.29,9251.05,8990.0,9190.48,9190.48,8108.927,10038.25195,57.66193546566746,488.4878281295394,8825.62461492,12938.8152896965,MANTIENI STATO ATTUALE,ALTO
2018-05-03,9190.47,9800.0,9131.0,9725.74,9725.74,8139.301399999999,10058.41215,63.11080251181208,501.38155469171517,14956.45443951,12580.4775083465,MANTIENI STATO ATTUALE,ALTO
2018-05-04,9725.74,9745.0,9451.5,9685.0,9685.0,8167.801599999999,10078.06265,62.451989141520436,486.5328722137355,10837.90259875,12655.4695936315,MANTIENI STATO ATTUALE,ALTO
2018-05-05,9685.0,9948.12,9660.28,9800.0,9800.0,8198.301599999999,10099.092649999999,63.6068762537673,472.3405241984687,9391.1010713,12630.0469180605,MANTIENI STATO ATTUALE,ALTO
2018-05-06,9799.99,9880.0,9390.0,9600.0,9600.0,8233.149599999999,10119.220449999999,60.142304924916886,473.6019153271495,7651.21500589,12341.1443566225,MANTIENI STATO ATTUALE,ALTO
2018-05-07,9600.0,9619.55,9162.85,9353.0,9353.0,8256.3696,10137.4654,56.07971595151823,472.3946356609245,9909.98246212,12301.625603048,MANTIENI STATO ATTUALE,ALTO
2018-05-08,9356.25,9463.13,9050.0,9177.82,9177.82,8268.146,10153.409,53.32832073642168,468.1614473994299,9561.98001906,12231.0316421375,MANTIENI STATO ATTUALE,ALTO
2018-05-09,9177.81,9370.0,8960.0,9300.08,9300.08,8276.1476,10169.785100000001,54.98813220073057,464.00705829947066,8628.95083325,12065.667374418501,MANTIENI STATO ATTUALE,ALTO
2018-05-10,9300.08,9386.32,9001.01,9010.51,9010.51,8278.5216,10184.8124,50.414949738971444,458.38583984950844,7596.46134672,11624.725062214002,MANTIENI STATO ATTUALE,ALTO
2018-05-11,9010.51,9010.51,8351.0,8403.33,8403.33,8272.2864,10197.299099999998,42.443932452694995,472.7518512888293,17512.9269818,11885.1181267345,MANTIENI STATO ATTUALE,ALTO
2018-05-12,8403.33,8658.57,8223.43,8475.0,8475.0,8263.244400000001,10212.04695,43.57791961437983,470.06529048248433,11392.07649417,12064.433596469,MANTIENI STATO ATTUALE,ALTO
2018-05-13,8474.31,8774.32,8345.0,8686.1,8686.1,8266.3396,10226.7776,46.89666786483626,467.1549125908783,6678.59431195,11996.346533087,MANTIENI STATO ATTUALE,ALTO
2018-05-14,8686.1,8880.01,8289.79,8670.0,8670.0,8270.6796,10240.669549999999,46.67119387455525,475.94527597724414,14127.77867728,11660.571963549,MANTIENI STATO ATTUALE,ALTO
2018-05-15,8670.0,8847.0,8420.45,8477.46,8477.46,8277.3288,10254.15685,43.94980153587553,472.4170419788695,10892.26808048,10614.478925443,MANTIENI STATO ATTUALE,ALTO
2018-05-16,8477.47,8500.0,8103.33,8344.0,8344.0,8288.3366,10267.1168,42.1165992906294,467.0065389803788,10858.39386627,10396.5561336235,MANTIENI STATO ATTUALE,ALTO
2018-05-17,8344.01,8483.48,8001.0,8059.0,8059.0,8290.6622,10276.711749999999,38.4301833020275,468.111786196066,8477.74299592,10216.078961813,MANTIENI STATO ATTUALE,ALTO
2018-05-18,8059.0,8280.0,7927.21,8238.51,8238.51,8313.8324,10287.2835,41.88081816980399,459.8745157534899,8239.27592631,10185.567074995499,VENDI,ALTO
2018-05-19,8238.51,8390.0,8152.54,8235.6,8235.6,8341.584200000001,10296.23645,41.839881678245604,443.98776462824065,4198.42045085,9998.588691424,VENDI,ALTO
2018-05-20,8235.6,8600.0,8172.0,8516.86,8516.86,8373.3514,10304.9023,47.21070639608455,442.8457814405092,4486.83071279,9779.816567008998,MANTIENI STATO ATTUALE,ALTO
2018-05-21,8516.86,8584.39,8309.23,8393.44,8393.44,8404.9,10311.669600000001,45.23661153878004,430.86822562333,5125.87838258,9467.492963596,MANTIENI STATO ATTUALE,ALTO
2018-05-22,8393.43,8400.0,7950.0,7987.7,7987.7,8423.7538,10315.75805,39.40339466714953,432.2347809359493,6905.26600219,9371.4750329595,VENDI,ALTO
2018-05-23,7987.7,8030.06,7433.19,7505.0,7505.0,8425.355800000001,10316.2203,33.816606131621,443.9944394405244,15892.46676728,9418.275649348001,VENDI,ALTO
2018-05-24,7505.01,7734.99,7269.0,7584.15,7584.15,8441.2052,10317.18105,35.43318269281335,445.56555090905835,11375.35825749,9445.148432285,VENDI,ALTO
2018-05-25,7584.15,7661.85,7326.94,7459.11,7459.11,8454.6704,10319.6278,34.01948137929428,437.6615829869828,8681.38004429,9409.6623809345,VENDI,ALTO
2018-05-26,7459.11,7640.46,7287.23,7337.95,7337.95,8469.049200000001,10320.6844,32.65974333624864,431.6307556307698,4572.29163123,9255.7162122015,VENDI,ALTO
2018-05-27,7337.94,7392.7,7229.01,7346.64,7346.64,8478.101799999999,10320.0778,32.86700014616882,412.4921302285719,4568.21590348,8988.6278842695,VENDI,ALTO
2018-05-28,7346.64,7444.8,7087.0,7107.94,7107.94,8479.8604,10319.8375,30.124357870055846,408.5855494979597,7785.66681592,8899.8122241125,VENDI,ALTO
2018-05-29,7107.94,7524.99,7058.0,7460.0,7460.0,8493.6378,10324.2494,38.30201718334128,412.75729596239114,10350.09174071,8985.8692694855,VENDI,ALTO
2018-05-30,7460.0,7557.78,7272.71,7380.01,7380.01,8504.7382,10329.41595,37.23574770879199,403.63677482222033,6250.20477606,8918.5564409525,VENDI,ALTO
2018-05-31,7380.0,7609.99,7340.0,7485.0,7485.0,8515.5784,10337.4092,39.61200184024045,394.09057662063316,6067.82801549,8346.301492637,VENDI,ALTO
2018-06-01,7485.0,7599.99,7351.01,7514.32,7514.32,8507.5448,10342.30145,40.2918545319153,383.72553543344503,6936.82298245,8123.538817051,VENDI,ALTO
2018-06-02,7514.32,7697.09,7440.0,7636.42,7636.42,8502.409399999999,10347.458550000001,43.161593929177116,374.68014004534183,5070.8649463,8043.1523487685,VENDI,ALTO
2018-06-03,7636.41,7777.0,7583.24,7706.37,7706.37,8496.4746,10349.520400000001,44.79847340868352,361.757272899246,5206.86345245,7597.1065875270015,VENDI,ALTO
2018-06-04,7706.37,7747.57,7447.61,7487.37,7487.37,8479.117,10347.7646,40.83356473542325,357.34318197787127,6034.28233024,7354.207300015,VENDI,ALTO
2018-06-05,7487.37,7677.5,7355.0,7612.51,7612.51,8470.3886,10347.2536,43.88954458500566,354.8543832651662,5740.07226081,7098.291219741999,VENDI,ALTO
2018-06-06,7612.51,7691.0,7484.0,7655.0,7655.0,8465.6466,10346.64355,44.929628434535594,344.2933558890829,5736.88730444,6961.2484351680005,VENDI,ALTO
2018-06-07,7655.0,7747.0,7635.0,7684.93,7684.93,8456.304199999999,10344.9091,45.6932584207972,327.70097332557697,5041.52279334,6801.3607785195,VENDI,ALTO
2018-06-08,7684.93,7690.0,7536.58,7618.8,7618.8,8443.2002,10341.72305,44.233787053004434,315.25233237375005,3945.54283341,6788.7168976475,VENDI,ALTO
2018-06-09,7616.0,7680.0,7468.0,7496.4,7496.4,8415.8028,10338.66005,41.586142582271556,307.8771657756251,2775.24696058,6703.137710037001,VENDI,ALTO
2018-06-10,7496.41,7496.41,6652.0,6770.31,6770.31,8372.900599999999,10331.2616,30.08292515880268,346.20093964879476,18788.77680649,7386.2826312325,VENDI,ALTO
2018-06-11,6770.31,6913.83,6666.66,6881.0,6881.0,8334.6204,10325.5108,33.12009415953894,339.1273011024523,11620.53954327,7622.0463082865,VENDI,ALTO
2018-06-12,6881.0,6885.84,6450.0,6545.0,6545.0,8286.8944,10317.160750000001,29.00172633842243,346.0353510237057,10820.92303628,7368.469121736501,VENDI,ALTO
2018-06-13,6549.47,6618.95,6135.0,6302.31,6302.31,8220.0386,10304.694800000001,26.443978898430046,355.88639737915526,17373.41486923,7668.3719523235,VENDI,ALTO
2018-06-14,6302.32,6750.0,6269.0,6638.49,6638.49,8175.4888,10290.8817,34.99617055855914,364.82308328064414,14548.25525645,7961.715712931499,VENDI,ALTO
2018-06-15,6638.49,6660.0,6370.0,6391.22,6391.22,8117.871,10273.99425,32.0449414972406,359.4785773320267,7028.63892797,8084.533077768501,VENDI,ALTO
2018-06-16,6391.21,6549.99,6330.0,6484.29,6484.29,8069.105799999999,10256.6707,34.291045790879494,349.5151075225962,4521.32956305,8082.188760747,VENDI,ALTO
2018-06-17,6484.3,6570.01,6428.14,6447.16,6447.16,8011.4492,10239.2266,33.81090910087137,334.68331412812506,3275.09792547,7856.660316224499,VENDI,ALTO
2018-06-18,6447.15,6807.64,6385.0,6709.02,6709.02,7957.849399999999,10223.2567,40.173137943591236,340.9659345475447,8046.05593543,7741.458525960499,VENDI,ALTO
2018-06-19,6709.19,6829.06,6670.01,6736.41,6736.41,7907.701,10202.589549999999,40.81397788814342,327.9719392227201,6155.18187377,7736.707380846,VENDI,ALTO
2018-06-20,6736.41,6817.0,6557.66,6759.18,6759.18,7861.4388,10181.734250000001,41.37616804073676,323.06965784966866,6683.29357071,7767.480658607,VENDI,ALTO
2018-06-21,6759.54,6787.0,6682.3,6719.01,6719.01,7812.009400000001,10158.879299999999,40.6427183758073,307.47182514612086,4385.00279703,7639.889649336001,VENDI,ALTO
2018-06-22,6719.01,6725.0,5921.21,6059.82,6059.82,7738.691000000001,10130.9585,30.94781471778566,342.92312334996933,18193.25099287,8296.008951664498,VENDI,ALTO
2018-06-23,6059.82,6250.0,6040.01,6178.29,6178.29,7668.5568,10103.2582,33.99514208316157,333.42790025354293,6070.20787087,8339.1761725855,VENDI,ALTO
2018-06-24,6178.29,6255.8,5777.0,6149.99,6149.99,7595.5566,10063.558149999999,33.61353310977444,343.8116216640041,13211.31953891,8698.028033019,VENDI,ALTO
2018-06-25,6150.0,6340.01,6070.13,6246.01,6246.01,7528.4768,10007.83815,36.22920634930115,338.5307915451467,9237.28844816,8872.888842386501,VENDI,ALTO
2018-06-26,6246.01,6271.0,6006.39,6074.0,6074.0,7462.8968,9956.373,33.66989910581536,333.25073500620766,6680.68174851,8920.07856459,VENDI,ALTO
2018-06-27,6074.01,6175.43,5983.56,6132.17,6132.17,7401.9838,9910.48395,35.33358913611842,323.15211107719284,7061.43624405,9021.0742371255,VENDI,ALTO
2018-06-28,6132.16,6161.47,5816.6,5851.66,5851.66,7333.0154,9863.2922,31.261597385364524,324.70338885739335,7769.8116466,9212.287677785,VENDI,ALTO
2018-06-29,5850.25,6300.0,5790.01,6202.36,6202.36,7276.8524,9809.8752,40.49468569445982,337.938146796151,11065.12248838,9626.781454175,VENDI,ALTO
2018-06-30,6202.36,6520.15,6185.0,6383.19,6383.19,7236.4496,9753.14055,44.624978682660036,337.73899345356875,6783.38450293,9026.511838997,VENDI,ALTO
2018-07-01,6383.19,6424.14,6256.76,6349.5,6349.5,7193.9396,9701.44,44.012047256220846,325.570493921171,4069.05699082,8648.9377113745,VENDI,ALTO
2018-07-02,6349.5,6669.99,6270.01,6611.79,6611.79,7152.453399999999,9650.75005,49.793765495196624,330.8854586410874,8287.96529635,8522.289824378,VENDI,ALTO
2018-07-03,6611.79,6673.99,6465.0,6502.62,6502.62,7109.105799999999,9594.5698,47.59087801923569,322.178640166724,6501.26577908,7978.682369870499,VENDI,ALTO
2018-07-04,6502.62,6796.62,6411.51,6587.47,6587.47,7071.306,9529.257099999999,49.46227636007016,326.6737372976723,6847.85549833,7593.662381964498,VENDI,ALTO
2018-07-05,6587.46,6700.0,6449.5,6532.95,6532.95,7035.085,9465.026899999999,48.26960233502608,321.2327560621243,6985.12310145,7591.486590638499,VENDI,ALTO
2018-07-06,6532.96,6639.0,6452.2,6600.0,6600.0,7005.905,9402.831849999999,49.870518151676364,311.6304163434011,5215.29306825,7626.184765898501,VENDI,ALTO
2018-07-07,6599.99,6843.26,6512.0,6753.28,6753.28,6976.200399999999,9347.4046,53.419457775486904,313.03252946172967,4496.26591603,7687.2431654265,VENDI,ALTO
2018-07-08,6753.29,6778.31,6671.0,6701.97,6701.97,6945.5278,9298.43,52.090040563599615,298.33806307160614,3321.52529781,7451.0166335455015,VENDI,ALTO
2018-07-09,6701.97,6815.82,6625.0,6664.01,6664.01,6908.470800000001,9252.95605,51.077299037507736,290.6582014236343,5254.12964941,7405.9640223275,VENDI,ALTO
2018-07-10,6664.01,6679.47,6279.0,6303.7,6303.7,6866.6759999999995,9213.421699999999,42.60926230946513,298.50190132194615,8177.86682562,7480.692685073,VENDI,ALTO
2018-07-11,6303.69,6400.0,6281.01,6390.04,6390.04,6834.7228000000005,9169.99245,44.963893661646104,285.6796226560928,5038.30347773,7513.357719107999,VENDI,ALTO
2018-07-12,6390.04,6390.04,6075.01,6249.75,6249.75,6809.6178,9130.1315,41.95204202609726,287.7760781806576,9411.45794822,7074.2680668755,VENDI,ALTO
2018-07-13,6246.68,6335.09,6121.53,6216.29,6216.29,6782.2606,9090.35305,41.242467191025575,282.4749297391821,5975.71038478,7069.543192571,VENDI,ALTO
2018-07-14,6216.29,6323.68,6187.0,6248.65,6248.65,6758.0514,9042.641899999999,42.25963333630999,272.0610061863834,3044.81810615,6561.218120932999,VENDI,ALTO
2018-07-15,6248.65,6385.35,6233.26,6348.73,6348.73,6738.267,8997.550150000001,45.40728390707952,263.4916486016417,3882.96945333,6293.5021711915,VENDI,ALTO
2018-07-16,6348.73,6750.0,6330.3,6728.81,6728.81,6725.910400000001,8958.94415,55.36003656031909,274.64938798723875,9147.40601617,6416.838384574499,MANTIENI STATO ATTUALE,ALTO
2018-07-17,6728.8,7472.5,6663.51,7315.01,7315.01,6730.0518,8922.69395,65.73551620540985,312.81657455957884,15644.40972338,6845.987058541,MANTIENI STATO ATTUALE,ALTO
2018-07-18,7315.0,7584.85,7229.89,7378.99,7378.99,6728.4316,8895.38895,66.64670057201226,315.82681923389464,15774.39905617,7246.2164290195,MANTIENI STATO ATTUALE,ALTO
2018-07-19,7378.99,7581.0,7281.42,7470.01,7470.01,6730.2316,8863.42335,67.9523758578481,314.6663321457593,9985.49794394,7192.235201797501,MANTIENI STATO ATTUALE,ALTO
2018-07-20,7470.01,7687.0,7259.76,7334.46,7334.46,6727.220799999999,8832.6956,63.93813245334996,322.70730842106224,10406.31899656,7373.381926479,MANTIENI STATO ATTUALE,ALTO
2018-07-21,7334.46,7444.77,7204.32,7408.0,7408.0,6725.094399999999,8795.82805,65.14128104374026,316.83178639098645,5079.339249,7423.896039388,MANTIENI STATO ATTUALE,ALTO
2018-07-22,7408.0,7569.69,7327.75,7397.8,7397.8,6720.322000000001,8757.32635,64.8182608624227,311.48237307734456,5599.21912506,7289.4587308235,MANTIENI STATO ATTUALE,ALTO
2018-07-23,7400.0,7809.0,7378.26,7720.09,7720.09,6720.5964,8720.201850000001,69.89758614228106,320.0007750003914,12449.92345846,7586.8916147925,MANTIENI STATO ATTUALE,ALTO
2018-07-24,7720.08,8488.0,7695.99,8385.5,8385.5,6738.559,8677.329300000001,77.21254288656512,353.7157196432206,19636.00922903,8226.2993013275,MANTIENI STATO ATTUALE,ALTO
2018-07-25,8390.04,8482.84,8042.0,8157.15,8157.15,6749.451800000001,8632.6201,70.84978560718,359.93888252584776,14713.91077749,8612.7386851295,MANTIENI STATO ATTUALE,ALTO
2018-07-26,8157.15,8290.0,7840.0,7931.99,7931.99,6754.9916,8591.408950000001,65.14893417138836,366.3718194882872,11869.52084895,8945.450074164499,MANTIENI STATO ATTUALE,ALTO
2018-07-27,7932.0,8276.55,7787.29,8184.21,8184.21,6764.977200000001,8557.3613,68.23252564261276,375.14954666769523,11991.35205827,9320.2043812765,MANTIENI STATO ATTUALE,ALTO
2018-07-28,8182.64,8230.0,8065.0,8228.9,8228.9,6777.1792,8526.10085,68.75995934646265,360.13886476285984,4141.05036475,9361.180634623499,MANTIENI STATO ATTUALE,ALTO
2018-07-29,8227.38,8289.96,8127.87,8216.34,8216.34,6791.578,8492.806649999999,68.41615778933108,345.9925172797984,4239.76030429,9310.4621673675,MANTIENI STATO ATTUALE,ALTO
2018-07-30,8216.33,8274.92,7850.0,8170.01,8170.01,6819.572000000001,8467.116399999999,67.08372069609246,351.6301946169557,10568.96492471,9430.017072322,MANTIENI STATO ATTUALE,ALTO
2018-07-31,8170.0,8173.57,7629.48,7727.27,7727.27,6836.4974,8436.65275,55.88315205969036,365.37732357288746,12604.37481313,9808.320639091999,MANTIENI STATO ATTUALE,ALTO
2018-08-01,7727.28,7750.0,7437.0,7603.99,7603.99,6857.6772,8403.73295,53.21865425765213,361.6360861748241,11853.49011195,9930.4222472785,MANTIENI STATO ATTUALE,ALTO
2018-08-02,7603.99,7707.54,7462.0,7533.92,7533.92,6882.309400000001,8373.1214,51.70951569240635,353.3435085909081,6917.39838355,9977.506647217,MANTIENI STATO ATTUALE,ALTO
2018-08-03,7533.92,7538.53,7285.0,7414.08,7414.08,6897.821200000001,8342.2418,49.14279029948074,346.2139722629861,11084.8522024,10379.5083520295,MANTIENI STATO ATTUALE,ALTO
2018-08-04,7414.08,7495.0,6940.0,7005.0,7005.0,6910.096799999999,8319.416749999999,41.559312469175985,361.1272599584871,9933.75030971,10682.0473948485,MANTIENI STATO ATTUALE,ALTO
2018-08-05,7005.0,7086.52,6880.0,7030.01,7030.01,6921.0112,8298.56675,42.147104692621355,350.0838842471667,6243.59990905,10536.8570894925,MANTIENI STATO ATTUALE,ALTO
2018-08-06,7030.0,7163.0,6840.0,6938.0,6938.0,6930.8279999999995,8276.729099999999,40.53195745174821,348.14932108665477,8956.04941689,10202.439074168,MANTIENI STATO ATTUALE,ALTO
2018-08-07,6938.0,7152.0,6647.07,6718.22,6718.22,6931.012000000001,8252.82525,36.894912411901316,359.3479410090366,11165.1416331,9971.976203014501,MANTIENI STATO ATTUALE,ALTO
2018-08-08,6718.22,6718.22,6121.04,6282.5,6282.5,6921.9338,8220.42375,30.962960872983828,376.33594522267686,22145.35061404,10579.9688365195,VENDI,ALTO
2018-08-09,6282.5,6633.21,6177.51,6546.45,6546.45,6917.6792000000005,8195.56515,37.51676519837582,382.0048062781999,13980.70056404,10758.6879148935,VENDI,ALTO
2018-08-10,6546.46,6584.8,6015.0,6146.01,6146.01,6906.2192,8172.461700000001,32.47923588055737,395.4187486868999,8064.70939768,10907.9564223275,VENDI,ALTO
2018-08-11,6146.01,6485.76,6003.0,6235.56,6235.56,6909.734,8149.5148,34.59428623679372,401.6574094949785,10153.23416272,11135.657174210499,VENDI,ALTO
2018-08-12,6236.0,6482.0,6169.46,6316.01,6316.01,6912.488399999999,8124.3108999999995,36.51816618731216,395.2918802453372,8324.09104131,10929.365553353,VENDI,ALTO
2018-08-13,6316.0,6544.99,6139.57,6253.67,6253.67,6914.562000000001,8099.9892500000005,35.64325283702492,396.0153173706703,10604.12278957,10477.77123138,VENDI,ALTO
2018-08-14,6253.67,6258.32,5900.0,6195.01,6195.01,6913.5419999999995,8075.52985,34.79841094709889,393.3227947013367,17742.68279169,10629.20983209,VENDI,ALTO
2018-08-15,6195.0,6636.0,6189.0,6269.01,6269.01,6917.4421999999995,8050.279900000001,36.83248266246399,397.1568807940984,17786.54579416,10925.0610793505,VENDI,ALTO
2018-08-16,6269.01,6475.01,6200.0,6315.9,6315.9,6921.116800000001,8024.179399999999,38.14918231944601,388.43210359451996,8976.04113374,10774.295533124,VENDI,ALTO
2018-08-17,6315.9,6585.5,6290.39,6585.49,6585.49,6935.7934,8001.491800000001,45.21932996809362,381.76623905205423,10776.85436559,11106.085733165999,VENDI,ALTO
2018-08-18,6585.5,6613.23,6312.0,6396.64,6396.64,6939.679,7983.5,41.62943723664906,376.01365054833605,6974.44185927,11242.819810915,VENDI,ALTO
2018-08-19,6396.63,6547.34,6328.45,6489.53,6489.53,6941.805799999999,7965.447699999999,43.9850190805457,364.7905326520264,4472.17616704,10937.9803730315,VENDI,ALTO
2018-08-20,6489.53,6525.0,6227.71,6258.74,6258.74,6939.990600000001,7951.670249999999,39.698443329760295,359.96906603402454,7905.42302586,10703.032783668,VENDI,ALTO
2018-08-21,6258.74,6490.0,6249.12,6475.89,6475.89,6937.2726,7940.112099999999,45.117993362728896,351.46270417445135,6860.90002944,10453.403279542501,VENDI,ALTO
2018-08-22,6475.89,6890.65,6250.0,6359.99,6359.99,6934.42,7925.712049999999,42.901747321496174,372.1189395905619,17611.22588439,10988.094654584498,VENDI,ALTO
2018-08-23,6359.99,6568.37,6348.69,6526.36,6526.36,6933.1978,7917.5043,46.931524841809455,361.23044390552184,6998.97316777,10783.800702853001,VENDI,ALTO
2018-08-24,6526.36,6725.0,6451.55,6690.88,6690.88,6936.356400000001,7916.43275,50.64132179614863,354.96041219798457,7427.5446068,10658.490417707499,VENDI,ALTO
2018-08-25,6690.88,6790.0,6668.0,6737.52,6737.52,6939.1068,7911.67805,51.67272938782818,338.3203827552714,4930.16607076,10592.818725793,VENDI,ALTO
2018-08-26,6737.52,6773.0,6572.0,6709.98,6709.98,6938.2408000000005,7907.349200000001,50.995110631711945,328.5117839870377,5009.10271396,10395.4713906465,VENDI,ALTO
2018-08-27,6709.98,6947.6,6654.13,6911.9,6911.9,6942.439399999999,7900.8182,55.59316327696254,326.008799416535,7307.58523518,10202.5935707505,VENDI,ALTO
2018-08-28,6911.9,7128.0,6864.96,7071.01,7071.01,6950.5794,7892.8182,58.86819224101305,321.51102802963965,11880.45612553,9689.348846325,MANTIENI STATO ATTUALE,ALTO
2018-08-29,7071.01,7119.0,6907.42,7030.9,7030.9,6965.1234,7885.235250000001,57.71267512589128,313.6588117418082,7712.75849986,9375.951743116,MANTIENI STATO ATTUALE,ALTO
2018-08-30,7030.92,7048.66,6790.0,6983.0,6983.0,6976.9826,7879.7853000000005,56.291632639655774,309.7303251888219,8327.34545381,9389.083545922502,MANTIENI STATO ATTUALE,ALTO
2018-08-31,6983.0,7090.46,6884.49,7015.01,7015.01,6992.287799999999,7870.49895,57.052671537972095,302.3188733896203,7857.29840392,9274.2867579825,MANTIENI STATO ATTUALE,ALTO
2018-09-01,7015.01,7275.0,7010.98,7191.08,7191.08,7011.7836,7863.854299999999,61.06810293428838,299.58323957607604,6276.18561687,9171.8914867605,MANTIENI STATO ATTUALE,ALTO
2018-09-02,7191.07,7328.99,7130.0,7295.0,7295.0,7032.710599999999,7852.9644,63.25198128347977,292.3980081777849,5891.96980364,8936.283837464,MANTIENI STATO ATTUALE,ALTO
2018-09-03,7294.99,7339.52,7192.99,7256.98,7256.98,7050.8756,7839.09315,61.88425035244652,281.9788647365146,6133.07725249,8355.803560504,MANTIENI STATO ATTUALE,ALTO
2018-09-04,7256.48,7402.5,7229.94,7360.0,7360.0,7063.4994,7825.0557,64.14655722914212,274.1632315410493,7999.76955668,7866.464748629999,MANTIENI STATO ATTUALE,ALTO
2018-09-05,7359.99,7384.0,6664.07,6687.96,6687.96,7050.9583999999995,7802.888000000001,45.27021422066578,306.00371500240294,16381.47246369,8236.7363151275,MANTIENI STATO ATTUALE,ALTO
2018-09-06,6687.96,6703.73,6272.73,6495.0,6495.0,7033.2786,7783.4628,41.49455754450451,314.9320210736599,18836.77907471,8639.7325505835,VENDI,ALTO
2018-09-07,6495.0,6530.0,6325.0,6395.01,6395.01,7011.7786,7759.73785,39.64916827959779,307.07973385411276,8369.22939503,8709.471927371498,VENDI,ALTO
2018-09-08,6395.01,6460.0,6116.0,6188.0,6188.0,6988.849400000001,7734.5,36.07239606673606,309.7168957216761,7581.68777214,8864.9475076265,VENDI,ALTO
2018-09-09,6188.0,6450.0,6147.0,6235.01,6235.01,6965.3896,7713.4037,37.45231026671861,309.2371174558421,6356.67380803,8787.510046735,VENDI,ALTO
2018-09-10,6235.02,6375.13,6221.49,6300.0,6300.0,6943.4336,7695.7537,39.399815234859346,298.1230376375677,7028.65453232,8795.897771879,VENDI,ALTO
2018-09-11,6300.0,6405.0,6176.76,6282.53,6282.53,6914.6824,7676.4414,39.04785344539568,293.1313920920271,7512.79094263,8290.976024791,VENDI,ALTO
2018-09-12,6282.53,6340.94,6191.1,6326.0,6326.0,6873.4924,7659.628299999999,40.4727988139444,282.8962926568823,7428.99131549,8312.476932177,VENDI,ALTO
2018-09-13,6326.0,6530.0,6323.64,6485.99,6485.99,6840.069199999999,7644.0683,45.5208889767985,277.42941460996207,9800.75125525,8431.1372645995,VENDI,ALTO
2018-09-14,6485.99,6580.0,6378.05,6478.04,6478.04,6810.9902,7624.9585,45.315245494124625,272.03802785210763,7691.81053625,8569.219487874001,VENDI,ALTO
2018-09-15,6478.05,6565.0,6470.0,6518.68,6518.68,6777.6795999999995,7604.719050000001,46.64225172859799,259.39245443409993,3404.11751484,8488.970227918,VENDI,ALTO
2018-09-16,6518.68,6521.75,6323.68,6498.0,6498.0,6743.0616,7585.6727,46.0301402646585,255.0122791173785,3520.8035532,8299.631143819,VENDI,ALTO
2018-09-17,6498.0,6529.75,6207.55,6250.7,6250.7,6703.7488,7562.4466,39.37535885259963,259.81140203756576,9335.4497769,8172.380826387501,VENDI,ALTO
2018-09-18,6250.71,6384.04,6228.0,6335.7,6335.7,6667.0626,7539.1251,42.45485508702476,252.3991590348825,6137.36794174,8093.6112984815,VENDI,ALTO
2018-09-19,6335.69,6511.0,6106.37,6386.94,6386.94,6640.256000000001,7513.8973,44.29191616442152,263.2727905323909,10754.09693733,8214.9488726575,VENDI,ALTO
2018-09-20,6386.95,6530.0,6337.0,6493.11,6493.11,6618.038400000001,7489.013350000001,47.99638401355957,258.253305494363,6819.60351487,8163.064128205,VENDI,ALTO
2018-09-21,6493.11,6777.1,6492.5,6750.0,6750.0,6602.36,7465.875650000001,55.67655942174134,260.1352122447657,11391.70322303,8418.840008513,MANTIENI STATO ATTUALE,ALTO
2018-09-22,6750.0,6823.0,6628.01,6707.33,6707.33,6588.225,7445.9123,54.24356034320822,255.481982798711,5315.7868296,8390.030859811,MANTIENI STATO ATTUALE,ALTO
2018-09-23,6707.34,6777.0,6660.05,6696.99,6696.99,6582.064800000001,7429.77225,53.881653317794836,245.58684117023165,3506.51220124,8258.702607248499,MANTIENI STATO ATTUALE,ALTO
2018-09-24,6696.99,6716.16,6555.99,6582.09,6582.09,6573.106400000001,7416.1582499999995,49.8977060610504,239.4856382295008,5562.20172954,8136.8242158915,MANTIENI STATO ATTUALE,ALTO
2018-09-25,6582.09,6582.1,6320.5,6436.89,6436.89,6563.0842,7402.0677000000005,45.33581065380049,241.0652354988222,9533.99965627,7794.4505755205,MANTIENI STATO ATTUALE,ALTO
2018-09-26,6435.0,6537.26,6380.62,6455.66,6455.66,6557.833,7390.3688,46.02281161070054,235.03486153462066,5910.04399306,7148.113821438,VENDI,ALTO
2018-09-27,6455.65,6734.79,6430.0,6680.01,6680.01,6565.7832,7376.099450000001,53.538878006953084,240.0173714250049,7878.87406105,7123.5960547390005,MANTIENI STATO ATTUALE,ALTO
2018-09-28,6680.01,6786.73,6528.13,6620.01,6620.01,6567.2544,7363.5995,51.474531432639935,241.34470203750453,9039.12902254,7196.468117258999,MANTIENI STATO ATTUALE,ALTO
2018-09-29,6620.01,6620.01,6452.02,6581.0,6581.0,6575.9542,7350.77745,50.12138198135994,236.10508046339706,4371.91544933,7097.230199323999,MANTIENI STATO ATTUALE,ALTO
2018-09-30,6581.0,6642.28,6523.0,6605.0,6605.0,6583.342999999999,7342.76735,50.975246094039825,227.76043185886869,3698.72106704,6930.733526060001,MANTIENI STATO ATTUALE,ALTO
2018-10-01,6605.0,6639.33,6474.9,6572.83,6572.83,6588.4794,7334.331549999999,49.745949782611575,223.23682958323525,7146.81077109,6912.434517483,MANTIENI STATO ATTUALE,ALTO
2018-10-02,6572.83,6591.37,6452.0,6498.46,6498.46,6593.375199999999,7325.44885,46.92844406181925,217.2463417558613,5444.03636431,6813.186769924,VENDI,ALTO
2018-10-03,6498.47,6507.95,6398.96,6466.03,6466.03,6598.7956,7318.491000000001,45.7126027943072,209.51374591615692,6264.41952033,6636.370183178,VENDI,ALTO
2018-10-04,6466.03,6603.01,6454.38,6547.45,6547.45,6604.3644,7310.268250000001,49.266496328968934,205.16490692214572,6676.80282302,6585.6197975165005,VENDI,ALTO
2018-10-05,6547.45,6641.0,6510.58,6593.94,6593.94,6609.925200000001,7300.29295,51.22973734753069,199.8259849991353,5347.26443214,6682.7771433815,VENDI,ALTO
2018-10-06,6593.94,6594.39,6536.0,6552.43,6552.43,6609.264,7288.5551000000005,49.391878400122586,189.72341464205422,2725.25647489,6642.999789466,VENDI,ALTO
2018-10-07,6552.42,6585.01,6491.81,6570.0,6570.0,6612.7312,7276.94605,50.20615032856799,182.82888502476462,2625.49820988,6307.502211115,VENDI,ALTO
2018-10-08,6569.99,6681.19,6545.63,6608.07,6608.07,6615.102000000001,7266.4109499999995,52.00798135630344,179.45253609442426,5447.87548657,6273.0275883565,VENDI,ALTO
2018-10-09,6607.53,6612.86,6552.5,6589.48,6589.48,6621.716799999999,7254.72285,51.036794177135306,170.94592637339392,4580.90974272,5964.368228626,VENDI,ALTO
2018-10-10,6589.48,6591.32,6445.48,6524.56,6524.56,6622.6902,7244.68895,47.687730518668126,169.1526459181515,6387.67198644,5942.771652204499,VENDI,ALTO
2018-10-11,6524.56,6524.56,6033.34,6154.69,6154.69,6618.5842,7233.1974,33.99903899058391,192.15745692399784,20730.76349424,6409.724665765,VENDI,ALTO
2018-10-12,6154.68,6235.2,6111.97,6188.01,6188.01,6611.8171999999995,7223.41245,35.787243415189934,187.23406714371225,5574.64739116,6422.667693843,VENDI,ALTO
2018-10-13,6188.01,6212.0,6178.0,6196.0,6196.0,6601.919599999999,7215.4244,36.2333993165746,176.28877663344707,3842.85929097,6439.4850483294995,VENDI,ALTO
2018-10-14,6196.01,6288.45,6151.0,6183.49,6183.49,6590.839,7206.62825,35.81382275326443,173.51457830248654,3763.1183462,6349.5308791625,VENDI,ALTO
2018-10-15,6183.52,6810.0,6151.58,6440.42,6440.42,6585.447799999999,7203.430349999999,48.901257860330304,208.15067985230894,21436.33656382,6944.64772454,VENDI,ALTO
2018-10-16,6440.43,6493.11,6375.0,6457.11,6457.11,6576.352000000001,7201.47585,49.61987647279325,201.71920272000114,10080.9913573,7153.195092751999,VENDI,ALTO
2018-10-17,6457.1,6459.99,6411.19,6443.7,6443.7,6563.805799999999,7199.05185,49.02332470415153,190.79640252571537,5507.26662058,7034.6147207285,VENDI,ALTO
2018-10-18,6443.69,6489.83,6355.0,6394.96,6394.96,6551.0869999999995,7196.946599999999,46.82006398306803,186.7988023453071,7212.21394135,6943.268966669,VENDI,ALTO
2018-10-19,6394.96,6409.61,6353.86,6382.99,6382.99,6539.086799999999,7193.636499999999,46.270071679629076,177.4381736063566,3816.48535963,6915.497462184001,VENDI,ALTO
2018-10-20,6382.99,6420.0,6369.0,6414.0,6414.0,6527.0666,7188.581999999999,47.9750869442213,168.40687549161683,3425.84267768,6901.8535427159995,VENDI,ALTO
2018-10-21,6413.99,6452.87,6405.57,6415.88,6415.88,6511.5626,7186.703,48.08265053431898,159.75638438507278,2611.79072657,6675.102540489999,VENDI,ALTO
2018-10-22,6415.87,6427.63,6377.77,6407.65,6407.65,6493.815600000001,7184.812,47.61850269753577,151.90664264328183,4004.82602681,6603.142023614999,VENDI,ALTO
2018-10-23,6407.64,6411.5,6360.0,6395.14,6395.14,6476.5788,7183.69265,46.877743945876475,144.73473959733312,4036.62569307,6491.752332252001,VENDI,ALTO
2018-10-24,6395.13,6471.0,6395.13,6415.98,6415.98,6457.698399999999,7181.3025,48.32002028382763,139.81582962609502,5193.91688879,6417.6080355405,VENDI,ALTO
2018-10-25,6415.97,6422.0,6377.5,6395.58,6395.58,6451.850799999999,7178.180349999999,46.97552059632192,133.00755608137393,3747.24490173,6337.607059020001,VENDI,ALTO
2018-10-26,6395.58,6450.0,6383.54,6404.87,6404.87,6450.048200000001,7176.349050000001,47.68934920695459,128.25415921841866,4134.91005811,6408.089738181,VENDI,ALTO
2018-10-27,6404.87,6421.76,6390.0,6409.12,6409.12,6450.330400000001,7174.2697,48.034012175394786,121.36171927424593,2332.79150241,6393.454402807501,VENDI,ALTO
2018-10-28,6409.11,6415.0,6380.01,6403.62,6403.62,6454.6428000000005,7171.5728500000005,47.5969511518607,115.19231075465693,2142.01330512,6228.161293735,VENDI,ALTO
2018-10-29,6403.63,6414.99,6211.0,6266.0,6266.0,6455.2626,7163.3228500000005,38.22475321292625,121.53500284361,6986.99576529,6348.4655948635,VENDI,ALTO
2018-10-30,6266.0,6289.0,6240.54,6267.63,6267.63,6454.6152,7155.19505,38.379520128684476,116.31535978335215,4101.07125232,6234.1355581575,VENDI,ALTO
2018-10-31,6267.63,6353.24,6201.67,6304.18,6304.18,6455.048200000001,7146.700400000001,41.894824364081046,118.83354837025556,5229.24512215,5459.059639553,VENDI,ALTO
2018-11-01,6304.18,6360.0,6293.44,6344.0,6344.0,6455.408200000001,7136.64415,45.53996520771544,115.09972348666591,4490.97798078,5404.876169034,VENDI,ALTO
2018-11-02,6344.0,6378.77,6333.94,6349.8,6349.8,6452.684400000001,7128.148500000001,46.07064934665005,110.0804575233327,4182.90368781,5421.878388876,VENDI,ALTO
2018-11-03,6349.8,6351.7,6315.91,6331.96,6331.96,6449.7628,7120.3478000000005,44.63006962412642,104.77399627166608,2572.93306167,5362.3691246495,VENDI,ALTO
2018-11-04,6331.96,6464.15,6313.17,6423.28,6423.28,6447.8548,7111.70395,52.77105451819679,108.07442510940419,4055.76910661,4493.340751788999,VENDI,ALTO
2018-11-05,6423.29,6439.99,6372.0,6404.0,6404.0,6445.9748,7102.353950000001,51.06401437096383,105.21125188730387,4088.66689308,4193.724528578,VENDI,ALTO
2018-11-06,6404.0,6449.65,6387.82,6448.5,6448.5,6449.930799999999,7090.2651000000005,54.70590744303543,102.11259103821074,5512.34724778,4193.978559937999,VENDI,ALTO
2018-11-07,6448.5,6540.0,6448.5,6503.12,6503.12,6453.279199999999,7078.2036,58.7625523671916,101.35454882119569,5832.93617972,4125.014671856499,MANTIENI STATO ATTUALE,ALTO
2018-11-08,6503.12,6511.88,6388.0,6406.24,6406.24,6453.6651999999995,7066.25975,50.178198440395235,102.96350961968172,5335.81077269,4200.9809425095,MANTIENI STATO ATTUALE,ALTO
2018-11-09,6406.24,6415.0,6305.0,6334.89,6334.89,6450.5008,7053.277700000001,44.96799137563388,103.46611607541874,4588.21636599,4259.099626925,VENDI,ALTO
2018-11-10,6334.89,6374.0,6327.46,6347.42,6347.42,6442.449199999999,7036.7893,46.0278583200515,99.39996492717454,2421.62395944,4249.591288568499,VENDI,ALTO
2018-11-11,6347.42,6360.0,6271.15,6357.6,6357.6,6435.454600000001,7024.2474,46.92225430838007,98.64639600380497,2363.52860474,4167.526417464999,VENDI,ALTO
2018-11-12,6357.6,6383.59,6305.95,6327.87,6327.87,6428.0722,7009.5262,44.597879218776924,97.14593914639036,3731.22277403,4152.256271512999,VENDI,ALTO
2018-11-13,6327.87,6328.22,6252.5,6259.34,6259.34,6421.6172,6996.21015,39.714234665537276,95.61551492164821,4686.91466432,4126.9061602895,VENDI,ALTO
2018-11-14,6259.35,6293.38,5280.93,5605.46,5605.46,6404.9886,6977.5875,18.68724445713876,161.10369242724477,32734.2371058,5576.2557704929995,VENDI,ALTO
2018-11-15,5605.01,5645.0,5188.0,5579.52,5579.52,6387.465800000001,6958.54005,18.27389381840608,182.23914296815585,21893.75591627,6464.198063401001,VENDI,ALTO
2018-11-16,5579.5,5609.91,5410.0,5512.24,5512.24,6364.1104000000005,6939.882100000001,17.21056134697585,183.501347041859,9359.82281671,6815.549629116,VENDI,ALTO
2018-11-17,5512.26,5544.0,5450.83,5504.17,5504.17,6341.7936,6922.0415,17.082164865228236,177.0491079674405,4784.39720845,6947.668824282499,VENDI,ALTO
2018-11-18,5503.34,5665.0,5503.34,5560.0,5560.0,6321.3736,6903.8891,21.448255042107505,175.9498859697662,4724.53451302,6834.545761669001,VENDI,ALTO
2018-11-19,5560.0,5560.0,4670.05,4733.5,4733.5,6283.9436,6878.927900000001,11.660025317995036,226.9498941147829,41591.922304,8709.088314252998,VENDI,ALTO
2018-11-20,4736.67,4889.0,4035.0,4349.23,4349.23,6239.471599999999,6852.24905,9.491252663016468,271.7391873922984,66596.87804572,11777.4699604315,VENDI,ALTO
2018-11-21,4349.24,4627.55,4239.01,4545.11,4545.11,6200.404600000001,6825.9746000000005,17.876577197819515,280.0821025785628,28516.37041797,12978.739582291,VENDI,ALTO
2018-11-22,4545.12,4589.0,4238.69,4265.36,4265.36,6156.3912,6799.3014,15.64698843776796,285.09838096580836,13038.24058241,13421.506427020999,VENDI,ALTO
2018-11-23,4268.18,4366.05,4085.73,4283.8,4283.8,6111.1182,6773.955400000001,16.387255424509206,284.7570680396792,19589.94093581,14272.356820728,VENDI,ALTO
2018-11-24,4283.8,4370.78,3650.84,3774.99,3774.99,6054.739199999999,6746.94125,12.997755939409672,315.8415631797021,22955.31007799,15217.333869297003,VENDI,ALTO
2018-11-25,3775.0,4120.0,3456.78,3936.69,3936.69,6002.4244,6720.1242999999995,18.74943696940001,340.65430866686626,39067.0408264,16966.252565963,VENDI,ALTO
2018-11-26,3936.7,4076.25,3508.0,3731.32,3731.32,5945.650799999999,6693.728349999999,17.19465507779462,356.9111437620901,36455.22367637,18513.396387392502,VENDI,ALTO
2018-11-27,3731.01,3830.0,3562.9,3775.0,3775.0,5888.9893999999995,6670.586700000001,18.738125771112053,350.49606206479797,23788.7518536,19411.1871710865,VENDI,ALTO
2018-11-28,3775.01,4365.0,3775.0,4225.03,4225.03,5841.700400000001,6649.336850000001,32.66422272155103,367.6034862030267,35951.14939353,20941.9541021285,VENDI,ALTO
2018-11-29,4224.86,4414.89,4077.88,4248.0,4248.0,5796.1692,6627.14635,33.29260047772763,365.4182371885248,20589.29919427,21742.0082435425,VENDI,ALTO
2018-11-30,4247.99,4297.71,3869.0,3976.0,3976.0,5752.5954,6603.67635,29.751950753994024,369.9390773893445,20010.38688175,22621.446389658002,VENDI,ALTO
2018-12-01,3976.01,4277.0,3910.08,4142.01,4142.01,5711.6754,6581.9991,34.34156120628758,369.72342900439133,10546.5152018,23030.595719511002,VENDI,ALTO
2018-12-02,4142.01,4266.0,4036.0,4103.19,4103.19,5669.819199999999,6560.79505,33.78568227263288,359.7431840755063,11311.33063575,23409.601112597004,VENDI,ALTO
2018-12-03,4102.8,4119.98,3741.95,3833.47,3833.47,5622.8188,6539.6674,30.13575237781994,361.0493852129701,17040.92435324,24027.301597043002,VENDI,ALTO
2018-12-04,3833.47,4035.1,3732.43,3901.84,3901.84,5572.047200000001,6517.98405,32.13709474751458,356.87942912632934,16954.8572436,23238.332603933002,VENDI,ALTO
2018-12-05,3901.84,3912.53,3660.0,3694.39,3694.39,5516.792799999999,6495.277999999999,29.3863830097182,349.4258984744487,14945.0424373,22890.896929984498,VENDI,ALTO
2018-12-06,3694.39,3849.0,3400.0,3433.26,3433.26,5456.584,6469.86,26.331200617550977,356.5383342977023,28942.88212469,23870.049895383498,VENDI,ALTO
2018-12-07,3433.3,3550.0,3212.0,3380.01,3380.01,5396.285,6444.792849999999,25.743433872545467,355.21416756215217,37833.3063615,25522.495353036,VENDI,ALTO
2018-12-08,3380.0,3495.0,3253.66,3401.0,3401.0,5336.6452,6421.85935,26.44046287088709,347.0802984505699,13700.64053347,25971.3006540585,VENDI,ALTO
2018-12-09,3401.0,3642.51,3367.79,3531.18,3531.18,5278.9888,6401.99025,30.780194476115,341.91170570410065,11758.12530578,24479.6108041475,VENDI,ALTO
2018-12-10,3531.18,3590.71,3354.97,3410.15,3410.15,5218.8742,6381.12025,29.063454328585152,334.32801243952207,13513.91205579,21825.462504650997,VENDI,ALTO
2018-12-11,3410.15,3424.92,3293.49,3349.36,3349.36,5157.7084,6360.5715,28.212324391369634,319.8352972652705,11090.98128121,20954.193047813,VENDI,ALTO
2018-12-12,3350.27,3486.16,3325.58,3430.24,3430.24,5098.4104,6341.032950000001,31.103276433524982,308.45991888917973,10524.18793316,20828.4904153505,VENDI,ALTO
2018-12-13,3430.24,3439.63,3227.96,3265.0,3265.0,5035.3908,6320.624750000001,28.57172805899478,301.54635325423834,14265.2612416,20562.256430639998,VENDI,ALTO
2018-12-14,3265.0,3294.9,3135.0,3195.71,3195.71,4971.3934,6301.0635999999995,27.558795837687413,291.42875659322135,14656.53845193,20147.317849337,VENDI,ALTO
2018-12-15,3195.71,3228.69,3128.89,3183.0,3183.0,4906.956,6279.6786,27.367135217608364,277.74098826513415,9343.27239692,18661.129427863,VENDI,ALTO
2018-12-16,3183.01,3258.0,3181.24,3195.0,3195.0,4842.6736,6258.753549999999,27.87713034711001,263.3852033890532,7211.24213116,17198.9303506025,VENDI,ALTO
2018-12-17,3194.99,3585.95,3184.28,3496.82,3496.82,4784.5376,6238.812649999999,39.40214660766016,273.26268886126365,21857.11842817,17102.348679331,VENDI,ALTO
2018-12-18,3497.1,3688.0,3436.5,3667.77,3667.77,4732.573,6219.5799,44.78408357293198,271.7082110854591,16980.16942551,16153.79968093,VENDI,ALTO
2018-12-19,3667.76,3928.15,3637.17,3682.51,3682.51,4680.8706,6199.810349999999,45.235722937334224,273.0847674364977,28456.24369309,16547.146905871,VENDI,ALTO
2018-12-20,3682.51,4175.0,3661.5,4075.34,4075.34,4636.2938,6181.6552,55.64774452646865,290.2572840481765,30698.00488972,17081.5278062695,VENDI,ALTO
2018-12-21,4075.33,4162.27,3775.0,3839.06,3839.06,4586.195,6163.4136499999995,49.546009036355876,297.18676375902106,23496.86262526,17729.045177442502,VENDI,ALTO
2018-12-22,3839.26,4005.0,3790.16,3980.46,3980.46,4538.8082,6145.2534,52.87608617937026,291.3048520619481,9902.76761597,17658.6170264535,VENDI,ALTO
2018-12-23,3981.24,4050.0,3903.6,3944.93,3944.93,4491.0676,6126.703049999999,51.9482733620368,280.95450548609466,10282.4571108,17320.6936643315,VENDI,ALTO
2018-12-24,3944.92,4239.37,3944.92,4034.0,4034.0,4443.282,6108.448399999999,54.121625106966974,281.91846937994507,19713.64189269,17458.632896786,VENDI,ALTO
2018-12-25,4034.0,4045.41,3675.86,3780.0,3780.0,4390.802,6089.2544,47.520886912310964,288.1778644242347,13871.75447137,17404.9684984895,VENDI,ALTO
2018-12-26,3780.0,3849.2,3685.02,3809.88,3809.88,4338.0296,6070.821800000001,48.31939773180851,279.32087410821794,9409.62555727,16428.3056701185,VENDI,ALTO
2018-12-27,3809.88,3841.21,3567.0,3589.89,3589.89,4279.765,6054.9196999999995,43.11757363700324,278.9558116719167,13433.23545408,15208.3021247475,VENDI,ALTO
2018-12-28,3589.89,3971.58,3576.12,3888.06,3888.06,4229.4014,6039.955,50.84211999085886,287.277539409637,16776.66567306,15362.103381727002,VENDI,ALTO
2018-12-29,3887.58,3944.33,3706.0,3729.31,3729.31,4177.2898,6025.87655,47.169385284925944,283.7812865946629,9781.01832186,15263.248032531003,VENDI,ALTO
2018-12-30,3729.31,3863.06,3691.01,3829.0,3829.0,4126.9214,6013.51,49.63009068334543,275.80048040932985,8725.83851536,15023.8443555095,VENDI,ALTO
2018-12-31,3829.0,3835.4,3625.0,3691.86,3691.86,4073.6065999999996,5998.776849999999,46.426499221052346,271.12901752294914,12799.94262556,15109.292422726998,VENDI,ALTO
2019-01-01,3691.87,3841.17,3651.02,3826.1,3826.1,4023.5712,5985.95125,49.839647238431,265.34480198559567,10812.88498825,15123.7272754815,VENDI,ALTO
2019-01-02,3826.1,3916.57,3770.07,3890.79,3890.79,3976.2002,5972.98375,51.44503029388407,256.8558875580531,9982.47084577,14909.58775569,VENDI,ALTO
2019-01-03,3890.8,3893.8,3758.07,3787.57,3787.57,3939.8424,5959.685799999999,48.76325627773561,248.2040384467636,9327.64708895,14643.143187541002,VENDI,ALTO
2019-01-04,3787.57,3849.0,3730.0,3820.82,3820.82,3904.6683999999996,5945.2447999999995,49.673356449583224,238.97517855770906,9225.1505004,14637.237092715,VENDI,ALTO
2019-01-05,3820.82,3874.12,3775.0,3798.62,3798.62,3870.3959999999997,5930.555850000001,49.046936514798496,228.98552294644412,6451.00775001,14599.225373657502,VENDI,ALTO
2019-01-06,3799.99,4088.0,3756.01,4040.99,4040.99,3841.1324,5916.9649,55.62622609098807,236.34298559312668,10057.45367318,14009.242135907998,MANTIENI STATO ATTUALE,ALTO
2019-01-07,4040.98,4070.0,3968.79,4006.01,4006.01,3810.0526,5903.399900000001,54.531805627853956,226.69062947933193,9973.66538481,13658.916933872999,MANTIENI STATO ATTUALE,ALTO
2019-01-08,4005.97,4114.8,3943.36,3993.86,3993.86,3795.2598000000003,5893.0701,54.133413109022314,222.74415594509395,13959.39645383,12934.07457191,MANTIENI STATO ATTUALE,ALTO
2019-01-09,3993.85,4042.2,3962.12,4004.12,4004.12,3788.3576000000003,5882.199250000001,54.436130700990404,212.55385909187297,10704.12810583,11934.3807327155,MANTIENI STATO ATTUALE,ALTO
2019-01-10,4004.13,4035.21,3560.0,3626.12,3626.12,3769.9778,5869.5799,43.13957143762356,231.31501201388204,21869.18380217,11852.996791561,MANTIENI STATO ATTUALE,ALTO
2019-01-11,3626.12,3699.99,3576.0,3635.69,3635.69,3757.3844,5856.5283,43.45947830974385,223.64893972717616,14489.68866805,12082.342844165,VENDI,ALTO
2019-01-12,3634.73,3649.18,3557.29,3619.41,3619.41,3744.0966000000003,5844.25535,43.01610285298619,214.2375868895207,5793.59903748,11857.899940498999,VENDI,ALTO
2019-01-13,3619.38,3641.86,3481.54,3514.24,3514.24,3738.8815999999997,5831.1657000000005,40.16534212398461,210.3863306831264,8288.70074802,11286.652883265499,VENDI,ALTO
2019-01-14,3514.24,3711.11,3509.24,3664.19,3664.19,3733.4316,5820.228349999999,45.69165597294107,209.77802134861741,11241.43679748,11155.136999571001,VENDI,ALTO
2019-01-15,3664.18,3684.38,3538.63,3580.76,3580.76,3730.4204000000004,5807.12035,43.295652310226146,205.2045912522876,10894.51487451,11229.381465433,VENDI,ALTO
2019-01-16,3580.19,3666.73,3572.52,3609.71,3609.71,3727.1146000000003,5793.252949999999,44.385460169087345,197.2764061628385,8894.45981244,11002.442683350999,VENDI,ALTO
2019-01-17,3609.71,3657.0,3541.0,3640.65,3640.65,3715.427,5779.7087,45.58904403530164,191.4709485797786,8924.86466717,10609.8526330565,VENDI,ALTO
2019-01-18,3640.64,3643.69,3580.16,3607.85,3607.85,3702.6240000000003,5764.689,44.48981837033479,182.3323093955087,5977.23699338,10419.6635666325,VENDI,ALTO
2019-01-19,3607.85,3765.9,3604.9,3682.65,3682.65,3696.757,5750.589150000001,47.593141098551506,180.80857301011523,6068.64620532,10286.8039511305,VENDI,ALTO
2019-01-20,3683.5,3703.39,3481.01,3536.19,3536.19,3684.6406,5735.3327500000005,42.574295043371464,183.77796065224982,7430.51959727,10018.332799716,VENDI,ALTO
2019-01-21,3537.56,3568.95,3487.37,3531.76,3531.76,3673.212,5720.326800000001,42.428552246816004,176.47810631994628,6493.83265776,9802.380183191499,VENDI,ALTO
2019-01-22,3531.75,3611.5,3425.0,3577.03,3577.03,3668.0832,5705.211950000001,44.51870336608563,177.19395586852156,9658.63220705,9786.1882512555,VENDI,ALTO
2019-01-23,3577.04,3614.47,3523.64,3553.01,3553.01,3661.1066000000005,5689.2106,43.61392358599092,171.02510187791287,8205.65630491,9730.0887120535,VENDI,ALTO
2019-01-24,3553.01,3595.83,3530.1,3568.97,3568.97,3658.5981999999995,5673.5456,44.42217503836839,163.50402317234767,5827.07203747,9560.184788907,VENDI,ALTO
2019-01-25,3568.97,3578.79,3510.01,3562.17,3562.17,3661.1764000000003,5658.0364,44.13191443435941,156.73802151717996,6834.07115259,9579.337959036002,VENDI,ALTO
2019-01-26,3562.17,3657.76,3540.0,3556.07,3556.07,3664.6976,5644.298250000001,43.855084003593284,153.9538771230957,5602.74054612,9356.602302682999,VENDI,ALTO
2019-01-27,3556.07,3562.9,3470.14,3531.02,3531.02,3667.298,5630.0031500000005,42.6713343544497,149.58288590001746,4286.50898961,9072.244482923,VENDI,ALTO
2019-01-28,3531.02,3535.92,3374.01,3429.95,3429.95,3665.2734,5615.90415,38.19201794981769,150.4633940500162,13775.65442083,9063.057381273,VENDI,ALTO
2019-01-29,3429.95,3438.4,3337.87,3397.42,3397.42,3665.0188,5601.8098,36.85118862871984,146.89672304644364,8709.69730139,8963.335841051,VENDI,ALTO
2019-01-30,3395.74,3459.41,3372.97,3437.55,3437.55,3666.7826,5587.7543000000005,39.66527863569119,142.5783856859834,8513.95881185,8295.574591535,VENDI,ALTO
2019-01-31,3437.55,3473.4,3396.74,3411.5,3411.5,3666.4078000000004,5573.068149999999,38.46692893968738,137.86992956555602,7405.39614964,7941.3599656145,VENDI,ALTO
2019-02-01,3411.5,3458.26,3369.62,3437.5,3437.5,3669.8578,5556.6116,40.40225088807379,134.3535060251592,8806.60171078,8092.0100992795,VENDI,ALTO
2019-02-02,3437.5,3483.25,3414.49,3468.43,3468.43,3675.3122000000003,5537.3787,42.710644291432395,129.6682555947907,3967.92350855,7875.971237306,VENDI,ALTO
2019-02-03,3468.43,3471.76,3386.45,3414.78,3414.78,3679.9478000000004,5517.55765,39.82891653815301,126.4998087665914,4606.56891409,7544.227843136499,VENDI,ALTO
2019-02-04,3415.69,3435.0,3395.1,3409.57,3409.57,3684.2392000000004,5497.255450000001,39.54984579991093,120.31410814040632,6032.81895284,7301.143047053,VENDI,ALTO
2019-02-05,3409.57,3429.46,3400.0,3428.4,3428.4,3682.8708,5477.72515,41.15466146330075,113.82452898752017,6385.43577243,7175.6918450525,VENDI,ALTO
2019-02-06,3428.41,3441.0,3340.8,3367.36,3367.36,3676.8625999999995,5457.52195,37.664034281506446,112.85134834555443,9820.67219128,7220.482221257999,VENDI,ALTO
2019-02-07,3366.01,3383.14,3352.01,3359.0,3359.0,3670.3923999999997,5437.327950000001,37.198675043297264,107.0141091780148,8613.79912675,7352.3103279265,VENDI,ALTO
2019-02-08,3358.99,3711.0,3344.0,3621.99,3621.99,3661.3254,5416.83745,55.72946443881303,125.58452995101375,17649.47598021,7931.351816671,VENDI,ALTO
2019-02-09,3622.0,3644.08,3597.0,3623.73,3623.73,3657.0188,5393.0286,55.822344496124785,119.97706352594133,5155.45743968,7817.5987087915,VENDI,ALTO
2019-02-10,3623.73,3654.28,3578.59,3648.84,3648.84,3650.3864000000003,5370.487050000001,57.2172927870336,116.81370184551696,5364.52948065,7761.133549936001,VENDI,ALTO
2019-02-11,3648.85,3652.0,3579.38,3590.36,3590.36,3643.295,5348.7789,53.01846619450708,113.65700885655146,8819.26148262,7719.1650137145,VENDI,ALTO
2019-02-12,3590.36,3618.77,3550.0,3588.06,3588.06,3634.3762,5325.7981500000005,52.854186011562625,110.45079393822635,8347.13611385,7726.2390041615,VENDI,ALTO
2019-02-13,3588.06,3627.99,3562.98,3576.68,3576.68,3630.3098,5302.53705,51.99571685209914,107.20502294263873,7024.94220353,7786.132512464499,VENDI,ALTO
2019-02-14,3576.69,3589.0,3535.1,3561.5,3561.5,3625.3421999999996,5279.26285,50.81019286611516,103.39752130387883,6197.23550751,7754.2907302104995,VENDI,ALTO
2019-02-15,3561.49,3620.22,3545.89,3566.59,3566.59,3624.8762,5256.245749999999,51.21187966167292,101.3212697821732,7447.04312687,7846.505859248001,VENDI,ALTO
2019-02-16,3566.59,3607.36,3565.5,3582.37,3582.37,3618.7624000000005,5235.52125,52.506726615185066,97.0740362263037,4351.61748343,7849.761283939,VENDI,ALTO
2019-02-17,3582.37,3675.0,3557.43,3625.08,3625.08,3616.6777999999995,5215.6267,55.91695302779621,98.53803363871059,6402.7929,7481.118207897501,MANTIENI STATO ATTUALE,ALTO
2019-02-18,3625.08,3917.0,3616.18,3867.0,3867.0,3617.4378,5197.292100000001,69.34427896801346,112.98674552165984,16895.18406274,7890.392545965001,MANTIENI STATO ATTUALE,ALTO
2019-02-19,3867.0,3969.54,3841.54,3888.01,3888.01,3621.3608000000004,5179.66175,70.19339948622641,114.05912084154129,14845.22658779,8206.955934762002,MANTIENI STATO ATTUALE,ALTO
2019-02-20,3888.37,3967.19,3867.13,3938.99,3938.99,3623.6186,5164.3317,72.20517797304636,113.05918363857405,8929.2721525,8283.149734905,MANTIENI STATO ATTUALE,ALTO
2019-02-21,3939.0,3988.0,3869.45,3897.71,3897.71,3623.757,5148.6702,68.19167480136441,113.45138480724735,8806.93272354,8283.166285543,MANTIENI STATO ATTUALE,ALTO
2019-02-22,3897.71,3956.43,3886.15,3942.02,3942.02,3626.8460000000005,5133.690299999999,70.11210007524878,110.36771446387253,7667.21817378,8468.131018804499,MANTIENI STATO ATTUALE,ALTO
2019-02-23,3942.02,4156.1,3911.3,4110.0,4110.0,3632.6296,5120.6492,76.0223269716124,119.97002057359593,10844.79746285,8780.042446242502,MANTIENI STATO ATTUALE,ALTO
2019-02-24,4110.0,4188.79,3712.84,3734.22,3734.22,3631.3416,5107.9078,51.49177253425951,145.39716196119622,17002.16745501,9328.509871351,MANTIENI STATO ATTUALE,ALTO
2019-02-25,3734.23,3860.0,3731.09,3818.79,3818.79,3626.8976000000002,5094.2695,55.01019261806479,144.21950753539647,11164.08173195,9567.442169327001,MANTIENI STATO ATTUALE,ALTO
2019-02-26,3818.78,3826.37,3763.71,3799.48,3799.48,3622.7670000000003,5082.53685,54.04625589609272,138.3938284257253,6520.29872931,9402.4234962285,MANTIENI STATO ATTUALE,ALTO
2019-02-27,3799.49,3823.13,3655.0,3799.91,3799.91,3618.888,5070.3586,54.06555844518932,140.51784068103063,8297.56906415,9386.6119930985,MANTIENI STATO ATTUALE,ALTO
2019-02-28,3800.35,3910.0,3754.37,3792.14,3792.14,3614.6483999999996,5057.73925,53.62721326033657,141.5972806323856,9852.47269969,8996.7618290725,MANTIENI STATO ATTUALE,ALTO
2019-03-01,3792.14,3843.0,3791.31,3806.17,3806.17,3618.2494,5045.50175,54.34697122284161,135.17533201578664,6816.69897242,9079.823905709502,MANTIENI STATO ATTUALE,ALTO
2019-03-02,3806.17,3818.08,3763.0,3809.7,3809.7,3621.7296,5033.5752,54.5381642147662,129.45423687180187,3720.64470762,8997.629667058001,MANTIENI STATO ATTUALE,ALTO
2019-03-03,3809.7,3815.48,3763.62,3786.93,3786.93,3625.08,5021.1648000000005,52.99638692313095,123.91179138095889,4100.67673393,8761.700429623499,MANTIENI STATO ATTUALE,ALTO
2019-03-04,3786.93,3804.99,3672.39,3700.72,3700.72,3628.8096,5008.0889,47.51906446505852,124.53237771089039,8335.76872427,8761.1320601445,MANTIENI STATO ATTUALE,ALTO
2019-03-05,3700.02,3876.65,3692.36,3844.59,3844.59,3632.4176,4994.3844,55.7401515947833,128.80077930296963,9534.91911905,8886.630905920501,MANTIENI STATO ATTUALE,ALTO
2019-03-06,3844.59,3894.7,3812.0,3851.89,3851.89,3637.8401999999996,4981.66065,56.11579281226254,125.50786649561465,6911.18572899,8922.3284169945,MANTIENI STATO ATTUALE,ALTO
2019-03-07,3851.89,3891.0,3830.79,3857.05,3857.05,3642.7870000000003,4968.498250000001,56.397492462708485,120.84373317449933,7308.01574651,8915.377047976499,MANTIENI STATO ATTUALE,ALTO
2019-03-08,3857.04,3910.88,3771.0,3843.12,3843.12,3646.8364,4956.42015,55.36427026148585,122.20346651917797,8988.38343108,9147.215345359,MANTIENI STATO ATTUALE,ALTO
2019-03-09,3842.62,3947.33,3834.59,3917.0,3917.0,3653.0194,4943.6257000000005,59.59248055251737,121.52750462495095,5821.05637535,9118.1285191265,MANTIENI STATO ATTUALE,ALTO
2019-03-10,3917.0,3917.0,3867.84,3900.92,3900.92,3657.3848,4931.33035,58.29807025327863,116.35839715174016,3602.23313878,8453.4809729285,MANTIENI STATO ATTUALE,ALTO
2019-03-11,3900.93,3911.83,3817.01,3849.68,3849.68,3663.6546000000003,4917.9469500000005,54.2539884918701,114.81994021233014,6170.4651356,8019.742900318999,MANTIENI STATO ATTUALE,ALTO
2019-03-12,3849.67,3875.33,3796.71,3860.0,3860.0,3670.2194,4903.79255,54.932080333469756,112.2342301971637,6921.17284956,7919.337935172,MANTIENI STATO ATTUALE,ALTO
2019-03-13,3860.0,3871.02,3827.5,3851.02,3851.02,3675.6992,4889.36005,54.17950216241699,107.3260708973663,5689.69622247,7763.4761101184995,MANTIENI STATO ATTUALE,ALTO
2019-03-14,3851.02,3900.0,3779.28,3853.95,3853.95,3681.718,4875.0799,54.39902296689958,108.28278011898297,7895.18815498,7774.8746091785015,MANTIENI STATO ATTUALE,ALTO
2019-03-15,3853.95,3910.0,3846.79,3902.8,3902.8,3688.3946,4860.0344000000005,58.01090859940812,105.06329582476991,6794.31389855,7572.3504309635,MANTIENI STATO ATTUALE,ALTO
2019-03-16,3902.8,4037.47,3900.89,3990.0,3990.0,3696.9512,4844.62935,63.55947810742735,107.31448898014348,6801.89533817,7062.3368251215,MANTIENI STATO ATTUALE,ALTO
2019-03-17,3990.0,3991.0,3936.3,3967.01,3967.01,3705.17,4829.3099,61.26102329240206,103.55631119584751,3579.86643543,6683.126060295499,MANTIENI STATO ATTUALE,ALTO
2019-03-18,3967.01,4015.7,3937.69,3970.5,3970.5,3713.9596,4814.2474,61.488698104809664,101.73157468185839,5613.64637341,6637.793442500499,MANTIENI STATO ATTUALE,ALTO
2019-03-19,3969.68,4009.61,3952.08,4000.85,4000.85,3725.3776000000003,4799.176600000001,63.49780820662568,98.57431934743995,5889.02569989,6517.3662742875,MANTIENI STATO ATTUALE,ALTO
2019-03-20,4000.85,4044.82,3965.43,4031.85,4031.85,3738.0661999999998,4783.38045,65.4788277218156,97.20401082262285,7321.39290672,6390.812284639,MANTIENI STATO ATTUALE,ALTO
2019-03-21,4032.68,4056.33,3915.14,3972.76,3972.76,3748.7704,4766.76925,58.91533317582399,100.34586719243552,9362.01127686,6518.077899861,MANTIENI STATO ATTUALE,ALTO
2019-03-22,3972.76,3998.01,3961.7,3983.78,3983.78,3760.216,4750.40325,59.726126057978995,95.77187667869015,5137.20746387,6588.9060376735,MANTIENI STATO ATTUALE,ALTO
2019-03-23,3983.77,3997.01,3960.25,3983.43,3983.43,3771.1345999999994,4733.520399999999,59.68583834730464,91.5567426302123,4145.33997822,6591.139199888001,MANTIENI STATO ATTUALE,ALTO
2019-03-24,3982.45,3982.45,3946.0,3969.52,3969.52,3781.1564000000003,4719.9282,58.011039476133476,87.69054672805427,2699.83001403,6309.3422643760005,MANTIENI STATO ATTUALE,ALTO
2019-03-25,3969.52,3976.47,3858.0,3907.53,3907.53,3791.0114000000003,4706.99085,51.12591712005385,89.8890791046218,6471.85662029,6156.189139438,MANTIENI STATO ATTUALE,ALTO
2019-03-26,3907.54,3923.9,3880.64,3921.45,3921.45,3801.249,4694.62305,52.48953466807085,86.55843059714883,4279.07361049,6024.583533513,MANTIENI STATO ATTUALE,ALTO
2019-03-27,3922.41,4035.8,3914.9,4026.53,4026.53,3813.2115999999996,4683.8157,61.273452320735785,89.01139984020963,6852.41006794,6001.8032495845,MANTIENI STATO ATTUALE,ALTO
2019-03-28,4026.54,4026.54,3994.0,4011.17,4011.17,3826.0878000000002,4672.6965,59.54057494892737,84.9777284230518,4867.33830466,5795.7509932635,MANTIENI STATO ATTUALE,ALTO
2019-03-29,4011.98,4101.5,4007.78,4091.01,4091.01,3840.7280000000005,4661.65155,65.07030872799027,85.6021763928338,9955.46857667,6002.4716033295,MANTIENI STATO ATTUALE,ALTO
2019-03-30,4091.01,4131.87,4042.51,4094.14,4094.14,3850.171,4650.709599999999,65.2707046964108,85.87059236477423,5262.21344691,6085.470618736001,MANTIENI STATO ATTUALE,ALTO
2019-03-31,4094.14,4103.0,4077.01,4094.99,4094.99,3859.5962,4639.55455,65.32887768884828,81.59340719586176,3140.83701306,5933.989212609,MANTIENI STATO ATTUALE,ALTO
2019-04-01,4095.0,4149.5,4051.53,4137.0,4137.0,3869.3593999999994,4627.8096,68.16694200504307,82.76316382472876,7951.26492707,5985.4938164845,MANTIENI STATO ATTUALE,ALTO
2019-04-02,4137.01,5121.0,4132.02,4901.93,4901.93,3895.5908,4619.929050000001,87.78058807860643,147.49293783724812,38406.93211632,7621.355611176999,ACQUISTA,ALTO
2019-04-03,4901.92,5345.0,4787.11,4975.97,4975.97,3923.349,4612.2155,88.51802674305105,176.80701370601614,39435.72650644,9198.382528749999,ACQUISTA,ALTO
2019-04-04,4975.13,5071.34,4778.0,4906.49,4906.49,3949.9452,4604.25795,83.42970692919346,185.1307984413007,16348.20012368,9676.076840006499,ACQUISTA,ALTO
2019-04-05,4907.92,5066.59,4887.34,5040.66,5040.66,3979.5284,4598.2077500000005,85.19905186062758,184.71074140977922,11681.37430365,9920.0507882805,ACQUISTA,ALTO
2019-04-06,5040.95,5244.04,4925.0,5049.22,5049.22,4009.1810000000005,4591.77535,85.30684728766855,194.30568845193784,12091.44129438,10345.629531228002,ACQUISTA,ALTO
2019-04-07,5049.18,5270.33,5029.7,5194.79,5194.79,4041.4294,4585.814600000001,87.03599744698,197.614567848228,10156.6009031,10572.7772577125,MANTIENI STATO ATTUALE,ALTO
2019-04-08,5194.76,5352.5,5132.28,5285.54,5285.54,4074.6385999999998,4579.776750000001,87.98527049280848,199.2292415733546,15666.45276154,11061.648610795,ACQUISTA,ALTO
2019-04-09,5286.82,5287.0,5145.0,5187.21,5187.21,4101.0428,4571.9628,81.05932435332305,195.1414386038293,9741.06958958,11182.632444937999,MANTIENI STATO ATTUALE,ALTO
2019-04-10,5187.21,5488.0,5164.49,5318.58,5318.58,4129.6542,4565.01905,82.98624629505045,204.31062156069868,16740.40012691,11551.551887440499,ACQUISTA,ALTO
2019-04-11,5322.02,5342.74,4967.24,5041.3,5041.3,4151.7004,4556.7406,67.40017355559542,216.53843430636306,16499.10831947,12119.646930220499,ACQUISTA,MEDIO
2019-04-12,5040.11,5118.56,4901.99,5078.19,5078.19,4175.31,4549.2211,68.25443045381037,216.54068899876575,9952.12636385,12409.986249502,MANTIENI STATO ATTUALE,MEDIO
2019-04-13,5078.19,5123.28,5036.74,5066.22,5066.22,4197.794,4542.36775,67.63510977054077,207.2549254988539,4288.93959827,12489.441728714,MANTIENI STATO ATTUALE,MEDIO
2019-04-14,5065.02,5191.19,5013.81,5164.27,5164.27,4218.8794,4535.9108,70.03369964680451,205.1210022489357,4408.9676634,12386.2972808695,MANTIENI STATO ATTUALE,ALTO
2019-04-15,5163.81,5193.01,4945.54,5029.99,5029.99,4244.7948,4527.6607,63.13309199132288,208.14593065972605,10155.67146076,12680.127173383,MANTIENI STATO ATTUALE,MEDIO
2019-04-16,5029.99,5229.97,5016.45,5202.9,5202.9,4272.477,4520.57515,67.56497210400343,208.52979275545994,8624.24494496,12768.718917233999,MANTIENI STATO ATTUALE,MEDIO
2019-04-17,5201.21,5272.32,5173.11,5227.0,5227.0,4301.0274,4513.805149999999,68.13985664347186,200.72123613006994,7415.7258123,12896.138292616,MANTIENI STATO ATTUALE,MEDIO
2019-04-18,5227.0,5318.18,5222.26,5281.81,5281.81,4330.6654,4507.1892,69.46537687369909,193.2354335493507,8234.19965894,12810.074846729502,MANTIENI STATO ATTUALE,MEDIO
2019-04-19,5280.5,5359.47,5196.7,5290.36,5290.36,4360.629800000001,4500.77685,69.67730927899305,191.05933115296853,6330.55080825,12863.491714796499,MANTIENI STATO ATTUALE,MEDIO
2019-04-20,5290.37,5359.98,5260.24,5319.89,5319.89,4390.9042,4494.884,70.44041575654971,184.53652178489932,4905.68285834,12951.7340070605,MANTIENI STATO ATTUALE,ALTO
2019-04-21,5319.9,5349.16,5213.34,5297.64,5297.64,4420.663,4489.04205,69.03076559498109,181.05677022883506,5748.50732462,12841.596126937999,MANTIENI STATO ATTUALE,MEDIO
2019-04-22,5297.64,5440.84,5250.45,5387.6,5387.6,4452.6764,4483.2428,71.51298672169553,181.723429498204,12286.70533914,11535.584788079,ACQUISTA,ALTO
2019-04-23,5387.6,5650.01,5361.01,5532.75,5532.75,4489.317,4477.93685,74.99541320825338,189.38604167690372,18208.5965253,10474.228289022,ACQUISTA,ALTO
2019-04-24,5532.75,5624.47,5374.0,5441.9,5441.9,4521.2632,4472.3842,69.28622313164222,193.7491815571249,15137.83284352,10413.709925014,ACQUISTA,MEDIO
2019-04-25,5440.59,5512.12,4963.0,5134.81,5134.81,4546.921600000001,4465.20825,54.25200033681974,219.13281144590167,18152.86625521,10737.284522592,MANTIENI STATO ATTUALE,BASSO
2019-04-26,5134.82,5295.03,5041.14,5159.51,5159.51,4572.9708,4457.96545,55.09598628851538,221.61546777119437,14423.59230926,10853.892073336,MANTIENI STATO ATTUALE,BASSO
2019-04-27,5159.5,5221.24,5117.46,5170.6,5170.6,4599.520399999999,4450.87105,55.493004711921714,213.19864864468047,4268.747635,10559.499409931,MANTIENI STATO ATTUALE,BASSO
2019-04-28,5171.9,5214.5,5101.0,5155.0,5155.0,4624.2804,4444.023249999999,54.75956699536763,206.07731659863188,4913.46465612,10021.850004659998,MANTIENI STATO ATTUALE,BASSO
2019-04-29,5155.0,5189.54,5072.01,5148.25,5148.25,4649.227,4438.99105,54.42438369227886,199.75250827015816,7338.23455569,9901.7082529655,MANTIENI STATO ATTUALE,BASSO
2019-04-30,5148.25,5285.0,5126.25,5270.69,5270.69,4677.647199999999,4434.40445,59.291900200561486,196.8237576794326,7270.79721224,9428.228107232,MANTIENI STATO ATTUALE,BASSO
2019-05-01,5270.68,5358.39,5265.61,5321.15,5321.15,4706.870199999999,4430.0302,61.13416273238099,189.3920607023303,7327.28530895,8969.636956706,MANTIENI STATO ATTUALE,MEDIO
2019-05-02,5321.15,5422.99,5306.09,5390.01,5390.01,4737.65,4426.062800000001,63.5578633669197,184.21405636644954,7324.97455784,8838.2793664055,MANTIENI STATO ATTUALE,MEDIO
2019-05-03,5390.0,5796.93,5363.0,5657.4,5657.4,4773.719,4422.1476999999995,71.09555559451813,202.05090948313176,19730.73219167,9610.3689960755,ACQUISTA,ALTO
2019-05-04,5657.41,5846.88,5512.0,5770.01,5770.01,4811.0632000000005,4418.7122,73.57453901104444,211.5387016629081,11070.84484696,9943.462855253501,ACQUISTA,ALTO
2019-05-05,5770.01,5782.22,5627.35,5715.86,5715.86,4845.580400000001,4415.073,70.44579344931603,207.49093725841465,5764.75926622,9723.917245526502,MANTIENI STATO ATTUALE,ALTO
2019-05-06,5715.86,5753.66,5564.93,5687.9,5687.9,4879.9982,4411.5377,68.81848018786721,206.150870311385,9144.01872377,9749.905934467,MANTIENI STATO ATTUALE,MEDIO
2019-05-07,5687.9,5974.51,5687.9,5748.45,5748.45,4915.557199999999,4408.365,70.41247324702711,211.89795100342897,16066.74315422,10182.456801563,ACQUISTA,ALTO
2019-05-08,5748.47,5990.0,5656.26,5948.41,5948.41,4954.5084,4406.03705,74.96409447977916,220.60095450318403,12720.17516002,10406.755576617,ACQUISTA,ALTO
2019-05-09,5947.0,6171.1,5934.49,6153.09,6153.09,4996.9332,4404.7231,78.5941044409445,221.74445775295663,15697.64557254,10875.1103148315,ACQUISTA,ALTO
2019-05-10,6153.09,6430.0,6108.81,6343.14,6343.14,5044.3408,4404.40055,81.30464209943813,228.8477107706026,17600.38078264,11509.845211046499,ACQUISTA,ALTO
2019-05-11,6342.99,7464.13,6342.98,7219.95,7219.95,5109.0642,4408.524600000001,88.52437055283006,292.58358857270247,37819.24015936,13113.381852783501,ACQUISTA,ALTO
2019-05-12,7215.02,7581.82,6755.0,6979.76,6979.76,5168.9908000000005,4411.3435,79.47063371016193,330.74333224608085,41012.54156875,14549.673664263999,ACQUISTA,ALTO
2019-05-13,6979.24,8195.0,6864.93,7824.93,7824.93,5246.099,4418.49025,85.20469924017806,402.1238085142179,47215.37160625,16000.0124183115,ACQUISTA,ALTO
2019-05-14,7822.88,8350.0,7621.27,7990.92,7990.92,5327.766799999999,4426.4205,86.02998888374962,425.45282219177375,39515.75092642,17218.9083224565,ACQUISTA,ALTO
2019-05-15,7990.92,8308.16,7831.77,8203.32,8203.32,5413.404199999999,4435.3915,87.02717117169264,429.09119203521846,24928.15679387,17557.6728493895,ACQUISTA,ALTO
2019-05-16,8203.33,8388.0,7660.74,7878.96,7878.96,5490.4528,4442.7682,77.88425124939506,450.38896403270286,29391.33326238,18306.0598970455,ACQUISTA,ALTO
2019-05-17,7881.39,7940.75,6600.0,7363.69,7363.69,5557.503200000001,4448.256649999999,66.01866879984797,513.9861808875098,47374.72004433,20461.358517512,ACQUISTA,ALTO
2019-05-18,7363.85,7491.22,7204.42,7262.4,7262.4,5620.9310000000005,4453.2305,63.955965015549744,497.758596538402,11074.40023056,20769.405296234,MANTIENI STATO ATTUALE,ALTO
2019-05-19,7262.39,8315.0,7252.58,8200.0,8200.0,5703.048200000001,4462.7096,72.51615350301583,538.0915539285162,25170.35141068,21661.0111389835,ACQUISTA,ALTO
2019-05-20,8194.34,8199.53,7570.31,7999.54,7999.54,5781.1392000000005,4470.987300000001,68.7564123734562,544.6343000764793,25402.08288327,22567.575422535003,ACQUISTA,ALTO
2019-05-21,7998.94,8112.99,7805.34,7951.7,7951.7,5857.4332,4478.9968,67.85227232089645,527.7068500710166,14246.43358032,22913.5328361035,MANTIENI STATO ATTUALE,ALTO
2019-05-22,7951.69,8044.32,7506.12,7626.48,7626.48,5911.9242,4485.4694,61.893731420491065,528.4563607802297,17522.65516801,23423.416866612,MANTIENI STATO ATTUALE,ALTO
2019-05-23,7622.25,7984.9,7467.1,7881.98,7881.98,5970.0444,4492.7629,64.52912663230396,527.6951921530704,14905.94956167,23182.177735112,MANTIENI STATO ATTUALE,ALTO
2019-05-24,7878.16,8175.0,7794.73,8001.7,8001.7,6031.9486,4500.7514,65.72527165333662,517.164821284994,14767.93865471,23367.0324254995,MANTIENI STATO ATTUALE,ALTO
2019-05-25,8001.69,8149.0,7941.25,8063.81,8063.81,6092.4116,4508.82795,66.35908196173489,495.06376262178014,5373.26586404,23347.4577553905,MANTIENI STATO ATTUALE,ALTO
2019-05-26,8063.68,8793.97,7881.7,8731.72,8731.72,6166.0616,4519.97095,72.29271122693478,524.8642081487958,19430.80768485,23861.7972034445,MANTIENI STATO ATTUALE,ALTO
2019-05-27,8732.34,8947.88,8611.44,8772.29,8772.29,6237.6116,4531.8012,72.60874697779698,511.40533613816746,18163.72218119,23966.646154793,MANTIENI STATO ATTUALE,ALTO
2019-05-28,8772.29,8822.46,8545.0,8715.36,8715.36,6306.208,4543.70355,71.37839374958718,494.69495498544114,11990.4786465,23930.161329117,MANTIENI STATO ATTUALE,ALTO
2019-05-29,8715.36,8760.43,8426.09,8662.44,8662.44,6375.7126,4555.27865,70.18779396780805,483.2410296293382,12327.60538948,23761.659319963997,MANTIENI STATO ATTUALE,ALTO
2019-05-30,8662.44,9090.0,7972.0,8279.69,8279.69,6434.9348,4564.889099999999,62.11743932673152,528.5809560843854,31707.59661067,24467.0201113655,ACQUISTA,ALTO
2019-05-31,8279.69,8580.0,8110.0,8554.06,8554.06,6505.19,4576.02005,65.20590435015407,524.3966020783579,16598.9906999,23406.007638392497,MANTIENI STATO ATTUALE,ALTO
2019-06-01,8554.06,8618.0,8452.21,8558.95,8558.95,6574.8052,4587.5181,65.26026526751764,498.7818447870467,7486.03153748,21729.682136829,MANTIENI STATO ATTUALE,ALTO
2019-06-02,8558.8,8834.0,8550.0,8736.55,8736.55,6648.211799999999,4603.1735499999995,67.2608954066433,483.4402844451148,5865.28679631,19662.177896332,MANTIENI STATO ATTUALE,ALTO
2019-06-03,8736.55,8742.48,8030.46,8107.96,8107.96,6707.0856,4615.81575,55.154143484865216,499.7674069847494,16677.69381419,18520.275040720502,MANTIENI STATO ATTUALE,ALTO
2019-06-04,8104.95,8104.95,7427.0,7670.96,7670.96,6759.905,4626.60935,48.60420135553471,512.7097350572674,30486.58038816,18798.196220435,MANTIENI STATO ATTUALE,ALTO
2019-06-05,7671.07,7932.87,7570.0,7789.48,7789.48,6811.636600000001,4638.0359,50.32715365517135,502.0068968388911,13294.21843767,17993.3404791995,MANTIENI STATO ATTUALE,ALTO
2019-06-06,7787.36,7874.68,7450.0,7805.0,7805.0,6863.1966,4649.2609,50.560876495358706,496.4835470646846,12526.0791548,16250.908434723,MANTIENI STATO ATTUALE,ALTO
2019-06-07,7805.0,8134.29,7756.79,7998.13,7998.13,6917.523,4665.58405,53.493386687372876,487.98472227435,12669.68777089,16330.6728117395,MANTIENI STATO ATTUALE,ALTO
2019-06-08,7998.13,8059.99,7786.01,7930.14,7930.14,6970.3186,4683.488600000001,52.316890100189305,472.698670683325,5088.51192976,15326.580837693498,MANTIENI STATO ATTUALE,ALTO
2019-06-09,7930.14,7960.0,7508.77,7634.58,7634.58,7016.6124,4698.93595,47.43309595782679,471.16519420594466,7667.4720151,14439.850294285,MANTIENI STATO ATTUALE,ALTO
2019-06-10,7635.05,8097.35,7516.9,8015.69,8015.69,7070.9734,4717.687599999999,53.465370019754914,478.971251762663,9866.51844682,14220.85453761,MANTIENI STATO ATTUALE,ALTO
2019-06-11,8015.7,8057.19,7702.83,7918.17,7918.17,7121.5848,4735.85945,51.82648512594132,470.0704480653299,7810.18254388,13735.230906403498,MANTIENI STATO ATTUALE,ALTO
2019-06-12,7913.64,8292.43,7817.0,8176.02,8176.02,7174.4502,4757.8646,55.69370968239558,470.45327320352067,12826.8715595,13631.277006295,MANTIENI STATO ATTUALE,ALTO
2019-06-13,8176.03,8329.99,8048.75,8239.04,8239.04,7230.393,4779.3763500000005,56.610503369772196,456.9380394032692,8631.6679812,13324.463472619502,MANTIENI STATO ATTUALE,ALTO
2019-06-14,8239.04,8738.92,8180.08,8697.46,8697.46,7301.646,4804.20705,62.66277131154011,464.2167508744643,12739.93242229,13692.796800532,MANTIENI STATO ATTUALE,ALTO
2019-06-15,8697.45,8916.63,8588.7,8860.23,8860.23,7375.660399999999,4829.6332,64.55338911238191,454.48198295485963,9997.17582098,13221.115207338498,MANTIENI STATO ATTUALE,ALTO
2019-06-16,8856.13,9388.0,8799.7,8975.0,8975.0,7451.7483999999995,4853.38305,65.86585898371311,464.04041274379824,22620.39051169,13443.9486238635,ACQUISTA,ALTO
2019-06-17,8975.78,9475.0,8975.78,9333.14,9333.14,7535.3112,4878.80875,69.64315011410605,466.6089546906698,20653.48868711,13877.099125894,ACQUISTA,ALTO
2019-06-18,9333.08,9359.48,8919.72,9078.48,9078.48,7613.915800000001,4904.32115,64.20267078955357,464.69117221276485,16415.4159215,14081.489652494998,ACQUISTA,ALTO
2019-06-19,9078.48,9319.5,9035.75,9277.54,9277.54,7694.0528,4929.9988,66.4114769890722,451.766802768996,9225.45675764,12957.3826598435,MANTIENI STATO ATTUALE,ALTO
2019-06-20,9277.55,9599.0,9210.3,9531.21,9531.21,7778.253999999999,4957.1389,69.03368036208792,447.2620311426392,12144.51015941,12734.658632818999,MANTIENI STATO ATTUALE,ALTO
2019-06-21,9531.21,10245.0,9531.21,10236.2,10236.2,7875.1777999999995,4989.15255,74.89870809547547,466.29974320387936,24905.11878991,13605.6129954405,ACQUISTA,ALTO
2019-06-22,10235.59,11215.89,10080.0,10666.86,10666.86,7975.367000000001,5022.97765,77.67979704659555,514.1276186893165,38347.96821307,15229.747066278502,ACQUISTA,ALTO
2019-06-23,10666.87,11284.44,10490.0,10833.02,10833.02,8076.6272,5058.6708,78.66210359377772,534.1499316400797,17386.65814456,15265.195282797,ACQUISTA,ALTO
2019-06-24,10833.0,11091.97,10550.21,11032.32,11032.32,8182.9564,5096.6660999999995,79.80987000989711,534.6935079515026,15499.05518954,14515.819022866,ACQUISTA,ALTO
2019-06-25,11030.8,11788.88,10997.0,11755.53,11755.53,8304.309000000001,5138.5437,83.31677316478454,553.0639716692524,25027.55358061,15102.485780013001,ACQUISTA,ALTO
2019-06-26,11754.25,13868.44,11350.0,12927.44,12927.44,8447.8888,5186.175899999999,87.19736895682802,693.4479736928773,82377.604193,18595.062031923,ACQUISTA,ALTO
2019-06-27,12927.44,13358.68,10300.0,11159.29,11159.29,8552.1064,5224.31645,63.28076136393813,862.3931184291005,77275.98772137,21825.377029447,ACQUISTA,ALTO
2019-06-28,11159.29,12444.77,10737.87,12360.45,12360.45,8676.2536,5269.067950000001,69.41747638738202,922.7150385413076,42092.85495596,23675.594180756998,ACQUISTA,ALTO
2019-06-29,12360.42,12379.99,11318.94,11865.29,11865.29,8786.696600000001,5311.647599999999,64.62281915811388,932.5961072169284,28879.34994129,24736.1880770665,ACQUISTA,ALTO
2019-06-30,11869.84,12200.0,10650.06,10761.26,10761.26,8857.5228,5348.302699999999,55.42991086556857,976.6920995585765,28722.48538952,25678.9864242015,MANTIENI STATO ATTUALE,ALTO
2019-07-01,10761.26,11210.52,9953.0,10577.63,10577.63,8929.4802,5384.865849999999,54.052602827495065,996.7512353043925,39825.95471069,27279.775032542,MANTIENI STATO ATTUALE,ALTO
2019-07-02,10578.23,10925.0,9651.0,10829.18,10829.18,8989.565200000001,5423.0332,55.6773218559543,1016.554718496936,43614.89365309,28819.1761372215,MANTIENI STATO ATTUALE,ALTO
2019-07-03,10829.19,12014.6,10829.19,11976.42,11976.42,9069.2752,5467.000299999999,62.23591848298502,1028.6165243185835,38216.68004129,30298.426740225997,MANTIENI STATO ATTUALE,ALTO
2019-07-04,11976.01,12064.26,11035.01,11136.0,11136.0,9127.9288,5506.705299999999,55.730105512723526,1028.661772581542,22601.37480257,30791.498859239997,MANTIENI STATO ATTUALE,ALTO
2019-07-05,11137.87,11449.51,10761.8,11004.51,11004.51,9190.4398,5544.24375,54.76550258013543,1004.3080745400033,20737.37976413,31328.5090563975,MANTIENI STATO ATTUALE,ALTO
2019-07-06,10994.99,11723.6,10980.09,11237.77,11237.77,9267.9214,5582.09375,56.21338183598924,985.6796406442888,15612.77821957,30978.128441791498,MANTIENI STATO ATTUALE,ALTO
2019-07-07,11237.77,11620.0,11084.31,11474.42,11474.42,9352.1618,5621.0533000000005,57.69292124098558,953.5375234554111,11293.22901394,30510.115458133,MANTIENI STATO ATTUALE,ALTO
2019-07-08,11474.44,12395.0,11328.01,12293.53,12293.53,9434.0324,5662.14425,62.42550866127686,961.6412717800247,20423.56124492,30710.522724304,MANTIENI STATO ATTUALE,ALTO
2019-07-09,12293.39,12829.96,12105.32,12571.11,12571.11,9525.4638,5705.804499999999,63.89928648873986,944.712609510023,27431.42201721,31620.820987282503,MANTIENI STATO ATTUALE,ALTO
2019-07-10,12572.12,13202.63,11553.21,12097.96,12097.96,9608.389000000001,5746.392,59.60752706573717,995.0488516878785,41379.8431996,33082.587639292,ACQUISTA,ALTO
2019-07-11,12097.48,12097.93,10933.0,11349.0,11349.0,9682.8394,5783.41235,53.483923310369654,1007.1853622816014,37301.32072503,33702.397736048,ACQUISTA,ALTO
2019-07-12,11348.56,11950.0,11079.59,11802.0,11802.0,9761.239800000001,5822.25235,56.401370953036604,997.4156935472014,18541.25295757,32712.061973272997,MANTIENI STATO ATTUALE,ALTO
2019-07-13,11797.53,11845.0,10814.4,11370.08,11370.08,9828.6074,5860.20275,52.988857704052215,999.7860011509728,18417.60494114,32763.609313102002,MANTIENI STATO ATTUALE,ALTO
2019-07-14,11370.06,11467.27,10084.4,10185.03,10185.03,9871.0318,5892.0785,44.95254207661464,1027.1491439259034,25829.61014172,33280.137060711,MANTIENI STATO ATTUALE,ALTO
2019-07-15,10190.91,11080.01,9857.27,10854.47,10854.47,9913.486799999999,5928.4014,49.602422224869045,1041.1199193597677,34137.37304062,33735.6280337115,MANTIENI STATO ATTUALE,ALTO
2019-07-16,10856.41,11040.0,9350.0,9422.72,9422.72,9926.4954,5956.0747,41.52372995541431,1087.4684965483557,43610.3814887,31797.266898496502,MANTIENI STATO ATTUALE,ALTO
2019-07-17,9429.8,9998.0,9071.0,9696.31,9696.31,9946.1144,5985.9097,43.42007879378861,1076.006461080616,35319.410925,29699.438058677995,VENDI,ALTO
2019-07-18,9696.39,10799.0,9291.0,10649.07,10649.07,9985.847000000002,6020.01005,49.55519753190265,1106.8631424320006,33044.50123646,29247.020372703002,MANTIENI STATO ATTUALE,ALTO
2019-07-19,10652.76,10777.21,10111.0,10538.06,10538.06,10031.0144,6054.24105,48.89001010556192,1075.387917972572,19729.47932166,28789.526841721505,MANTIENI STATO ATTUALE,ALTO
2019-07-20,10536.92,11112.31,10360.65,10761.03,10761.03,10075.1538,6088.9157,50.3321235526111,1052.2644952602454,18390.4921253,28272.9271785105,MANTIENI STATO ATTUALE,ALTO
2019-07-21,10761.03,10835.0,10320.0,10590.7,10590.7,10115.7888,6122.415249999999,49.19029100283841,1013.8884598845137,11939.86553507,26878.6227197295,MANTIENI STATO ATTUALE,ALTO
2019-07-22,10590.71,10688.14,10060.0,10323.39,10323.39,10147.5256,6155.09435,47.37391730041403,986.3349984641912,15798.9279419,25487.82443417,MANTIENI STATO ATTUALE,ALTO
2019-07-23,10324.13,10324.28,9800.23,9840.12,9840.12,10182.1688,6185.19085,44.19650853380299,953.3146414310348,18060.8898857,24480.0349263905,MANTIENI STATO ATTUALE,ALTO
2019-07-24,9848.9,9919.08,9507.38,9772.6,9772.6,10224.2016,6215.06075,43.754950018193085,914.6278813288181,18264.50732336,24263.19155243,VENDI,ALTO
2019-07-25,9772.59,10184.99,9734.58,9883.33,9883.33,10266.0786,6244.27245,44.73017748024391,881.4694612339026,13297.26756531,23891.185942489,VENDI,ALTO
2019-07-26,9880.86,9898.03,9657.21,9843.0,9843.0,10306.8386,6273.4574,44.42802495521491,835.7087854314811,10732.61028519,23647.17754577,VENDI,ALTO
2019-07-27,9843.0,10248.41,9292.0,9479.98,9479.98,10336.4756,6300.888000000001,41.69763873963107,844.3303007578039,18982.08417104,24031.620303625,VENDI,ALTO
2019-07-28,9469.37,9669.11,9108.88,9533.0,9533.0,10368.5328,6328.5324,42.25581223049267,824.0374221322467,10054.74987437,23513.1797350975,VENDI,ALTO
2019-07-29,9533.0,9729.87,9356.75,9495.01,9495.01,10405.7414,6357.876850000001,41.945936749522424,791.8290348370863,10565.16661892,22669.866965183002,VENDI,ALTO
2019-07-30,9499.21,9839.83,9371.96,9589.01,9589.01,10437.2078,6387.6434500000005,43.058621108145005,768.6891037772946,9411.16267094,21071.432938749997,VENDI,ALTO
2019-07-31,9589.01,10135.12,9570.01,10087.3,10087.3,10480.590400000001,6419.982899999999,48.67442794440421,754.1477392217736,12849.73773412,19848.8537892045,VENDI,ALTO
2019-08-01,10089.97,10497.0,9881.0,10405.94,10405.94,10525.188800000002,6454.4414,51.938672925339304,744.2800435630755,14432.5695627,19643.419619460998,VENDI,ALTO
2019-08-02,10404.41,10670.0,10321.42,10533.01,10533.01,10571.068199999998,6488.785500000001,53.2164913792827,716.0157547371416,13217.84401203,19383.4315730055,VENDI,ALTO
2019-08-03,10533.62,10922.08,10500.0,10820.76,10820.76,10613.5342,6524.985500000001,56.06514460413605,695.0203436844887,10082.35714313,18596.068923076,MANTIENI STATO ATTUALE,ALTO
2019-08-04,10822.09,11089.74,10572.0,10977.51,10977.51,10655.8798,6561.824500000001,57.58041490763085,682.3574619927394,11813.6738868,17479.883965384997,MANTIENI STATO ATTUALE,ALTO
2019-08-05,10977.98,11950.0,10977.98,11819.49,11819.49,10712.7696,6602.7187,64.63583975040922,703.0812147075437,23345.19630495,16466.6247061975,ACQUISTA,ALTO
2019-08-06,11811.75,12320.4,11187.0,11465.49,11465.49,10755.416600000002,6642.0069,60.10912305139396,733.818270799862,24773.04936684,15939.306628289502,ACQUISTA,ALTO
2019-08-07,11465.49,12147.0,11366.26,11975.03,11975.03,10813.347600000001,6683.4688,64.01558883218397,737.1698228855862,22145.48730119,15394.355931526,ACQUISTA,ALTO
2019-08-08,11983.41,12050.0,11451.0,11981.0,11981.0,10867.416799999999,6725.69285,64.05999765626241,727.3005498223301,14887.10999049,15152.2374649675,MANTIENI STATO ATTUALE,ALTO
2019-08-09,11982.39,12040.0,11651.89,11856.1,11856.1,10913.9146,6767.314549999999,62.32697704850425,703.0726534064495,11774.51896894,14821.4388071495,MANTIENI STATO ATTUALE,ALTO
2019-08-10,11860.62,11969.99,11170.0,11280.95,11280.95,10934.8096,6805.834149999999,54.954350181454814,709.9953210202746,13852.24742434,14917.057901613001,MANTIENI STATO ATTUALE,ALTO
2019-08-11,11280.95,11585.0,11088.88,11540.76,11540.76,10952.2876,6845.772899999999,57.40544279446991,694.7185123759693,7329.58936485,14493.5909727605,MANTIENI STATO ATTUALE,ALTO
2019-08-12,11540.76,11555.55,11222.4,11389.28,11389.28,10963.4128,6884.874449999999,55.50893818920869,668.8921900634001,6095.28181493,13895.310569222002,MANTIENI STATO ATTUALE,ALTO
2019-08-13,11389.25,11438.39,10746.0,10854.92,10854.92,10959.8648,6921.338200000001,49.31909993442415,670.5706050588715,12500.34295603,13607.102350855499,MANTIENI STATO ATTUALE,ALTO
2019-08-14,10854.92,10859.97,9888.88,10025.86,10025.86,10925.2714,6953.68715,41.57328032262521,692.0362761260949,24889.57722872,14186.717834026,VENDI,ALTO
2019-08-15,10021.13,10445.0,9470.0,10300.01,10300.01,10872.7228,6987.532099999999,44.66796126421727,712.2479706885167,27939.82663467,15047.078651500002,VENDI,ALTO
2019-08-16,10300.01,10539.9,9739.99,10352.78,10352.78,10856.5926,7022.14625,45.26888888856425,718.5095442107656,19532.59596641,15074.604241268502,VENDI,ALTO
2019-08-17,10352.78,10475.82,9978.0,10217.79,10217.79,10813.739400000002,7056.248100000001,43.95384115429554,702.7460053385681,7307.99789432,14937.266642266002,VENDI,ALTO
2019-08-18,10217.99,10513.45,10066.66,10315.48,10315.48,10782.7432,7090.63775,45.19463031129006,684.4634335286704,6794.78437545,14748.7475300925,VENDI,ALTO
2019-08-19,10315.48,10938.76,10265.0,10920.0,10920.0,10785.918,7128.18025,52.24081879479121,683.6989025623368,12220.3862029,14889.208706690499,MANTIENI STATO ATTUALE,ALTO
2019-08-20,10917.94,10953.0,10555.7,10769.09,10769.09,10789.7472,7164.838199999999,50.49549578601069,663.2418380935984,8820.93622259,14687.768631114002,MANTIENI STATO ATTUALE,ALTO
2019-08-21,10768.49,10800.0,9841.59,10130.0,10130.0,10775.763599999998,7198.146049999999,43.818887828840055,684.32527822977,17445.28744509,14838.4045252335,VENDI,ALTO
2019-08-22,10133.34,10237.53,9759.0,10107.15,10107.15,10738.378200000001,7231.6079,43.59693125032964,669.6256154990722,10912.33836991,14723.129243127501,VENDI,MEDIO
2019-08-23,10105.61,10478.0,10035.84,10410.85,10410.85,10723.8752,7266.614299999999,47.40982380885877,653.3780715348528,9413.53218337,14689.687995139499,VENDI,ALTO
2019-08-24,10413.45,10429.0,9886.26,10147.96,10147.96,10706.7442,7300.212100000001,44.5992600286019,645.4753521395062,7987.20795651,14498.364698625,VENDI,MEDIO
2019-08-25,10148.0,10374.85,9899.95,10138.72,10138.72,10684.763200000001,7334.0689,44.499406845418534,633.2913984152558,7288.06423633,13695.508095193998,VENDI,MEDIO
2019-08-26,10142.0,10680.0,10140.9,10361.65,10361.65,10662.5078,7369.082149999999,47.550509122756736,626.7191556713091,14125.38101325,13163.124677514501,VENDI,ALTO
2019-08-27,10361.65,10379.87,10019.56,10171.85,10171.85,10620.0742,7401.831450000001,45.26874888024778,607.6899302662157,7514.28766499,12431.5646957045,VENDI,MEDIO
2019-08-28,10171.95,10277.0,9522.93,9714.31,9714.31,10562.9382,7432.284350000001,40.254079751883864,618.1456495329146,17637.06892056,12569.062642208,VENDI,MEDIO
2019-08-29,9714.01,9717.03,9321.73,9495.0,9495.0,10510.878999999999,7461.51515,38.07678078961809,602.2281031377065,14421.69716916,12701.421552218999,VENDI,MEDIO
2019-08-30,9494.8,9699.0,9337.97,9582.42,9582.42,10475.5474,7491.475450000001,39.481954788213145,584.999667199299,8734.15084369,12445.5167231865,VENDI,MEDIO
2019-08-31,9582.42,9707.48,9436.2,9600.86,9600.86,10431.524599999999,7521.539449999999,39.79231305635725,562.5911195422061,4057.20202851,12281.8973563695,VENDI,MEDIO
2019-09-01,9600.86,9840.0,9539.58,9766.52,9766.52,10399.4534,7552.48865,42.63835595617301,543.8646110034771,4200.85038239,12187.1757847425,VENDI,MEDIO
2019-09-02,9766.62,10486.77,9756.54,10381.26,10381.26,10403.377999999999,7586.58745,51.75262224102148,557.1764245032288,11794.06048881,12151.861661381501,VENDI,MEDIO
2019-09-03,10381.26,10790.0,10280.0,10628.48,10628.48,10398.8582,7621.8969,54.858958796584446,553.8066798958553,15518.02066249,11683.28383307,ACQUISTA,MEDIO
2019-09-04,10628.48,10833.14,10380.0,10581.84,10581.84,10422.0406,7656.89425,54.15062511919716,546.616202760437,12180.82546922,10895.3337747975,ACQUISTA,MEDIO
2019-09-05,10581.84,10666.43,10452.15,10574.73,10574.73,10439.609,7691.6425,54.0360817581474,522.877902563263,7432.47882878,10290.327917916,MANTIENI STATO ATTUALE,MEDIO
2019-09-06,10574.28,10939.34,10182.0,10308.92,10308.92,10432.806,7723.8521,49.79534250698018,539.6251952373157,15732.60470722,10711.558258561,ACQUISTA,MEDIO
2019-09-07,10308.9,10580.0,10304.52,10484.37,10484.37,10431.7322,7756.8339000000005,52.44806982819096,520.7576812917931,4381.36082048,10590.8870808125,MANTIENI STATO ATTUALE,MEDIO
2019-09-08,10484.37,10595.0,10231.13,10398.97,10398.97,10424.491000000002,7789.1338,51.03454946783199,509.55141834237935,4915.56585169,10225.646063252,MANTIENI STATO ATTUALE,MEDIO
2019-09-09,10401.13,10541.75,10059.99,10310.0,10310.0,10418.877,7821.195250000001,49.53669376039184,507.56631703220944,9745.07271844,10271.8528880445,VENDI,MEDIO
2019-09-10,10310.01,10389.26,9916.0,10093.01,10093.01,10414.2694,7851.9502,45.991317314061135,505.1158658156231,8098.57574372,9804.517302976,VENDI,MEDIO
2019-09-11,10093.0,10297.12,9851.97,10160.2,10160.2,10420.671,7882.2011999999995,47.250258038216835,500.8325896859359,8374.04003496,9677.6023862285,VENDI,MEDIO
2019-09-12,10158.81,10460.0,10040.0,10423.72,10423.72,10433.6934,7915.6487,51.97821605318207,495.0588332797976,7625.24967791,9588.1882609555,VENDI,MEDIO
2019-09-13,10423.85,10452.5,10157.0,10365.93,10365.93,10443.3454,7948.384400000001,50.90075570159647,480.8046309026692,6909.03483326,9534.279604793,VENDI,MEDIO
2019-09-14,10365.94,10439.0,10223.36,10360.25,10360.25,10453.6904,7981.188250000001,50.789317875169615,461.86430012390707,4470.31545378,9393.3921656655,VENDI,MEDIO
2019-09-15,10360.01,10380.0,10263.39,10304.46,10304.46,10470.18,8013.710999999999,49.63976014566529,437.2032786864852,2745.26528355,8824.3863791805,VENDI,MEDIO
2019-09-16,10303.66,10379.98,10068.42,10262.54,10262.54,10484.7708,8046.063,48.746957403108354,428.22875878030766,7785.7271484,8837.958353351,VENDI,MEDIO
2019-09-17,10262.54,10276.18,10135.44,10185.39,10185.39,10498.5784,8077.9591,47.06907751665763,407.6938474388571,5716.08222324,8241.909018485001,VENDI,MEDIO
2019-09-18,10185.42,10258.0,10074.08,10155.26,10155.26,10509.903400000001,8109.686900000001,46.397409037446565,391.7100011932245,5627.58140023,7802.203230038501,VENDI,MEDIO
2019-09-19,10156.22,10379.15,9585.86,10275.01,10275.01,10513.6576,8142.1273,49.482863089167765,420.3942868222798,15625.02434239,8146.746904973501,VENDI,MEDIO
2019-09-20,10275.01,10309.84,10056.3,10168.85,10168.85,10508.9158,8174.46795,46.90521006296472,408.4761234778313,6183.91792313,8253.082699704499,VENDI,MEDIO
2019-09-21,10168.85,10170.15,9917.34,9973.99,9973.99,10497.7354,8205.11495,42.52622977385606,397.35711465798624,5043.0795144,8295.194156305,VENDI,MEDIO
2019-09-22,9973.99,10097.0,9848.37,10026.8,10026.8,10481.8562,8235.9895,44.05071971092602,386.7337493252729,5276.95241027,7969.338752377999,VENDI,MEDIO
2019-09-23,10026.79,10051.15,9609.37,9693.74,9693.74,10456.1808,8265.17295,37.32622130653719,390.66562437346767,11355.88878537,7761.232158522,VENDI,BASSO
2019-09-24,9693.74,9777.16,8159.35,8530.01,8530.01,10390.3912,8288.6074,23.70808258674566,478.31879406107714,38736.2261491,9089.002192516,VENDI,BASSO
2019-09-25,8530.01,8743.86,8222.01,8438.35,8438.35,10329.848399999999,8311.21415,22.996416614127654,481.4281659138574,23524.43263014,9893.599882584,VENDI,BASSO
2019-09-26,8438.35,8464.08,7712.45,8060.0,8060.0,10251.547799999998,8332.009549999999,20.2890886003338,500.72829692001045,27664.78945578,10490.209120012001,VENDI,ALTO
2019-09-27,8060.0,8290.0,7861.02,8193.99,8193.99,10175.8076,8353.731099999999,23.714298462403164,495.6034185685811,15914.66412076,11066.874285025999,VENDI,ALTO
2019-09-28,8193.99,8343.0,8015.25,8217.47,8217.47,10103.035,8375.51845,24.327940850998203,483.6138886708253,9039.55200543,11273.073592712999,VENDI,ALTO
2019-09-29,8217.47,8246.87,7902.96,8052.4,8052.4,10038.464,8396.52535,22.931388253632534,473.6350394800521,7142.36916333,11142.9384149575,VENDI,ALTO
2019-09-30,8054.09,8393.23,7701.0,8304.96,8304.96,9973.748,8418.7804,29.591172486168574,489.248965231477,15142.61949966,11495.1406027545,VENDI,ALTO
2019-10-01,8304.95,8535.0,8200.0,8321.52,8321.52,9912.3928,8440.874,30.01819249495057,478.2311820006572,12266.35796784,11689.7564993985,VENDI,ALTO
2019-10-02,8321.87,8391.0,8168.85,8381.72,8381.72,9862.9288,8462.8326,31.641257887150957,459.93966900061025,7016.97195206,11659.342613106,VENDI,ALTO
2019-10-03,8381.72,8419.95,8059.22,8240.41,8240.41,9827.219799999999,8484.1996,29.888903525005446,452.8532640719953,7778.11842343,11702.7967926145,VENDI,ALTO
2019-10-04,8241.27,8241.35,8002.21,8156.67,8156.67,9784.353,8505.130449999999,28.868578957893618,437.5880309239957,7715.28010237,11865.045025044,VENDI,ALTO
2019-10-05,8156.68,8200.0,8020.2,8147.63,8147.63,9740.25,8525.86435,28.754461063500344,419.17460014371034,3826.82870697,11919.123196215001,VENDI,ALTO
2019-10-06,8147.63,8176.18,7780.85,7859.79,7859.79,9693.09,8545.00405,25.322082634484048,417.4714144191596,8697.93975986,11964.733826788,VENDI,ALTO
2019-10-07,7859.79,8310.57,7762.35,8209.0,8209.0,9650.9604,8566.18525,35.39742815433823,426.8105991035053,10012.00725014,12179.530078133,VENDI,ALTO
2019-10-08,8208.99,8342.97,8107.26,8180.0,8180.0,9596.160399999999,8587.16635,34.97541437744766,413.1605563103977,5857.54021433,12191.028018838,VENDI,ALTO
2019-10-09,8180.0,8712.45,8121.0,8590.0,8590.0,9552.5786,8610.199200000001,44.9653301724243,425.89551657394077,14459.7776891,12132.7656861735,VENDI,ALTO
2019-10-10,8590.01,8660.0,8452.5,8587.5,8587.5,9521.7286,8633.2891,44.92001277705173,410.29583681865927,7908.66988763,12219.0032843985,VENDI,ALTO
2019-10-11,8587.49,8826.0,8226.0,8267.33,8267.33,9484.9322,8655.088099999999,39.43814069996454,423.846134188755,12446.84471206,12589.191544281499,VENDI,ALTO
2019-10-12,8263.02,8425.0,8261.46,8309.03,8309.03,9442.8958,8677.026,40.457335947554945,405.2528388895583,3046.40450951,12477.6641492435,VENDI,ALTO
2019-10-13,8309.03,8469.02,8146.47,8282.97,8282.97,9405.596,8698.3082,40.00424301642415,399.3454932545898,5858.03981575,12202.7717007625,VENDI,ALTO
2019-10-14,8282.96,8409.0,8215.66,8355.0,8355.0,9369.9216,8720.02735,41.939740729531074,384.6308151649763,4462.4931302,10489.0850498175,VENDI,ALTO
2019-10-15,8355.0,8420.0,8085.65,8162.44,8162.44,9325.9374,8740.3845,38.37552636297838,381.039328367478,8558.56827956,9740.7918322885,VENDI,ALTO
2019-10-16,8162.44,8171.59,7908.86,7993.54,7993.54,9282.3712,8759.8815,35.523812785604804,372.58866205551533,8489.99546525,8782.052132762,VENDI,ALTO
2019-10-17,7995.81,8124.42,7937.01,8076.2,8076.2,9249.609,8779.787550000001,37.95387103520242,359.36161476583567,4909.27039643,8231.7824465455,VENDI,ALTO
2019-10-18,8076.94,8117.77,7814.08,7954.16,7954.16,9218.792200000002,8798.87335,35.80806868975854,355.38507085399027,7071.35598576,8133.372645562,VENDI,ALTO
2019-10-19,7954.15,8099.98,7873.46,7965.28,7965.28,9186.4494,8814.1901,36.16222797397843,346.18042293584807,4839.48919554,8018.2286471725,VENDI,ALTO
2019-10-20,7965.27,8309.0,7875.01,8236.12,8236.12,9159.1546,8830.49085,44.23256318593844,352.4525355832875,6162.04807515,7569.200075947,VENDI,ALTO
2019-10-21,8235.94,8349.84,8156.0,8209.92,8209.92,9128.0226,8847.008,43.65759106047183,341.1230687559098,6137.13312184,7262.738833647,VENDI,ALTO
2019-10-22,8209.92,8317.14,7998.9,8024.72,8024.72,9080.891800000001,8861.9283,39.726530814227075,339.4885638447734,6015.86741941,7212.6836070145,VENDI,ALTO
2019-10-23,8024.0,8049.0,7296.44,7474.85,7474.85,9017.8192,8874.05645,30.845784277152703,368.9936664272896,19159.93039884,7781.774205785,VENDI,ALTO
2019-10-24,7475.54,7509.99,7359.48,7430.87,7430.87,8954.7998,8885.236850000001,30.263062049050262,353.38769025391184,7972.6408295,7794.6422421415,VENDI,ALTO
2019-10-25,7430.87,8800.1,7389.91,8668.0,8668.0,8916.6652,8902.149150000001,55.64605459194625,428.87356952148957,27140.20895781,8960.3112546835,VENDI,ALTO
2019-10-26,8668.0,10540.49,8645.01,9259.78,9259.78,8895.6824,8922.512,62.64942189802791,533.631171698526,53383.40194086,11194.5843637335,ACQUISTA,MEDIO
2019-10-27,9259.98,9826.72,9102.33,9548.84,9548.84,8876.971800000001,8943.6633,65.51381243906195,547.2568022914884,19636.4291242,11675.8054574365,ACQUISTA,MEDIO
2019-10-28,9555.89,9939.69,9180.59,9226.5,9226.5,8853.5224,8964.5893,59.989001479052824,562.3884592706678,16736.97258328,12219.777075884,ACQUISTA,BASSO
2019-10-29,9225.06,9575.0,9068.19,9430.8,9430.8,8835.9384,8986.35235,62.166699364491265,558.418569322763,12640.19748534,12128.798065695999,ACQUISTA,MEDIO
2019-10-30,9431.36,9431.36,8991.33,9164.44,9164.44,8817.367,9006.84345,57.75323260097198,549.9622429425657,9862.67699421,12226.498421025,MANTIENI STATO ATTUALE,BASSO
2019-10-31,9164.45,9433.0,8950.0,9159.48,9159.48,8797.3526,9026.819500000001,57.671126045050144,545.1792255895252,8326.9619179,12020.504281317,MANTIENI STATO ATTUALE,BASSO
2019-11-01,9159.96,9299.99,9057.27,9253.12,9253.12,8773.9406,9047.93515,58.8602512496714,523.5749951902734,7774.27145408,12256.897628545501,MANTIENI STATO ATTUALE,BASSO
2019-11-02,9253.09,9393.0,9210.0,9308.52,9308.52,8752.7924,9068.463249999999,59.58365531471558,499.24820981953957,4559.26538837,12191.9589071765,MANTIENI STATO ATTUALE,BASSO
2019-11-03,9308.52,9380.0,9068.3,9206.52,9206.52,8729.7178,9088.36085,57.57623791347734,485.85190911814396,4294.50041401,12183.559271367,MANTIENI STATO ATTUALE,BASSO
2019-11-04,9206.52,9600.0,9127.0,9412.53,9412.53,8711.879200000001,9109.01445,60.472778653911725,484.93391560970514,8361.9587774,12173.728796259,MANTIENI STATO ATTUALE,MEDIO
2019-11-05,9412.63,9474.89,9169.84,9322.09,9322.09,8693.0702,9129.1731,58.58178530839157,472.08506449472617,7581.21667266,12128.2898566295,MANTIENI STATO ATTUALE,BASSO
2019-11-06,9322.09,9450.0,9253.66,9341.27,9341.27,8676.1878,9149.28,58.87548507207813,452.3889884593886,6829.68611819,12224.310642717499,MANTIENI STATO ATTUALE,BASSO
2019-11-07,9341.27,9375.16,9075.0,9198.84,9198.84,8657.0594,9168.786,55.71590775275446,441.515489283718,5989.36091519,12170.210889189,MANTIENI STATO ATTUALE,BASSO
2019-11-08,9198.85,9246.0,8660.0,8763.01,8763.01,8626.8194,9185.663050000001,47.34342121070035,451.83581147773816,12876.55531942,12572.064195383,MANTIENI STATO ATTUALE,ALTO
2019-11-09,8763.01,8873.48,8712.52,8807.89,8807.89,8599.600199999999,9202.038750000002,48.20654002237144,431.0589678007568,4175.00938447,12472.712260848999,MANTIENI STATO ATTUALE,ALTO
2019-11-10,8807.89,9150.0,8731.43,9032.23,9032.23,8580.765,9219.9904,52.40613554116325,430.1668986721313,6070.46798596,12469.379004055,MANTIENI STATO ATTUALE,ALTO
2019-11-11,9032.23,9067.34,8590.0,8721.54,8721.54,8554.6598,9237.92405,46.75232796972661,433.5364059098362,7049.92853839,12521.082060003999,MANTIENI STATO ATTUALE,ALTO
2019-11-12,8721.53,8870.0,8556.56,8810.0,8810.0,8536.985,9256.1765,48.45734992148422,424.95809120199084,6272.86259557,11876.7286698405,MANTIENI STATO ATTUALE,ALTO
2019-11-13,8811.0,8838.8,8705.0,8758.34,8758.34,8541.5516,9274.1152,47.50076808154397,404.1610846875629,4486.2787504,11702.4105658855,MANTIENI STATO ATTUALE,ALTO
2019-11-14,8758.34,8784.61,8558.01,8630.0,8630.0,8545.384600000001,9291.4902,45.1178808927798,391.47815006702274,5607.47902352,10625.774069171,MANTIENI STATO ATTUALE,ALTO
2019-11-15,8630.01,8773.22,8361.0,8457.48,8457.48,8553.334200000001,9308.03635,42.06319076255047,392.9597107765211,10940.91541078,8503.649742667,MANTIENI STATO ATTUALE,ALTO
2019-11-16,8457.48,8531.03,8423.0,8481.0,8481.0,8559.0744,9324.0879,42.63343364824834,372.6075885781982,2712.33956982,7657.445264947999,VENDI,ALTO
2019-11-17,8481.0,8637.01,8371.02,8500.01,8500.01,8564.7252,9339.9822,43.12072514838046,364.99204653689833,3754.24485434,7008.3088785009995,VENDI,ALTO
2019-11-18,8501.0,8501.01,8015.0,8168.84,8168.84,8567.053999999998,9353.87635,37.19350990677311,373.63618606997704,9864.11956342,6869.504982405,VENDI,ALTO
2019-11-19,8168.84,8197.82,7980.07,8123.36,8123.36,8563.422,9366.20615,36.45246304476164,362.50145849355016,7360.99550259,6744.420907824,VENDI,ALTO
2019-11-20,8123.36,8222.41,8030.05,8082.96,8082.96,8558.6508,9377.7709,35.77067214263998,350.34849717258226,5296.45566165,6592.8955950115005,VENDI,ALTO
2019-11-21,8082.97,8114.97,7374.5,7616.46,7616.46,8543.3456,9387.2739,29.020886708460097,378.2143188031121,16947.0184322,7051.532943917499,VENDI,ALTO
2019-11-22,7616.48,7720.0,6775.47,7283.03,7283.03,8524.197999999999,9395.24955,25.34033497909857,418.6654388886041,33676.50950942,8507.39514997,VENDI,ALTO
2019-11-23,7283.19,7361.41,7102.21,7329.29,7329.29,8507.6504,9403.15375,26.728756854449315,407.2750503965609,7728.4239895,8679.0913287445,VENDI,ALTO
2019-11-24,7329.29,7344.0,6865.0,6908.64,6908.64,8482.8706,9407.9549,22.611044675915593,412.3982610825209,10695.00788503,8795.743784126,VENDI,ALTO
2019-11-25,6908.64,7379.99,6526.0,7127.01,7127.01,8468.215,9412.8245,28.74771492814601,443.9405281480551,27124.48255363,9772.9070781745,VENDI,ALTO
2019-11-26,7127.01,7340.59,7021.84,7162.67,7162.67,8447.288400000001,9416.92215,29.72768121622694,434.99834756605117,11857.43287032,10024.294415781002,VENDI,ALTO
2019-11-27,7162.67,7678.76,6850.0,7523.72,7523.72,8434.1628,9418.440999999999,38.89164979945685,463.12417988276184,19213.98364601,10685.525552322,VENDI,ALTO
2019-11-28,7524.73,7660.82,7370.62,7432.41,7432.41,8411.011,9420.70425,37.55771635324844,450.77245274827885,8646.63700515,10474.029636608499,VENDI,ALTO
2019-11-29,7432.41,7870.1,7411.0,7760.0,7760.0,8394.461000000001,9420.3796,44.86420053277356,451.36727755197325,10862.78844038,10808.418589404,VENDI,ALTO
2019-11-30,7759.99,7820.0,7453.0,7555.92,7555.92,8380.2328,9418.2046,41.598601255453495,445.341043441118,6130.42566398,10811.416473305,VENDI,ALTO
2019-12-01,7555.92,7555.92,7237.16,7404.27,7404.27,8362.1376,9414.209350000001,39.308891634262,436.29954033818103,8692.58780339,10893.549436555,VENDI,ALTO
2019-12-02,7405.33,7430.0,7157.33,7305.01,7305.01,8342.5784,9411.339600000001,37.84071745210237,424.611716028311,7029.95625983,10931.404119768,VENDI,ALTO
2019-12-03,7305.01,7412.85,7237.26,7302.94,7302.94,8321.537199999999,9411.03585,37.80900259470381,406.8244505977174,6169.03965176,11015.542164836,VENDI,ALTO
2019-12-04,7302.94,7775.0,7080.0,7198.99,7198.99,8302.2682,9410.7188,36.16959884282939,427.40841841216616,16490.16548626,11559.676487973,VENDI,ALTO
2019-12-05,7199.0,7489.87,7152.78,7393.54,7393.54,8290.2682,9406.6865,41.299662204718736,420.9571028112972,9248.37658376,11475.049546622,VENDI,ALTO
2019-12-06,7393.55,7609.5,7305.75,7540.08,7540.08,8279.5458,9404.3892,44.892328282308874,412.58516689620456,9346.34006931,11806.749571596501,VENDI,ALTO
2019-12-07,7541.76,7643.0,7487.0,7502.19,7502.19,8270.5064,9402.14165,44.140077844656,394.2576549750471,4876.33856339,11862.854257048999,VENDI,ALTO
2019-12-08,7502.2,7580.84,7387.5,7520.0,7520.0,8261.6008,9401.609250000001,44.60991391627175,379.9063939054009,4243.5281669,11581.824687223001,VENDI,ALTO
2019-12-09,7520.0,7659.38,7262.87,7337.51,7337.51,8243.6286,9398.886900000001,40.82120143925298,381.09236576930084,10252.89331517,11726.419577852,VENDI,ALTO
2019-12-10,7337.51,7398.0,7156.03,7219.37,7219.37,8223.8176,9394.97525,38.53925147719797,371.15505392863656,7187.10559074,11820.9520743065,VENDI,ALTO
2019-12-11,7219.37,7263.31,7124.45,7201.23,7201.23,8207.3478,9390.66235,38.186269471095876,354.56255007659115,5951.55939387,11271.179122390002,VENDI,ALTO
2019-12-12,7201.24,7298.5,7075.01,7185.91,7185.91,8201.569,9382.9333,37.87079812743653,345.20022507112037,8578.07225074,10016.257259456,VENDI,ALTO
2019-12-13,7185.91,7299.21,7183.29,7249.9,7249.9,8197.9496,9375.32135,40.096875159471864,328.82306613746897,6119.05346128,9935.788733045,VENDI,ALTO
2019-12-14,7249.9,7264.33,7008.03,7062.91,7062.91,8165.8478000000005,9367.059099999999,36.03387922669287,323.6428471276498,4334.04050458,9617.7403640225,VENDI,ALTO
2019-12-15,7062.92,7220.01,7006.01,7111.0,7111.0,8122.8722,9359.301899999999,37.78004953421611,315.81121518996054,4905.19442136,8506.775957409,VENDI,ALTO
2019-12-16,7111.0,7137.0,6803.24,6877.03,6877.03,8069.436,9352.2886,33.05254863963516,317.09327124782055,13170.13695005,8572.4111613955,VENDI,ALTO
2019-12-17,6877.04,6933.21,6556.0,6616.62,6616.62,8017.238399999999,9342.6014,28.741691884956296,321.38732330154767,14047.39777918,8314.081868054,VENDI,ALTO
2019-12-18,6616.62,7448.24,6430.0,7285.53,7285.53,7974.333,9336.2343,47.634566951566086,371.1625144942942,23097.53223695,9036.626629644,VENDI,ALTO
2019-12-19,7288.05,7371.7,7044.45,7149.12,7149.12,7934.026599999999,9328.29715,45.013554648247336,368.0259063161304,10503.10731585,9018.6425734175,VENDI,ALTO
2019-12-20,7149.13,7220.0,7073.66,7190.0,7190.0,7894.637,9323.70735,45.97297136817733,352.1911987221211,6020.22689987,9013.132635212001,VENDI,ALTO
2019-12-21,7190.0,7190.0,7099.57,7143.01,7143.01,7852.4348,9321.0676,45.0010009386793,333.49397024196963,3423.26190789,8749.666340437001,VENDI,ALTO
2019-12-22,7143.01,7521.55,7125.0,7513.06,7513.06,7816.525599999999,9319.6855,53.36317333485752,337.99797236754324,10202.17603024,8908.277328957502,VENDI,ALTO
2019-12-23,7514.74,7688.99,7259.19,7310.79,7310.79,7778.611000000001,9317.214450000001,48.97953479716604,344.55526005557584,15139.33988185,9356.792340462,VENDI,ALTO
2019-12-24,7310.79,7426.15,7151.08,7255.01,7255.01,7735.4606,9313.49885,47.813070522898705,339.59202719446324,7797.31351736,8922.149742017,VENDI,ALTO
2019-12-25,7255.01,7265.12,7115.5,7192.12,7192.12,7692.8612,9309.80875,46.46934337917866,326.02259668057303,3299.65944044,8624.713884851,VENDI,ALTO
2019-12-26,7192.12,7432.1,7140.0,7194.13,7194.13,7649.9184000000005,9307.6065,46.52107383197025,323.59955406053217,7669.0329008,8540.8485264255,VENDI,ALTO
2019-12-27,7194.13,7254.0,7053.32,7245.83,7245.83,7610.8582,9303.7572,47.91529942335652,314.8195859133513,8492.97603648,8721.68040008,VENDI,ALTO
2019-12-28,7245.83,7346.0,7232.55,7302.67,7302.67,7581.6514,9300.6797,49.47487344142683,300.4360440623976,4621.76136294,8740.592059882,VENDI,ALTO
2019-12-29,7302.67,7531.0,7278.07,7384.89,7384.89,7553.1914,9296.72405,51.72658089878347,297.04275520079784,6557.31229484,8555.8130088655,VENDI,ALTO
2019-12-30,7384.57,7386.28,7200.0,7218.0,7218.0,7516.9068,9291.61885,47.134775015659315,289.1311298293123,7347.22088262,8563.8187734595,VENDI,ALTO
2019-12-31,7218.01,7298.67,7111.0,7165.72,7165.72,7485.790400000001,9283.96015,45.76425282656804,281.8839062700757,6755.96883486,8604.039245509,VENDI,ALTO
2020-01-01,7165.72,7238.14,7136.05,7174.33,7174.33,7453.077000000001,9275.530649999999,46.04251143959485,269.0414843936418,3350.63004888,8342.667135416,VENDI,ALTO
2020-01-02,7174.33,7186.18,6903.0,6945.02,6945.02,7416.8106,9265.38075,40.13634909746794,270.05137836552456,8010.92738748,8437.260831725998,VENDI,ALTO
2020-01-03,6945.02,7401.2,6854.67,7334.45,7334.45,7390.8996,9255.3873,51.51190419547384,289.7998513394157,14056.39238489,8923.378425741499,VENDI,ALTO
2020-01-04,7334.45,7398.0,7263.32,7348.63,7348.63,7368.7226,9246.73805,51.87053856718234,278.71986195802884,4742.46620989,8915.242015168,VENDI,ALTO
2020-01-05,7348.63,7488.87,7312.22,7355.4,7355.4,7346.2106,9237.12735,52.0528762628802,271.42915753245535,5942.01494574,8553.8359149525,MANTIENI STATO ATTUALE,ALTO
2020-01-06,7355.4,7805.0,7343.17,7764.63,7764.63,7331.503,9228.294450000001,61.53831187609915,285.02921770870853,11770.42968139,8439.987510063,MANTIENI STATO ATTUALE,ALTO
2020-01-07,7764.63,8216.0,7723.0,8158.52,8158.52,7331.296600000001,9217.90605,68.08325015444544,299.8842735866579,19857.45754518,8277.9837754745,MANTIENI STATO ATTUALE,ALTO
2020-01-08,8160.01,8469.39,7845.0,8045.51,8045.51,7329.7396,9204.799299999999,64.68238180700027,323.0632540447537,23927.67532995,8949.2121761795,MANTIENI STATO ATTUALE,ALTO
2020-01-09,8047.75,8048.67,7744.48,7813.78,7813.78,7324.356,9189.703099999999,58.25634986372277,321.7151644701285,9477.65983784,9122.083823078,MANTIENI STATO ATTUALE,ALTO
2020-01-10,7813.78,8199.77,7671.0,8198.09,8198.09,7335.9886,9175.53195,64.54698083574195,336.5047955794051,13419.69851238,9621.9056533025,MANTIENI STATO ATTUALE,ALTO
2020-01-11,8198.09,8290.0,8000.01,8020.0,8020.0,7350.728,9156.8543,60.03225892538494,333.18231018087613,7557.36879269,9489.665291425,MANTIENI STATO ATTUALE,ALTO
2020-01-12,8017.47,8185.0,7963.25,8180.81,8180.81,7367.7584,9133.121149999999,62.577594093061904,325.2228594536707,3920.74009838,8928.7353022515,MANTIENI STATO ATTUALE,ALTO
2020-01-13,8180.81,8195.81,8041.95,8104.5,8104.5,7391.6756,9117.8472,60.60517952369418,312.9826552069799,6678.02840315,8872.771046541002,MANTIENI STATO ATTUALE,ALTO
2020-01-14,8105.6,8893.69,8105.23,8815.69,8815.69,7425.4492,9100.1234,70.0726916403288,346.99746554933853,27075.8082207,10061.578485554,MANTIENI STATO ATTUALE,ALTO
2020-01-15,8812.58,8900.0,8550.0,8808.81,8808.81,7458.371999999999,9084.841,69.8976880192122,347.21193229581434,14977.61979023,10427.0078300255,MANTIENI STATO ATTUALE,ALTO
2020-01-16,8808.81,8850.0,8580.0,8714.76,8714.76,7482.192800000001,9074.6085,67.41892447585349,341.69679427468475,9265.76423506,10465.647239954498,MANTIENI STATO ATTUALE,ALTO
2020-01-17,8714.77,9013.0,8665.67,8899.42,8899.42,7511.532999999999,9066.21745,69.69158334821873,342.09916611220723,15447.36512517,11006.927428066,MANTIENI STATO ATTUALE,ALTO
2020-01-18,8899.42,8980.0,8800.1,8909.32,8909.32,7534.519399999999,9056.61815,69.81315535972531,330.5135113899067,5600.21827844,10959.072727246,MANTIENI STATO ATTUALE,ALTO
2020-01-19,8908.95,9194.99,8465.0,8697.53,8697.53,7557.3516,9040.2237,63.90738768744664,359.0475462906276,15218.51476182,11352.637421206,MANTIENI STATO ATTUALE,ALTO
2020-01-20,8697.53,8734.84,8504.06,8628.89,8628.89,7581.843999999999,9027.68815,62.07461078153528,349.88557869844,5605.80561385,11295.1292601555,MANTIENI STATO ATTUALE,ALTO
2020-01-21,8628.89,8774.31,8465.0,8722.03,8722.03,7610.184400000001,9016.27575,63.600077171438635,346.9873230771228,7520.65103045,11503.630309233999,MANTIENI STATO ATTUALE,ALTO
2020-01-22,8722.03,8791.76,8565.0,8660.38,8660.38,7637.333200000001,9003.3888,61.82737833713591,338.39965714304265,5481.36960818,11377.152420269002,MANTIENI STATO ATTUALE,ALTO
2020-01-23,8660.38,8665.0,8278.0,8385.22,8385.22,7661.057799999999,8987.942799999999,54.52284124085821,341.8711102042539,12206.24491133,11284.645046591,MANTIENI STATO ATTUALE,ALTO
2020-01-24,8385.21,8509.99,8216.71,8427.26,8427.26,7681.7321999999995,8968.611449999999,55.390014818003856,338.4003166182358,8634.96792308,11479.2701322505,MANTIENI STATO ATTUALE,ALTO
2020-01-25,8427.58,8437.76,8252.73,8326.81,8326.81,7697.466799999999,8947.38995,52.799338749844246,327.4452940026476,3783.20831697,11371.329800812,MANTIENI STATO ATTUALE,ALTO
2020-01-26,8326.8,8595.0,8278.68,8595.0,8595.0,7719.322999999999,8929.87515,58.39446698593028,326.65063014531563,5497.32293973,11057.674463729,MANTIENI STATO ATTUALE,ALTO
2020-01-27,8595.0,8985.0,8556.6,8895.96,8895.96,7746.8422,8917.60995,63.60785970615489,333.9184422777931,9548.60475006,10542.231823973,MANTIENI STATO ATTUALE,ALTO
2020-01-28,8895.95,9418.91,8880.87,9394.5,9394.5,7787.982000000001,8905.57245,70.25655630548734,348.49855354366497,17578.54006083,10224.775060516999,ACQUISTA,ALTO
2020-01-29,9391.14,9439.83,9224.75,9288.44,9288.44,7829.363400000001,8895.16425,67.4339905095197,338.96865686197464,12233.05063864,10362.544600557001,ACQUISTA,MEDIO
2020-01-30,9287.9,9574.68,9171.11,9503.08,9503.08,7875.4003999999995,8891.7545,70.05586949657462,343.5830385146907,12948.39766745,10338.9795583105,ACQUISTA,ALTO
2020-01-31,9502.71,9522.5,9195.49,9334.98,9334.98,7918.3818,8884.15705,65.60133321450866,342.39925004935566,9719.06131452,10447.064184402001,MANTIENI STATO ATTUALE,MEDIO
2020-02-01,9334.98,9458.08,9285.01,9380.18,9380.18,7960.9874,8883.94435,66.22324853557052,330.3043036172588,4387.41986202,10470.398172584,MANTIENI STATO ATTUALE,MEDIO
2020-02-02,9380.18,9480.0,9140.0,9323.5,9323.5,8006.1992,8882.0803,64.64491031746144,330.9968533588832,7307.92291459,10501.892898155998,MANTIENI STATO ATTUALE,MEDIO
2020-02-03,9325.01,9619.95,9220.0,9280.49,9280.49,8049.589,8875.2374,63.40989899965458,335.922078118963,11910.28572971,9743.6167736065,ACQUISTA,MEDIO
2020-02-04,9280.49,9350.0,9078.05,9164.33,9164.33,8095.335,8868.36875,60.07194652361103,331.35264396760857,8190.74898707,9404.2732334485,MANTIENI STATO ATTUALE,MEDIO
2020-02-05,9164.33,9769.7,9150.0,9613.82,9613.82,8155.279,8862.6327,67.25509626560799,351.948883684208,13267.06193659,9604.338118525,ACQUISTA,MEDIO
2020-02-06,9613.91,9857.0,9521.47,9763.01,9763.01,8204.8286,8858.49425,69.23351846952292,350.7761062781932,12672.13678163,9465.576701348,ACQUISTA,MEDIO
2020-02-07,9763.01,9885.0,9713.99,9808.05,9808.05,8258.0072,8855.91755,69.82623643859121,337.93567011546514,8516.62840515,9611.3972076835,MANTIENI STATO ATTUALE,MEDIO
2020-02-08,9807.92,9955.0,9653.47,9905.64,9905.64,8312.32,8856.24515,71.12429554527976,335.3352651072177,8100.97112281,9255.520025733,MANTIENI STATO ATTUALE,ALTO
2020-02-09,9905.64,10178.91,9888.76,10168.35,10168.35,8372.8268,8858.2239,74.32621796489195,332.10774617098787,9649.74938704,9457.7172143925,ACQUISTA,ALTO
2020-02-10,10168.36,10199.0,9736.0,9851.78,9851.78,8419.6012,8858.06615,64.97623922812697,341.45719287306014,13249.58715176,9744.164020458,ACQUISTA,MEDIO
2020-02-11,9851.78,10400.0,9706.0,10270.01,10270.01,8478.7856,8860.2012,70.29310772586497,366.63882195355586,16722.06581913,10306.198831005499,ACQUISTA,ALTO
2020-02-12,10270.01,10483.86,10250.0,10351.13,10351.13,8540.707999999999,8864.55695,71.20614885191114,357.15462038544473,13740.9848527,10382.935828074,ACQUISTA,ALTO
2020-02-13,10351.13,10522.51,10083.1,10236.49,10236.49,8601.595399999998,8868.0744,68.02422599584133,363.03000464362725,17101.28534969,10806.2516994045,ACQUISTA,MEDIO
2020-02-14,10236.49,10395.66,10102.5,10371.33,10371.33,8665.1394,8872.456,69.73719154002391,358.03929002622533,8026.49620683,11018.4160938975,MANTIENI STATO ATTUALE,MEDIO
2020-02-15,10371.33,10400.0,9750.0,9911.22,9911.22,8718.4472,8874.06705,58.26684197148964,378.89362645292357,12323.28859704,11359.714376763,ACQUISTA,BASSO
2020-02-16,9911.22,10048.34,9612.12,9921.0,9921.0,8770.813799999998,8873.235550000001,58.423381215984676,382.9883674205719,9430.32887897,11353.8005832085,MANTIENI STATO ATTUALE,BASSO
2020-02-17,9920.52,9969.38,9467.0,9700.0,9700.0,8817.116,8869.70585,53.53651775238218,391.5163411762453,10144.62802455,10982.104981394501,MANTIENI STATO ATTUALE,BASSO
2020-02-18,9700.0,10298.25,9610.27,10188.04,10188.04,8876.516800000001,8867.981,61.24574337644018,412.6923168065135,11606.56132767,10950.780515846,MANTIENI STATO ATTUALE,MEDIO
2020-02-19,10188.04,10315.0,9280.98,9600.08,9600.08,8925.204,8861.8776,50.396973366201685,457.07286560604825,16637.05014888,11135.2131399175,MANTIENI STATO ATTUALE,BASSO
2020-02-20,9593.48,9698.1,9393.39,9610.05,9610.05,8973.9184,8855.040299999999,50.55690790988332,446.18980377704486,12382.01006133,11268.360577258,MANTIENI STATO ATTUALE,BASSO
2020-02-21,9610.05,9769.66,9566.98,9695.66,9695.66,9028.931199999999,8844.42115,51.98841711603722,428.7962463643988,7073.36617743,11402.6578930285,MANTIENI STATO ATTUALE,BASSO
2020-02-22,9695.66,9722.97,9575.01,9668.23,9668.23,9075.6068,8835.43485,51.4741793742968,408.73651448122746,3301.24362823,11202.323928710499,MANTIENI STATO ATTUALE,BASSO
2020-02-23,9668.23,10025.66,9667.13,9965.01,9965.01,9127.9344,8825.38475,56.48894326865529,405.1503348754256,5631.93728472,10888.406506461,MANTIENI STATO ATTUALE,BASSO
2020-02-24,9965.0,10030.0,9474.74,9660.0,9660.0,9174.026399999999,8813.77975,50.69101641044295,415.87245381289523,11274.83220813,11042.610667514,MANTIENI STATO ATTUALE,BASSO
2020-02-25,9660.0,9681.56,9230.0,9305.0,9305.0,9204.8338,8801.02425,44.912981916250395,418.42156425483125,9370.80406077,10847.797773723,MANTIENI STATO ATTUALE,BASSO
2020-02-26,9304.99,9375.36,8602.0,8778.3,8778.3,9217.2294,8788.511,37.99343929634366,443.77430966520046,21610.46289952,11294.714079617499,MANTIENI STATO ATTUALE,ALTO
2020-02-27,8778.3,8972.92,8520.0,8812.49,8812.49,9232.569,8774.86965,38.654149714137695,444.42757326054334,14781.02020263,11607.9336694915,VENDI,BASSO
2020-02-28,8814.9,8899.94,8428.8,8708.89,8708.89,9250.4712,8761.467700000001,37.355264811370354,446.3356037419332,13643.28590301,11885.0494085015,VENDI,ALTO
2020-02-29,8708.61,8799.0,8520.67,8525.07,8525.07,9257.0108,8749.818449999999,35.10145457090758,434.3352034746523,5142.70830477,11659.697354388,VENDI,ALTO
2020-03-01,8523.33,8752.34,8400.0,8522.31,8522.31,9267.056999999999,8742.3007,35.06724338258766,428.4784032264629,7353.13960471,11364.874977035499,VENDI,ALTO
2020-03-02,8522.3,8973.45,8487.33,8915.0,8915.0,9281.7408,8735.37565,43.504180326158654,432.5956601388585,10216.69254477,11039.606313317501,VENDI,BASSO
2020-03-03,8919.21,8927.45,8635.31,8757.84,8757.84,9294.8076,8727.40095,41.19709117512568,422.56311298608296,9152.7069265,10810.1924170075,VENDI,BASSO
2020-03-04,8757.83,8847.0,8670.57,8760.66,8760.66,9293.707,8720.1153,41.25728877075248,404.98217634421997,5688.58509691,10239.557404368501,VENDI,BASSO
2020-03-05,8759.99,9174.24,8759.99,9070.17,9070.17,9298.9342,8713.88875,47.59800629763076,405.6441637482043,10073.31421239,10341.8983046465,VENDI,BASSO
2020-03-06,9070.18,9182.08,9000.01,9158.51,9158.51,9307.8092,8705.0813,49.280774980546376,389.67458062333253,6422.12885254,10046.8403174215,VENDI,BASSO
2020-03-07,9158.51,9214.67,8850.47,8901.37,8901.37,9307.8482,8695.7427,44.77368359112583,387.854967721666,6478.25334502,9899.236540724,VENDI,BASSO
2020-03-08,8901.36,8901.37,8002.2,8037.76,8037.76,9290.417,8685.281500000001,33.64445545065547,424.3774700272614,16591.91410216,10221.6008446045,VENDI,ALTO
2020-03-09,8037.73,8187.03,7630.0,7934.52,7934.52,9275.156799999999,8674.41835,32.60119962820809,433.8526507395999,25563.61417462,10919.453486952,VENDI,ALTO
2020-03-10,7934.56,8158.25,7733.56,7894.68,7894.68,9260.472600000001,8661.8375,32.1864307612512,433.1981756867713,17172.47130109,10946.2245445625,VENDI,ALTO
2020-03-11,7894.68,7987.97,7583.27,7938.05,7938.05,9244.793,8650.78795,33.18301546460761,431.1625917091448,13647.86513876,11009.517298434,VENDI,ALTO
2020-03-12,7938.05,7969.45,4644.0,4857.1,4857.1,9168.7274,8624.37985,15.620771520315898,637.897406587063,113902.20332904,16350.959156014502,VENDI,ALTO
2020-03-13,4857.1,5995.0,3858.0,5637.6,5637.6,9113.775,8600.7596,26.267068943823404,744.9761632594156,130316.64684438,22701.729316822,VENDI,ALTO
2020-03-14,5630.93,5669.0,5050.0,5165.25,5165.25,9048.5348,8575.7266,24.271208625282085,735.977865883743,32760.12278053,24058.1385916125,VENDI,ALTO
2020-03-15,5161.16,5985.0,5085.91,5345.35,5345.35,8988.9056,8553.8818,26.56245175340527,747.6287326063328,43763.76236813,25682.5850996125,VENDI,ALTO
2020-03-16,5346.86,5350.3,4432.3,5037.61,5037.61,8917.7578,8531.59485,25.16156594395727,759.7981088487377,80184.03685247,29223.2467391975,VENDI,ALTO
2020-03-17,5039.95,5569.44,4935.6,5331.71,5331.71,8846.4728,8510.3413,29.014570733448735,750.8011010738278,44347.15487325,30360.081337884003,VENDI,ALTO
2020-03-18,5331.71,5452.82,5001.0,5413.64,5413.64,8766.855599999999,8489.405200000001,30.0943126986445,729.4453081399829,37513.03523454,31496.682089479502,VENDI,ALTO
2020-03-19,5413.88,6441.37,5261.69,6186.26,6186.26,8704.812,8471.5039,39.44807625964715,761.604928987127,54666.67461085,33547.8515248715,VENDI,ALTO
2020-03-20,6183.82,6990.0,5657.0,6206.1,6206.1,8638.8724,8450.6281,39.6713091508662,802.4188626309036,53024.40103701,35941.9361614835,VENDI,ALTO
2020-03-21,6210.47,6470.0,5851.0,6198.78,6198.78,8576.1484,8428.4796,39.61328281199248,789.3175153001248,23514.96653599,36750.027508047504,VENDI,ALTO
2020-03-22,6198.64,6420.0,5738.0,5818.25,5818.25,8504.9098,8404.66165,36.61501541498507,781.6519784929731,28089.48698286,37643.667229952,VENDI,ALTO
2020-03-23,5815.24,6641.03,5678.2,6490.63,6490.63,8448.2524,8384.24115,44.59479126420674,794.5932657434751,42437.97070062,39307.930418658,VENDI,ALTO
2020-03-24,6493.58,6866.1,6403.16,6766.64,6766.64,8397.975400000001,8366.529750000002,47.51576650508344,770.9037467617984,40618.19870698,41054.4110991615,VENDI,ALTO
2020-03-25,6766.0,6983.31,6470.0,6690.96,6690.96,8348.508,8347.5627,46.78740459755958,752.50419342167,31266.36827545,42114.0638023145,VENDI,ALTO
2020-03-26,6691.71,6795.0,6520.13,6758.18,6758.18,8291.3952,8329.35875,47.556365633267994,718.3874653201221,17456.11705058,42665.7632122165,VENDI,ALTO
2020-03-27,6760.0,6880.0,6260.0,6372.36,6372.36,8223.582199999999,8309.67055,43.65682910471937,711.3597892258277,20458.24402051,43364.762745991,VENDI,ALTO
2020-03-28,6372.36,6372.36,6030.0,6251.82,6251.82,8152.4576,8290.4646,42.484719500592945,685.0026614239829,20353.8748456,43552.86078316301,VENDI,ALTO
2020-03-29,6251.45,6279.96,5870.46,5877.21,5877.21,8071.889,8269.049649999999,38.98194334678987,665.3238998936985,16111.23637843,43080.2418933535,VENDI,ALTO
2020-03-30,5878.98,6631.23,5853.0,6406.4,6406.4,7996.65,8248.96305,45.78238312872294,673.3886213298629,23659.80264153,43404.6084603755,VENDI,ALTO
2020-03-31,6406.4,6524.79,6333.91,6424.35,6424.35,7928.1014000000005,8229.255149999999,46.0022157176372,638.9237198063013,11939.0253308,43319.1664699775,VENDI,ALTO
2020-04-01,6424.02,6744.99,6160.0,6666.11,6666.11,7856.0234,8210.78445,49.00147455309774,635.0713112487083,17900.2508585,38519.0688464505,VENDI,ALTO
2020-04-02,6666.11,7292.11,6570.92,6804.52,6804.52,7785.0912,8193.284749999999,50.69012445365161,641.2226461595149,28761.00804113,33441.286906288,VENDI,ALTO
2020-04-03,6804.24,7050.0,6606.06,6741.99,6741.99,7715.2011999999995,8175.682,49.88646806741318,627.1310285766923,14953.17963657,32550.93974909,VENDI,ALTO
2020-04-04,6741.99,7025.53,6658.16,6874.77,6874.77,7645.27,8159.1289,51.6397996395174,608.5766693926429,10217.67907796,30873.635584581505,VENDI,ALTO
2020-04-05,6874.77,6925.0,6681.0,6778.25,6778.25,7582.610600000001,8142.24385,50.26313565237453,582.5354787217399,8962.91059819,27312.5792718675,VENDI,ALTO
2020-04-06,6778.64,7373.37,6773.28,7341.56,7341.56,7531.0218,8127.5766,57.40085006031617,583.7893730987585,27992.01318781,26494.8221875955,VENDI,ALTO
2020-04-07,7341.55,7466.0,7073.0,7200.01,7200.01,7481.022000000001,8112.7324,55.25499965765528,570.1615607345615,22743.06622044,25756.323736890503,VENDI,ALTO
2020-04-08,7200.01,7430.0,7154.22,7370.11,7370.11,7424.6633999999995,8099.713,57.319839108153744,549.1343063963785,15429.12191833,23794.4461022645,VENDI,ALTO
2020-04-09,7370.38,7377.0,7110.0,7293.24,7293.24,7378.526599999999,8086.0452000000005,56.06080256634453,528.9818559394944,12369.84267516,21761.718184172,VENDI,ALTO
2020-04-10,7293.23,7305.91,6750.0,6871.91,6871.91,7323.7638,8071.936050000001,49.62655605887637,530.905294800959,19671.19020798,21569.5293677715,VENDI,ALTO
2020-04-11,6871.83,6955.0,6775.0,6889.65,6889.65,7267.643599999999,8063.73425,49.88735249228961,505.8406308866048,8066.07536876,20568.3587870665,VENDI,ALTO
2020-04-12,6889.78,7200.0,6787.44,6908.13,6908.13,7212.441599999999,8056.0831499999995,50.17673032764393,499.1777286804188,12733.98839119,19083.159671595,VENDI,ALTO
2020-04-13,6908.12,6908.13,6555.0,6861.21,6861.21,7150.365600000001,8050.0892,49.39679709474201,488.7457480603889,22323.76661709,18168.4380671005,VENDI,ALTO
2020-04-14,6860.51,6997.38,6771.41,6877.37,6877.37,7094.713000000001,8043.5061,49.68686819072531,469.97605177036115,12868.6061641,17248.549961532997,VENDI,ALTO
2020-04-15,6876.92,6940.0,6605.89,6624.12,6624.12,7041.0954,8035.539350000001,45.30402420701258,460.2713337867639,14753.81361034,17113.434789521,VENDI,ALTO
2020-04-16,6623.62,7217.27,6456.0,7112.64,7112.64,7007.7822,8030.840549999999,53.774595229441275,481.7712385162808,28117.55707545,17496.400442268,MANTIENI STATO ATTUALE,ALTO
2020-04-17,7114.76,7156.66,7000.0,7037.46,7037.46,6972.281599999999,8024.503049999999,52.42894228484842,458.5490071936893,13514.57644149,17154.435522062497,MANTIENI STATO ATTUALE,ALTO
2020-04-18,7036.45,7308.0,7021.0,7261.76,7261.76,6943.339,8019.204249999999,55.96911889078784,446.2955066798544,11510.52116868,16924.399761575,MANTIENI STATO ATTUALE,ALTO
2020-04-19,7262.04,7275.0,7063.02,7130.71,7130.71,6915.451800000001,8012.949199999999,53.46561031277219,429.5586847741505,8887.88875146,16185.804067071498,MANTIENI STATO ATTUALE,ALTO
2020-04-20,7130.7,7227.11,6748.72,6838.19,6838.19,6881.769400000001,8005.9381,48.27491697098741,433.04663586171114,18396.60555727,16508.683078395,MANTIENI STATO ATTUALE,ALTO
2020-04-21,6837.22,6959.0,6776.0,6853.68,6853.68,6840.543000000001,7999.4231500000005,48.55971354346374,415.1861618715889,14467.84248756,16337.062659847998,MANTIENI STATO ATTUALE,ALTO
2020-04-22,6853.67,7167.37,6826.0,7136.84,7136.84,6808.1230000000005,7994.3692,53.590183737476096,409.9135788807612,13141.14072302,15556.0692939425,MANTIENI STATO ATTUALE,ALTO
2020-04-23,7136.81,7775.0,7031.14,7488.83,7488.83,6782.6864000000005,7992.514399999999,58.962583474423504,433.7668946749925,22759.36481812,15946.37855302,MANTIENI STATO ATTUALE,ALTO
2020-04-24,7491.5,7612.24,7390.0,7514.64,7514.64,6751.5758,7989.0426,59.334314602079665,418.6578307696359,13764.56695369,16123.7229468065,MANTIENI STATO ATTUALE,ALTO
2020-04-25,7514.99,7720.0,7437.94,7547.61,7547.61,6719.357800000001,7985.880649999999,59.8348262544883,408.90084285751914,7443.79619621,16047.7672267075,MANTIENI STATO ATTUALE,ALTO
2020-04-26,7547.61,7715.0,7490.0,7706.4,7706.4,6695.4583999999995,7981.46265,62.24500576176822,395.76506836769636,9292.64077746,15112.798606190001,MANTIENI STATO ATTUALE,ALTO
2020-04-27,7706.4,7810.99,7635.69,7789.77,7789.77,6690.498600000001,7977.474,63.48395857677172,380.0175634842895,15455.7361195,14748.432101143,MANTIENI STATO ATTUALE,ALTO
2020-04-28,7789.77,7794.74,7672.0,7755.01,7755.01,6686.908399999999,7974.912400000001,62.562137598759236,361.6405946639831,10984.76643504,14526.214326978501,MANTIENI STATO ATTUALE,ALTO
2020-04-29,7757.18,8988.0,7720.0,8793.75,8793.75,6704.8898,7977.336000000001,74.48517587392803,426.38055218798434,48689.75030108,16342.209708274499,ACQUISTA,ALTO
2020-04-30,8794.99,9478.66,8407.0,8624.28,8624.28,6718.6144,7979.04255,70.53814446338654,472.471941317414,44843.9646793,17600.8484318405,ACQUISTA,ALTO
2020-05-01,8624.68,9075.98,8622.72,8829.42,8829.42,6798.060799999999,7981.414650000001,72.44182222860313,471.0996597947416,21660.21988892,18280.5556578485,ACQUISTA,ALTO
2020-05-02,8829.42,9025.0,8762.01,8985.58,8985.58,6865.0204,7985.530349999999,73.82816810924378,456.2346840951172,10539.26528999,18170.8195027885,MANTIENI STATO ATTUALE,ALTO
2020-05-03,8984.69,9203.52,8731.01,8909.95,8909.95,6939.914400000001,7990.1124,71.94059361865216,457.3972066597517,17147.65372312,17912.013858090002,MANTIENI STATO ATTUALE,ALTO
2020-05-04,8907.85,8970.0,8533.98,8883.53,8883.53,7010.677999999999,7994.149049999999,71.2552282765396,455.8702633269123,18380.62654424,18187.614877097,ACQUISTA,ALTO
2020-05-05,8887.81,9126.27,8769.69,9028.79,9028.79,7090.5016000000005,7999.522199999999,72.79010298512623,448.7781016607043,16392.29936609,18269.539164884503,MANTIENI STATO ATTUALE,ALTO
2020-05-06,9028.78,9418.0,8922.13,9155.79,9155.79,7166.9832,8005.474749999999,74.09261006365037,452.14180868493975,27650.87868274,18246.205245249,ACQUISTA,ALTO
2020-05-07,9155.79,10079.0,9028.89,10004.77,10004.77,7258.805800000001,8014.318,80.73245569029629,494.85382235030124,39447.57511824,19542.855179086502,ACQUISTA,ALTO
2020-05-08,10000.37,10049.0,9730.0,9810.0,9810.0,7331.280600000001,8022.3184,75.9248634211991,482.29283503956543,26363.71688893,20285.514965099,ACQUISTA,ALTO
2020-05-09,9810.01,9920.73,9521.0,9537.21,9537.21,7397.902799999999,8029.88085,69.66737602418469,476.39548967959644,17931.1748552,20737.679270285997,MANTIENI STATO ATTUALE,MEDIO
2020-05-10,9537.21,9559.98,8106.7,8729.86,8729.86,7448.5244,8036.1559,55.17402743330187,546.1729547024825,50909.84429757,22363.341207301,MANTIENI STATO ATTUALE,BASSO
2020-05-11,8729.86,9182.66,8185.0,8572.4,8572.4,7503.6074,8041.86355,52.86412613545071,578.4220293665908,39999.37731433,23639.9179486395,MANTIENI STATO ATTUALE,BASSO
2020-05-12,8572.4,8982.9,8534.85,8821.42,8821.42,7550.2232,8042.630650000001,56.001358380095745,569.1097415546914,20219.23699186,23993.8227620815,MANTIENI STATO ATTUALE,BASSO
2020-05-13,8821.41,9420.18,8803.97,9321.26,9321.26,7601.315599999999,8042.93805,61.53534841138972,572.4740457293564,21357.63022841,23923.736032595996,MANTIENI STATO ATTUALE,MEDIO
2020-05-14,9320.85,9943.93,9257.15,9795.34,9795.34,7663.403200000001,8044.170549999999,65.9143579612441,580.6387567486881,28752.36041568,24673.1257056955,MANTIENI STATO ATTUALE,MEDIO
2020-05-15,9795.34,9849.0,9120.0,9312.1,9312.1,7714.481599999999,8044.59855,58.59203925409438,591.2359884094961,25180.97967322,25559.984879546,MANTIENI STATO ATTUALE,BASSO
2020-05-16,9312.1,9594.99,9215.01,9383.16,9383.16,7774.6976,8044.36035,59.30789541099419,576.146274951675,10782.32773503,25634.4692274245,MANTIENI STATO ATTUALE,BASSO
2020-05-17,9380.01,9896.0,9325.81,9676.63,9676.63,7843.1938,8046.9213,62.21328422938589,575.7208267408411,13540.66294076,25538.715568487496,MANTIENI STATO ATTUALE,MEDIO
2020-05-18,9677.45,9957.25,9436.97,9728.52,9728.52,7920.22,8049.766499999999,62.72012690630137,571.7607676879239,17710.29958398,25874.992225934497,MANTIENI STATO ATTUALE,MEDIO
2020-05-19,9728.52,9898.0,9463.22,9783.76,9783.76,7987.767199999999,8052.4196999999995,63.28471999345852,561.9764271387866,15229.62610784,24201.9860162725,MANTIENI STATO ATTUALE,MEDIO
2020-05-20,9783.57,9836.99,9294.54,9509.41,9509.41,8049.468400000001,8053.424150000001,58.542634580635,560.581682343159,16895.54925055,22804.565244835,MANTIENI STATO ATTUALE,BASSO
2020-05-21,9509.4,9568.0,8800.0,9061.96,9061.96,8097.3854,8052.70135,51.73385074832656,575.3972764615048,28081.22890941,23125.615695859502,MANTIENI STATO ATTUALE,BASSO
2020-05-22,9059.32,9267.34,8923.5,9168.84,9168.84,8144.6718,8051.4829,53.13593419988923,558.8574709999689,13731.91887098,23285.248374909,MANTIENI STATO ATTUALE,BASSO
2020-05-23,9168.84,9313.83,9090.11,9181.76,9181.76,8193.467200000001,8050.78125,53.312490278119256,534.9190802142567,6878.84791748,22771.808084627,MANTIENI STATO ATTUALE,BASSO
2020-05-24,9181.09,9306.23,8680.7,8715.73,8715.73,8230.2864,8047.653550000001,46.50648515648533,541.3912887703812,13004.34567862,22502.994041346003,MANTIENI STATO ATTUALE,BASSO
2020-05-25,8715.69,8977.0,8632.93,8899.31,8899.31,8272.7076,8046.1559,49.2547277327034,527.2969110010682,12328.24203695,22299.791174888996,MANTIENI STATO ATTUALE,BASSO
2020-05-26,8900.0,9016.99,8694.23,8844.42,8844.42,8302.764799999999,8046.5629500000005,48.45318113876103,512.687131643849,11507.43097855,21492.618789679498,MANTIENI STATO ATTUALE,BASSO
2020-05-27,8844.41,9230.0,8811.46,9208.53,9208.53,8342.9352,8048.56615,53.82157117771572,505.96233652643133,10936.67835282,20067.073951408503,MANTIENI STATO ATTUALE,BASSO
2020-05-28,9208.53,9625.0,9112.0,9580.19,9580.19,8387.1368,8051.30595,58.56514747183945,506.4650267745434,14511.07649252,19474.441931588,MANTIENI STATO ATTUALE,BASSO
2020-05-29,9580.01,9609.02,9330.01,9423.84,9423.84,8429.7488,8054.81745,55.96086606014999,490.21823914779037,10415.42644355,19098.654511005498,MANTIENI STATO ATTUALE,BASSO
2020-05-30,9423.85,9764.0,9326.43,9700.33,9700.33,8486.3172,8059.2691,59.3992104596676,486.45765063723394,10509.69814742,17078.647203498,MANTIENI STATO ATTUALE,MEDIO
2020-05-31,9700.32,9705.6,9369.58,9446.57,9446.57,8537.455600000001,8062.71025,55.14385221527354,475.71210416314585,7944.71669301,15475.914172432002,MANTIENI STATO ATTUALE,BASSO
2020-06-01,9445.83,10428.0,9417.42,10208.96,10208.96,8603.4722,8070.60505,63.58457358178775,513.9169538657783,21676.60828748,15548.782737213001,ACQUISTA,MEDIO
2020-06-02,10208.96,10237.6,9270.0,9522.46,9522.46,8656.6972,8075.92995,53.77240339873129,546.3228857325084,33220.58268645,16141.930360115002,ACQUISTA,BASSO
2020-06-03,9521.53,9695.0,9385.22,9668.07,9668.07,8712.5112,8081.8653,55.3464046913486,529.4269653230436,11446.72193696,15276.648436179,MANTIENI STATO ATTUALE,BASSO
2020-06-04,9668.06,9888.0,9450.0,9788.03,9788.03,8775.789400000001,8088.3054,56.655782205024565,522.8964677999692,12441.27298837,14639.663101936501,MANTIENI STATO ATTUALE,MEDIO
2020-06-05,9791.96,9855.0,9585.44,9613.21,9613.21,8825.800799999999,8095.52725,54.16318566196535,504.80100581425705,12495.89785858,14725.341608113999,MANTIENI STATO ATTUALE,BASSO
2020-06-06,9613.42,9735.13,9526.03,9671.7,9671.7,8878.4856,8103.268950000001,54.878450607844954,483.6795053989529,6501.31731671,14373.374326911502,MANTIENI STATO ATTUALE,BASSO
2020-06-07,9670.28,9822.0,9370.0,9750.12,9750.12,8928.2528,8111.604750000001,55.872687542793116,481.41668358474203,11628.94527829,14069.306611627002,MANTIENI STATO ATTUALE,MEDIO
2020-06-08,9750.12,9815.0,9632.79,9781.51,9781.51,8981.2688,8122.43,56.28788706912639,460.04477761440324,8533.83614916,13734.517113693,MANTIENI STATO ATTUALE,MEDIO
2020-06-09,9781.51,9886.0,9567.33,9779.41,9779.41,9040.0932,8134.911899999999,56.24975567583504,449.94657921337443,10329.87714811,13406.233508570998,MANTIENI STATO ATTUALE,MEDIO
2020-06-10,9779.7,10018.67,9690.0,9894.04,9894.04,9100.9004,8147.7356500000005,57.92528707338812,441.28396641241915,12965.42597405,12650.443361803,ACQUISTA,MEDIO
2020-06-11,9894.35,9973.25,9050.0,9268.16,9268.16,9143.5268,8159.5332499999995,47.27860658390009,475.7101116686749,26779.8793933,13302.841387919,MANTIENI STATO ATTUALE,BASSO
2020-06-12,9268.16,9552.87,9227.0,9464.17,9464.17,9183.0336,8171.219050000001,50.35601074871207,465.00724654948397,10992.51647836,13508.524815963,MANTIENI STATO ATTUALE,BASSO
2020-06-13,9464.71,9494.45,9346.0,9475.0,9475.0,9222.240800000001,8182.7807,50.52783855819524,442.3960146530923,4581.79206303,13087.3971351835,MANTIENI STATO ATTUALE,BASSO
2020-06-14,9475.0,9481.0,9240.0,9325.0,9325.0,9257.788600000002,8191.7871000000005,48.047314816703484,428.01058503501434,4829.79726322,12712.474896497,MANTIENI STATO ATTUALE,BASSO
2020-06-15,9328.63,9499.0,8895.01,9432.53,9432.53,9292.3112,8201.787699999999,49.94440663662688,440.58054324679904,18589.28586581,13066.567640860001,MANTIENI STATO ATTUALE,BASSO
2020-06-16,9432.57,9592.04,9381.0,9526.25,9526.25,9327.040799999999,8210.618949999998,51.60317055909943,424.18479015774204,10345.29526997,13036.9984867175,MANTIENI STATO ATTUALE,BASSO
2020-06-17,9526.25,9558.48,9227.03,9457.51,9457.51,9361.0908,8220.1269,50.28688938320738,417.5608765750461,8937.92623229,12758.340973706,MANTIENI STATO ATTUALE,BASSO
2020-06-18,9457.51,9482.66,9267.18,9376.14,9376.14,9372.7386,8229.98625,48.70320265638519,403.1265282482571,6300.5664912,12552.5979760885,MANTIENI STATO ATTUALE,BASSO
2020-06-19,9376.14,9430.0,9229.0,9301.91,9301.91,9386.2912,8239.97075,47.24156863775083,388.6889190876673,7871.9637482,12420.7112561275,MANTIENI STATO ATTUALE,BASSO
2020-06-20,9300.42,9391.71,9161.0,9355.74,9355.74,9396.8176,8250.23475,48.44977546512383,377.40471058140525,6900.60934146,12368.50588855,VENDI,BASSO
2020-06-21,9355.74,9419.35,9273.0,9286.14,9286.14,9402.8288,8260.6705,46.95258029201618,360.9008026827335,3088.66849893,11439.1088991225,VENDI,BASSO
2020-06-22,9286.14,9792.0,9267.58,9690.74,9690.74,9418.444599999999,8272.156500000001,55.551519700563155,372.58074534825255,11775.73858785,10366.8666941925,ACQUISTA,BASSO
2020-06-23,9690.67,9724.53,9572.22,9623.56,9623.56,9433.2452,8282.5739,53.986693327663865,356.84712068052033,7946.97355694,10191.8792751915,MANTIENI STATO ATTUALE,BASSO
2020-06-24,9623.56,9663.38,9195.0,9285.91,9285.91,9438.3876,8291.4925,46.84437646892303,364.813754917626,13410.75869027,10240.3535602865,MANTIENI STATO ATTUALE,BASSO
2020-06-25,9285.94,9335.0,8979.07,9243.51,9243.51,9440.142,8300.11005,46.02101160137074,364.17920099493847,13529.05626726,10292.011480720501,VENDI,BASSO
2020-06-26,9242.98,9291.73,9027.62,9155.42,9155.42,9423.155,8309.1996,44.27966727573975,357.03140092387133,10702.37319002,10502.064274385999,VENDI,BASSO
2020-06-27,9155.42,9188.14,8815.01,9002.46,9002.46,9407.0042,8318.11505,41.35364116339971,358.18130085788044,8507.26840968,10345.9804309555,VENDI,BASSO
2020-06-28,9002.38,9189.0,8931.77,9113.24,9113.24,9398.5248,8327.6751,44.228108586371626,350.9704936537461,5537.7575057,10196.1764987825,VENDI,BASSO
2020-06-29,9113.23,9236.75,9014.0,9184.45,9184.45,9407.6166,8337.6678,46.05833571261595,341.8118869641928,8658.42672493,10112.603977623501,VENDI,BASSO
2020-06-30,9188.79,9201.0,9059.6,9136.2,9136.2,9418.8926,8347.0993,44.98122121328257,327.49675218103613,6820.86740899,9805.376049370501,VENDI,BASSO
2020-07-01,9135.91,9297.2,9088.0,9239.97,9239.97,9427.2636,8357.984600000002,47.8081539298947,319.04698416810504,7550.15999655,8843.890079533001,VENDI,BASSO
2020-07-02,9239.41,9265.0,8938.0,9091.53,9091.53,9422.669,8367.887250000002,44.30154592907875,319.6150567275261,10774.18558946,8832.973535088,VENDI,BASSO
2020-07-03,9091.98,9126.12,9036.74,9063.87,9063.87,9408.0396,8378.82145,43.65894055755046,303.1696955327029,7738.46972112,8990.807417992499,VENDI,BASSO
2020-07-04,9059.73,9195.84,9039.84,9138.51,9138.51,9404.5678,8391.4309,45.937829122877105,292.65757442322416,5300.78823324,9014.3569664935,VENDI,BASSO
2020-07-05,9138.51,9145.0,8905.84,9074.39,9074.39,9398.3924,8400.3752,44.28083691228272,288.83631910727956,4601.32645918,8314.958996161999,VENDI,BASSO
2020-07-06,9074.37,9375.9,9061.59,9343.31,9343.31,9391.726,8411.34615,52.08669111586809,290.65586774247384,9959.28200198,8295.658332762501,VENDI,BASSO
2020-07-07,9343.31,9379.34,9201.57,9253.94,9253.94,9382.234400000001,8421.665850000001,49.59984174754462,282.59259147515434,6326.83865418,8165.103953857001,VENDI,BASSO
2020-07-08,9253.94,9475.0,9232.2,9435.28,9435.28,9375.264799999999,8433.127199999999,54.36132514102028,279.7502635126433,10135.31536748,8356.841397671,ACQUISTA,BASSO
2020-07-09,9435.28,9446.62,9154.79,9236.95,9236.95,9369.8156,8441.746650000001,48.918064580735894,280.61310183316874,8450.14110132,8385.750265327,ACQUISTA,BASSO
2020-07-10,9236.95,9322.23,9118.0,9291.05,9291.05,9374.3974,8451.647949999999,50.37768407485205,275.1571659879424,6892.47061091,8385.3433287995,VENDI,BASSO
2020-07-11,9291.04,9303.04,9182.35,9235.0,9235.0,9375.720599999999,8461.5479,48.82120307412892,264.1237969888037,3369.21728725,8399.3707682155,VENDI,BASSO
2020-07-12,9235.0,9347.53,9159.33,9303.37,9303.37,9378.1528,8472.104150000001,50.817348641733936,258.70066863246063,5419.21357745,8081.544517695499,VENDI,BASSO
2020-07-13,9303.38,9339.61,9193.52,9236.92,9236.92,9388.5766,8482.318099999999,48.82414852913063,250.65704944442774,8698.43618823,8119.117649259999,VENDI,BASSO
2020-07-14,9236.91,9280.0,9100.0,9256.94,9256.94,9395.7292,8492.373650000001,49.4672296793286,245.61011734125435,7497.56309216,7823.4578693545,VENDI,BASSO
2020-07-15,9256.94,9273.98,9154.01,9190.16,9190.16,9402.644,8501.811099999999,47.330691880508326,236.6358232454504,7196.32866271,7506.821489126999,VENDI,BASSO
2020-07-16,9190.8,9216.02,9005.0,9130.11,9130.11,9401.0756,8510.537199999999,45.43052381051842,234.80612158506113,8765.69858912,7409.987759082001,VENDI,BASSO
2020-07-17,9130.93,9182.99,9054.99,9154.29,9154.29,9392.5576,8520.21865,46.364275250405704,227.1771129004139,6423.74716202,7305.811696699,VENDI,BASSO
2020-07-18,9154.29,9210.0,9122.65,9175.85,9175.85,9387.5978,8530.2693,47.23130695931161,217.1894619789558,4121.62697417,7235.005170122499,VENDI,BASSO
2020-07-19,9175.83,9245.03,9105.37,9212.87,9212.87,9377.8486,8540.462,48.762880567916184,211.65164326617324,3520.07247613,6978.087457682499,VENDI,BASSO
2020-07-20,9214.01,9223.51,9131.0,9161.05,9161.05,9372.1382,8551.54215,46.718796016149874,203.14152589001804,5815.33084221,6927.8106293435,VENDI,BASSO
2020-07-21,9161.05,9438.0,9157.04,9394.14,9394.14,9355.8418,8561.840600000001,55.71186306075639,208.6999883264453,9603.9151125,7030.498385141,ACQUISTA,BASSO
2020-07-22,9394.14,9567.77,9277.0,9536.18,9536.18,9356.1162,8572.77835,60.12828375551698,214.56213201741355,10362.35264843,7009.906738089499,ACQUISTA,MEDIO
2020-07-23,9536.2,9686.0,9450.04,9613.24,9613.24,9355.0196,8584.06755,62.3234010992253,216.0905511590268,12992.9719195,7272.6318480085,ACQUISTA,MEDIO
2020-07-24,9613.24,9645.55,9475.7,9551.21,9551.21,9350.2832,8593.00045,59.484476144383734,212.78765464766764,9798.89346586,7497.5371096395,ACQUISTA,BASSO
2020-07-25,9551.21,9747.76,9536.64,9711.33,9711.33,9352.2456,8600.764500000001,64.03825566495614,212.6685364585486,6973.11089437,7616.126331399,MANTIENI STATO ATTUALE,MEDIO
2020-07-26,9711.79,10150.0,9661.35,9941.0,9941.0,9357.6316,8610.241950000001,69.35821146948709,232.38149814008082,11615.0460936,7698.9145359799995,ACQUISTA,MEDIO
2020-07-27,9941.0,11420.0,9935.0,11048.91,11048.91,9383.6074,8626.4176,82.67371552541337,321.8542482729322,41850.57309953,9475.1012582475,ACQUISTA,ALTO
2020-07-28,11048.05,11259.0,10575.0,10934.23,10934.23,9406.6618,8640.0983,78.85396565464598,347.72180196772274,26011.37513947,10268.904246847,ACQUISTA,ALTO
2020-07-29,10934.22,11350.0,10843.47,11110.12,11110.12,9433.276000000002,8655.5489,80.35328954609616,359.065244684314,18556.27794282,10774.211088922,ACQUISTA,ALTO
2020-07-30,11108.16,11188.65,10811.0,11115.95,11115.95,9457.714199999999,8670.2246,80.40288829086865,360.39272720686296,12408.70410754,11050.0227637535,ACQUISTA,ALTO
2020-07-31,11115.99,11460.0,10975.0,11351.62,11351.62,9499.3834,8686.4602,82.34336812499326,369.293246692087,15747.02174952,11668.912986866999,ACQUISTA,ALTO
2020-08-01,11351.61,11888.0,11237.82,11810.07,11810.07,9546.301399999998,8701.4321,85.37678610545525,389.35658621408083,18293.12524307,12312.608570148,ACQUISTA,ALTO
2020-08-02,11810.07,12134.29,10546.15,11068.54,11068.54,9578.172199999999,8712.730749999999,65.71195521530993,474.98397291307515,28118.42911355,13283.608216414,ACQUISTA,MEDIO
2020-08-03,11067.46,11486.6,10911.74,11233.13,11233.13,9616.3348,8725.3226,67.50122882436125,482.1179748478556,13783.34037417,13597.897080514498,ACQUISTA,MEDIO
2020-08-04,11233.16,11417.11,11006.16,11197.04,11197.04,9651.625,8736.8107,66.67956360400342,477.0345480730088,12074.47851394,13841.804573076,MANTIENI STATO ATTUALE,MEDIO
2020-08-05,11197.05,11798.87,11073.7,11756.75,11756.75,9696.235,8751.047849999999,72.30919192187514,494.75850892493673,16637.78082145,14235.4086846925,ACQUISTA,ALTO
2020-08-06,11756.75,11916.68,11580.19,11773.89,11773.89,9742.5626,8766.42965,72.4626267628573,483.4536154302984,18053.08146864,14816.8754000235,ACQUISTA,ALTO
2020-08-07,11773.89,11920.0,11350.0,11606.52,11606.52,9787.1702,8781.3178,68.47276624605765,489.63550004241995,23761.51075422,15798.869589026002,ACQUISTA,MEDIO
2020-08-08,11606.52,11818.18,11529.45,11774.98,11774.98,9836.6316,8796.58255,70.24841712327864,475.2851071822471,7315.88456116,15988.6601932775,MANTIENI STATO ATTUALE,ALTO
2020-08-09,11773.24,11810.24,11532.04,11688.48,11688.48,9883.2864,8811.72305,68.12667356637445,461.20759952637223,7595.96106535,16077.6917044345,MANTIENI STATO ATTUALE,MEDIO
2020-08-10,11688.25,12086.22,11470.01,11899.73,11899.73,9935.5582,8829.295600000001,70.472262049696,472.27919956020276,22152.58893673,16705.125395646,ACQUISTA,ALTO
2020-08-11,11899.87,11943.0,11120.0,11388.53,11388.53,9969.514000000001,8844.10195,59.131940430741224,497.3306853059026,20706.60991744,17222.338259096497,ACQUISTA,MEDIO
2020-08-12,11388.88,11625.0,11148.54,11566.45,11566.45,10008.3718,8860.300150000001,61.45668293184189,495.83992206976666,12809.98917913,17213.189122077998,MANTIENI STATO ATTUALE,MEDIO
2020-08-13,11566.44,11802.09,11274.14,11795.95,11795.95,10058.5726,8876.3049,64.2793086657164,498.1334990647834,15369.40392513,17491.7146450415,MANTIENI STATO ATTUALE,MEDIO
2020-08-14,11795.95,11865.97,11651.24,11779.0,11779.0,10109.282400000002,8890.7201,63.90706716335598,477.8903919887274,13797.82000137,17832.9501003915,MANTIENI STATO ATTUALE,MEDIO
2020-08-15,11777.5,11989.98,11688.0,11859.24,11859.24,10163.3588,8903.0438,64.9420797812696,465.3253639895326,12567.03859346,17880.5497253845,MANTIENI STATO ATTUALE,MEDIO
2020-08-16,11860.02,11940.0,11686.53,11918.84,11918.84,10221.6864,8916.1958,65.72822024800006,450.1928379902802,8911.25397878,16233.583769347,MANTIENI STATO ATTUALE,MEDIO
2020-08-17,11918.84,12486.61,11775.0,12304.26,12304.26,10285.5068,8930.2017,70.35739007413832,468.86549241954594,23814.66050181,16123.748037464,ACQUISTA,ALTO
2020-08-18,12303.98,12400.0,11825.0,11950.0,11950.0,10340.8178,8943.2768,62.05984371312247,476.44652867529265,18628.91287504,16127.379784075,ACQUISTA,MEDIO
2020-08-19,11954.22,12024.83,11569.0,11758.87,11758.87,10393.2712,8955.17025,58.0800687677509,474.97391948420034,16646.31489492,16339.260323444,ACQUISTA,MEDIO
2020-08-20,11758.87,11892.16,11671.48,11864.26,11864.26,10445.757,8967.874049999999,59.61784299210828,456.8100680924718,8801.17750309,15991.968111122502,MANTIENI STATO ATTUALE,MEDIO
2020-08-21,11864.26,11884.99,11480.0,11529.22,11529.22,10494.5108,8979.1177,52.96587561380428,453.1086346572952,14865.37875873,15820.580786905499,MANTIENI STATO ATTUALE,MEDIO
2020-08-22,11529.99,11693.16,11370.0,11672.93,11672.93,10546.692,8991.6607,55.27122053099037,443.82658932463124,7946.02465327,14811.9605638915,MANTIENI STATO ATTUALE,MEDIO
2020-08-23,11672.92,11715.0,11525.62,11650.01,11650.01,10596.921999999999,9001.84165,54.8098037310071,425.6518329443004,5516.17048181,14398.6020692735,MANTIENI STATO ATTUALE,MEDIO
2020-08-24,11650.01,11823.62,11592.91,11753.85,11753.85,10650.511199999999,9011.79585,56.57842432023592,411.72741630542185,7253.01922609,14157.529104881,MANTIENI STATO ATTUALE,MEDIO
2020-08-25,11753.26,11769.76,11102.73,11324.92,11324.92,10690.1434,9019.3802,48.18879221707065,429.96331514074893,14348.63533296,14043.0718304565,MANTIENI STATO ATTUALE,MEDIO
2020-08-26,11324.92,11539.99,11254.89,11463.27,11463.27,10734.33,9027.16835,50.72672948056646,419.6159354878383,9124.5541845,13596.6454662495,MANTIENI STATO ATTUALE,MEDIO
2020-08-27,11463.27,11597.92,11125.0,11330.06,11330.06,10772.2256,9032.9769,48.274735406244616,423.4233686672785,13517.39421459,13084.439639268,MANTIENI STATO ATTUALE,MEDIO
2020-08-28,11330.56,11550.51,11282.09,11535.0,11535.0,10818.186599999999,9041.393,52.11005434197982,412.35169947675865,10373.89590327,13237.340206373501,MANTIENI STATO ATTUALE,MEDIO
2020-08-29,11535.0,11580.0,11422.21,11474.31,11474.31,10861.851800000002,9047.414499999999,50.90627964150463,394.16872094270457,5417.54146196,13128.419226204001,MANTIENI STATO ATTUALE,MEDIO
2020-08-30,11474.3,11720.0,11463.87,11716.01,11716.01,10911.472,9054.2389,55.33181845851724,384.30881230393993,5594.22582376,12300.5010705555,MANTIENI STATO ATTUALE,MEDIO
2020-08-31,11716.0,11784.66,11576.0,11655.0,11655.0,10958.5046,9061.33145,54.008360167509444,371.76246856794427,9123.59353747,11721.350251557,MANTIENI STATO ATTUALE,MEDIO
2020-09-01,11655.0,12086.0,11525.09,11924.22,11924.22,11012.250600000001,9069.0959,58.70244209005033,385.2730065273768,16057.64432384,11883.7330087925,ACQUISTA,MEDIO
2020-09-02,11924.22,11950.0,11160.0,11395.48,11395.48,11055.021400000001,9076.5172,48.28021571193212,414.18207748970707,19721.44316904,12101.334970988,MANTIENI STATO ATTUALE,MEDIO
2020-09-03,11395.49,11474.99,10005.0,10172.52,10172.52,11074.6686,9077.7748,33.475828471656655,489.59692909758513,30364.24398441,12929.65617014,MANTIENI STATO ATTUALE,BASSO
2020-09-04,10172.13,10638.34,9895.22,10500.05,10500.05,11102.0674,9081.77505,38.881131615174645,507.7057198763291,23366.46467779,13469.6274743565,VENDI,BASSO
2020-09-05,10500.05,10564.8,9813.0,10168.36,10168.36,11122.3488,9081.676650000001,35.716149974764335,525.1410255994484,22450.75807716,14146.6026792755,VENDI,BASSO
2020-09-06,10169.58,10358.88,10000.0,10257.86,10257.86,11143.989,9084.965549999999,37.20159389327943,513.2652380566307,9516.19303239,13431.6793058045,VENDI,BASSO
2020-09-07,10258.67,10410.9,9880.0,10375.0,10375.0,11167.231600000001,9088.7903,39.182437812049585,514.5248639097284,11996.92866276,13100.0800951905,VENDI,BASSO
2020-09-08,10375.0,10440.91,9819.83,10125.69,10125.69,11186.5244,9090.94045,36.54065491164868,522.1359450590335,15768.31017626,13056.179859257501,VENDI,BASSO
2020-09-09,10126.41,10349.99,9983.34,10224.56,10224.56,11203.132799999998,9093.722099999999,38.316814499250775,511.0298061262454,9645.50409232,13098.396188719,VENDI,BASSO
2020-09-10,10224.56,10489.0,10216.41,10343.23,10343.23,11219.2738,9095.6132,40.47048775215632,493.99839140294216,11237.01908035,12916.9782048,VENDI,BASSO
2020-09-11,10344.24,10411.44,10200.0,10394.41,10394.41,11234.8972,9099.28525,41.42044295684272,473.81564915987497,7200.29156246,12879.6915502595,VENDI,BASSO
2020-09-12,10394.41,10483.23,10276.19,10446.52,10446.52,11252.803399999999,9104.99285,42.42781293816138,454.7602456484553,6495.30033616,12928.648042977,VENDI,BASSO
2020-09-13,10446.52,10582.36,10211.0,10336.76,10336.76,11265.312,9112.78515,40.83493499379925,448.80308524499424,10442.19360563,13088.106761954,VENDI,BASSO
2020-09-14,10336.76,10760.62,10253.0,10679.95,10679.95,11280.091,9122.12245,47.475010765977295,453.0042934417804,13532.95018331,13047.322504471502,VENDI,BASSO
2020-09-15,10678.41,10950.0,10613.18,10783.75,10783.75,11274.7878,9132.49675,49.32738371179607,444.70541533879606,12634.3292873,13222.8112596115,VENDI,BASSO
2020-09-16,10783.36,11099.95,10662.02,10959.61,10959.61,11275.2954,9144.66945,52.39081141732409,444.22145710031066,11003.70130082,13097.126613923001,VENDI,BASSO
2020-09-17,10957.06,11044.0,10735.55,10943.61,10943.61,11271.9652,9156.775950000001,52.08230648358427,434.52349587885993,8885.4490645,13022.7042719845,VENDI,BASSO
2020-09-18,10943.99,11039.88,10813.0,10937.52,10937.52,11268.396600000002,9166.888550000001,51.95689647890061,419.69181760179845,8660.059472,13184.830172486501,VENDI,BASSO
2020-09-19,10937.5,11179.9,10891.78,11080.0,11080.0,11262.964200000002,9178.49935,54.70488335804179,410.29383063024136,5718.02211829,13191.019987213,VENDI,MEDIO
2020-09-20,11081.09,11081.37,10759.37,10920.89,10920.89,11245.1806,9189.300500000001,51.184042189998586,403.987128442367,6003.78509052,13035.029564865501,VENDI,BASSO
2020-09-21,10920.94,10994.0,10180.0,10416.82,10416.82,11232.146200000001,9196.03375,41.96848344550451,433.2737621250551,15004.71121349,12982.382909348,VENDI,BASSO
2020-09-22,10416.83,10576.82,10355.0,10531.13,10531.13,11218.106200000002,9202.89685,44.412705644425756,418.16992197326545,7904.25642443,12391.523572117501,VENDI,BASSO
2020-09-23,10531.13,10541.25,10135.22,10235.1,10235.1,11198.8674,9209.5655,39.74411516301554,417.30278468946085,8893.24233647,11317.9734897205,VENDI,BASSO
2020-09-24,10237.41,10795.87,10192.56,10740.01,10740.01,11178.5326,9223.07675,49.49559897298259,430.58901435449945,9678.39349807,10633.5699307345,VENDI,BASSO
2020-09-25,10740.0,10765.07,10551.0,10690.53,10690.53,11156.8654,9236.856800000001,48.66444137314688,415.1233704720352,9690.62760986,9995.5634073695,VENDI,BASSO
2020-09-26,10690.53,10828.0,10654.58,10730.0,10730.0,11139.335,9251.0334,49.39446503203131,397.85884400974703,3783.39739972,9708.923625735999,VENDI,BASSO
2020-09-27,10730.0,10806.32,10595.24,10778.2,10778.2,11119.3994,9265.23415,50.32350455043818,384.5174980090508,3880.03686062,9303.079035629,VENDI,BASSO
2020-09-28,10779.0,10956.11,10621.22,10695.55,10695.55,11099.5408,9294.4264,48.673411418145086,380.97267672269015,8876.06156838,8958.466605235,VENDI,BASSO
2020-09-29,10694.9,10860.79,10636.13,10840.73,10840.73,11078.3608,9320.442050000001,51.67114285049139,369.80748552821245,8200.78265336,8886.230533287,VENDI,BASSO
2020-09-30,10839.98,10847.0,10657.04,10779.63,10779.63,11066.1828,9348.51395,50.338631766118056,356.9612365619115,6318.52943807,8640.306051173,VENDI,BASSO
2020-10-01,10779.63,10931.98,10427.75,10617.63,10617.63,11047.206400000001,9374.87535,46.88619124380891,367.48043395034637,12848.73637335,8922.7282917175,VENDI,BASSO
2020-10-02,10616.35,10668.56,10363.76,10573.12,10573.12,11022.7498,9402.552899999999,45.95364152892143,363.0032600967502,10263.48290265,9111.137420042,VENDI,BASSO
2020-10-03,10573.12,10606.36,10498.02,10551.65,10551.65,10998.202800000001,9428.6526,45.48370199917881,344.81302723269664,3211.70459291,8749.612969406,VENDI,BASSO
2020-10-04,10550.32,10697.0,10521.87,10671.11,10671.11,10974.440200000001,9454.93995,48.63141274761818,332.6928110017897,3569.25620166,8251.428270323499,VENDI,BASSO
2020-10-05,10670.01,10800.0,10621.12,10795.0,10795.0,10951.9634,9477.98365,51.74330439023822,321.70618164451895,6081.38701926,7923.781156921499,VENDI,BASSO
2020-10-06,10796.97,10800.0,10524.0,10602.66,10602.66,10917.931400000001,9499.96645,46.984483657267305,318.44145438419616,7596.36372031,7753.4142778959995,VENDI,BASSO
2020-10-07,10601.2,10683.75,10546.78,10670.47,10670.47,10892.3408,9522.3249,48.773238817604806,305.4792076424678,6108.04255109,7614.543952225501,VENDI,BASSO
2020-10-08,10670.47,10963.16,10532.11,10933.09,10933.09,10875.8252,9547.899099999999,55.09274507947777,314.4485499537201,11301.25106194,7746.603531722499,ACQUISTA,BASSO
2020-10-09,10932.44,11111.11,10834.49,11057.07,11057.07,10859.681400000001,9570.7313,57.74303319304988,311.74651067131157,10098.3991552,7965.622383568001,ACQUISTA,BASSO
2020-10-10,11057.07,11498.98,11055.75,11299.5,11299.5,10855.087000000001,9593.3956,62.414146574388596,321.1381884805036,9312.75916488,8131.071087286,ACQUISTA,MEDIO
2020-10-11,11299.52,11444.25,11276.28,11374.01,11374.01,10849.1086,9616.81085,63.7407873550658,310.197603589039,5163.46475688,7639.0087644555,MANTIENI STATO ATTUALE,MEDIO
2020-10-12,11374.01,11736.02,11187.6,11535.46,11535.46,10846.8176,9640.69725,66.49998081860443,327.21348904696475,11056.91558046,7796.641722257,ACQUISTA,MEDIO
2020-10-13,11535.46,11561.45,11312.59,11428.22,11428.22,10840.305,9665.97655,63.06701485505099,321.6168112578959,8639.21277154,7783.9402440105,ACQUISTA,MEDIO
2020-10-14,11428.22,11556.37,11290.83,11427.7,11427.7,10842.360599999998,9691.855950000001,63.05001816263173,317.6113247394748,7078.70152873,7653.955645543501,MANTIENI STATO ATTUALE,MEDIO
2020-10-15,11427.7,11641.38,11263.15,11509.34,11509.34,10843.282000000001,9720.0166,64.66032638396072,321.9412301152266,8538.52039637,7596.350284869,ACQUISTA,MEDIO
2020-10-16,11509.31,11550.01,11201.0,11328.95,11328.95,10843.2598,9744.62935,58.584927163144826,323.8747136784247,9505.26615373,7882.4437225695,ACQUISTA,BASSO
2020-10-17,11328.27,11421.0,11264.75,11367.89,11367.89,10839.9176,9769.34705,59.47020483259094,311.90151984425154,3586.1455215,7867.749155613501,MANTIENI STATO ATTUALE,BASSO
2020-10-18,11367.9,11523.0,11350.37,11514.2,11514.2,10840.715400000001,9793.5875,62.696700414032115,301.95355414109065,4352.09499051,7641.55082672,MANTIENI STATO ATTUALE,MEDIO
2020-10-19,11514.2,11833.0,11416.04,11760.45,11760.45,10841.604200000002,9818.36715,67.40055402325416,310.1683002738699,10313.23447344,7747.173417724,ACQUISTA,MEDIO
2020-10-20,11760.45,12050.0,11685.0,11923.83,11923.83,10846.980800000001,9844.27635,70.0949329075881,314.08485025430775,13840.02481291,8123.2481864659985,ACQUISTA,ALTO
2020-10-21,11923.07,13250.04,11900.01,12808.0,12808.0,10864.6564,9873.9425,79.81695648993566,388.0809323790001,32404.63293167,9101.043014382,ACQUISTA,ALTO
2020-10-22,12808.01,13200.0,12698.02,12987.02,12987.02,10896.4872,9904.98635,81.15295397677238,396.21658006621436,20337.78966446,9604.7583524725,ACQUISTA,ALTO
2020-10-23,12988.2,13037.0,12722.72,12937.09,12937.09,10951.778599999998,9932.964,79.57091194806779,390.363967204342,10450.87207186,9966.71672642,ACQUISTA,ALTO
2020-10-24,12938.0,13175.0,12884.31,13126.24,13126.24,11004.3024,9962.595150000001,81.07598131055008,383.24439811831763,7915.34663475,10184.0212480745,MANTIENI STATO ATTUALE,ALTO
2020-10-25,13126.34,13361.0,12890.76,13045.0,13045.0,11061.8352,9990.9696,78.40423445985736,389.4583696812949,9276.17719938,10343.760757080501,MANTIENI STATO ATTUALE,ALTO
2020-10-26,13045.02,13250.0,12785.0,13068.79,13068.79,11118.0538,10019.84735,78.62635610037596,394.85420041834533,12275.35826032,10577.710484081,ACQUISTA,ALTO
2020-10-27,13068.79,13793.72,13061.28,13698.18,13698.18,11184.5174,10053.9787,83.4702846043268,418.96747181703483,17267.43967837,11135.680340445,ACQUISTA,ALTO
2020-10-28,13740.85,13863.87,12891.57,13281.05,13281.05,11247.6246,10085.9357,71.84849288335256,458.4912238301039,21073.3766776,11624.286621228,ACQUISTA,ALTO
2020-10-29,13281.06,13650.0,12976.29,13460.0,13460.0,11312.333399999998,10118.69505,73.54991924230536,473.863993556525,15796.07667651,11909.1704972935,ACQUISTA,ALTO
2020-10-30,13460.0,13687.82,13131.31,13571.51,13571.51,11376.899,10152.24655,74.58087242529061,479.7672797310589,15664.29047538,12226.7470628185,ACQUISTA,ALTO
2020-10-31,13571.51,14098.92,13424.73,13804.81,13804.81,11445.107000000002,10186.88375,76.63298327791321,493.65461689312616,12166.30429818,12576.889039883501,MANTIENI STATO ATTUALE,ALTO
2020-11-01,13803.69,13906.74,13630.05,13771.59,13771.59,11511.608400000001,10222.6211,75.69589164944719,478.1571442579029,6252.00619492,12336.643570606499,MANTIENI STATO ATTUALE,ALTO
2020-11-02,13771.7,13840.0,13215.0,13563.22,13563.22,11576.1376,10254.874,69.92038137440981,488.6459196680528,12191.83070954,12514.2744675065,MANTIENI STATO ATTUALE,MEDIO
2020-11-03,13563.22,14081.45,13290.0,14035.8,14035.8,11643.2546,10289.8657,74.64536441759434,510.2747825489062,13965.78812958,12858.628797549,ACQUISTA,ALTO
2020-11-04,14034.35,14273.6,13530.01,14161.48,14161.48,11710.8092,10324.364300000001,75.73692846928164,526.9401552239843,16894.77786852,13276.441671156499,ACQUISTA,ALTO
2020-11-05,14165.86,15775.0,14115.0,15608.21,15608.21,11803.7812,10366.7518,84.18004893988193,607.8730012794141,31865.97472203,14394.477099571499,ACQUISTA,ALTO
2020-11-06,15608.06,15977.67,15190.36,15599.95,15599.95,11896.908000000001,10410.560599999999,84.00032108246461,620.6899297594559,25150.39252742,15472.689449867501,ACQUISTA,ALTO
2020-11-07,15599.95,15779.24,14310.0,14834.09,14834.09,11974.839399999999,10450.46265,69.23939764586362,681.300649062352,23552.06912628,16432.688156656,ACQUISTA,ALTO
2020-11-08,14834.09,15666.0,14721.9,15482.9,15482.9,12062.8974,10492.192949999999,73.48953324760018,700.0720312721841,11856.3281802,16509.842841994,MANTIENI STATO ATTUALE,ALTO
2020-11-09,15482.89,15856.9,14817.14,15342.25,15342.25,12151.3246,10531.460050000002,71.19310556281468,724.3354576098852,21951.27612698,16915.4054076975,ACQUISTA,ALTO
2020-11-10,15342.1,15481.06,15090.08,15315.03,15315.03,12249.288799999998,10570.462,70.73244711900405,700.5243534948934,13489.67510052,15969.657516140001,MANTIENI STATO ATTUALE,ALTO
2020-11-11,15315.46,16000.0,15293.04,15705.79,15705.79,12352.782,10611.2529,73.39395681812533,700.9840425309724,15257.35722584,15715.635894209001,MANTIENI STATO ATTUALE,ALTO
2020-11-12,15705.79,16370.89,15446.82,16310.81,16310.81,12474.2962,10654.27495,76.89706193298457,716.9187537787601,22153.73849401,16300.779215316501,ACQUISTA,ALTO
2020-11-13,16310.81,16491.92,15975.0,16339.56,16339.56,12586.287199999999,10697.023900000002,77.05168577722621,702.6331285088485,14593.51518544,16634.687642851,MANTIENI STATO ATTUALE,ALTO
2020-11-14,16339.56,16339.6,15708.24,16082.01,16082.01,12694.1168,10738.658899999999,72.37835673765032,697.5421907582165,9205.916488,16631.174607282,MANTIENI STATO ATTUALE,ALTO
2020-11-15,16082.01,16175.6,15796.09,15966.89,15966.89,12798.854599999999,10774.524599999999,70.32516786192997,674.8256057040583,6250.07966791,16329.910677661499,MANTIENI STATO ATTUALE,ALTO
2020-11-16,15970.0,16892.0,15879.0,16726.64,16726.64,12917.823400000001,10815.0364,75.30422828752964,698.9809195823399,13948.30524238,16163.953955861998,MANTIENI STATO ATTUALE,ALTO
2020-11-17,16726.49,17880.0,16575.42,17679.36,17679.36,13057.4996,10859.286100000001,79.86629887102919,742.23799675503,25230.22403641,16371.7963238025,ACQUISTA,ALTO
2020-11-18,17679.86,18488.0,17205.02,17782.91,17782.91,13196.343200000001,10903.272750000002,80.2924287705911,780.8624255582421,32425.98660226,17203.291820090002,ACQUISTA,ALTO
2020-11-19,17790.18,18193.29,17356.0,17821.58,17821.58,13337.1822,10947.830899999999,80.45876207482917,784.8929665897964,17141.49267548,17277.151930095,MANTIENI STATO ATTUALE,ALTO
2020-11-20,17821.92,18830.3,17764.76,18675.25,18675.25,13498.3346,10996.789499999999,83.72449781127695,804.9391832619539,17901.931678,17563.933299086002,ACQUISTA,ALTO
2020-11-21,18677.84,18980.0,18350.0,18721.21,18721.21,13661.2964,11045.251600000001,83.88068671834705,792.4435273146714,13604.27139959,17931.5465593195,MANTIENI STATO ATTUALE,ALTO
2020-11-22,18721.21,18773.56,17610.77,18437.66,18437.66,13819.016599999999,11091.66095,78.85299874174851,818.896846792195,15423.83816127,18093.146931905998,MANTIENI STATO ATTUALE,ALTO
2020-11-23,18437.18,18777.77,18001.0,18384.82,18384.82,13973.2908,11133.561200000002,77.91576157937857,815.8877863070384,17655.66362172,18277.640706513,MANTIENI STATO ATTUALE,ALTO
2020-11-24,18384.82,19469.0,18052.02,19172.84,19172.84,14140.847600000001,11180.3754,81.45573516801352,858.8229444279641,26623.09452709,18764.0565394415,ACQUISTA,ALTO
2020-11-25,19172.9,19500.0,18502.0,18721.93,18721.93,14303.232999999998,11226.299,74.13310507694942,868.7641626831096,20485.39373121,18195.0274899005,ACQUISTA,ALTO
2020-11-26,18717.24,18915.48,16200.0,17170.0,17170.0,14433.2236,11268.499700000002,55.605153177036485,1000.6724367771733,48644.17078197,19369.716402628,MANTIENI STATO ATTUALE,ALTO
2020-11-27,17169.99,17475.0,16400.0,17153.95,17153.95,14557.640800000001,11311.407449999999,55.450801751387615,1005.9815484359467,23333.98429789,19358.8121612085,MANTIENI STATO ATTUALE,ALTO
2020-11-28,17155.43,17933.25,16880.0,17739.85,17739.85,14691.2964,11355.9996,59.83396558848257,1009.3578664048077,13157.9519653,19423.8933504635,MANTIENI STATO ATTUALE,ALTO
2020-11-29,17736.1,18359.0,17535.26,18202.04,18202.04,14829.347200000002,11400.4035,62.932279530919544,996.0994473758931,8932.25029132,18772.9420586805,MANTIENI STATO ATTUALE,ALTO
2020-11-30,18202.02,19873.23,18201.47,19713.94,19713.94,14996.1458,11449.9965,70.85275398493381,1044.360915420472,27293.4791942,19463.132263364496,ACQUISTA,ALTO
2020-12-01,19713.94,19915.14,18109.0,18782.97,18782.97,15141.095999999998,11497.350850000003,62.0593000315387,1098.7737071761526,30442.86543674,20222.4076739095,MANTIENI STATO ATTUALE,ALTO
2020-12-02,18778.18,19340.0,18335.0,19225.63,19225.63,15297.044199999998,11546.5632,64.32639166782889,1092.075585234999,16227.13637423,19926.0775679205,MANTIENI STATO ATTUALE,ALTO
2020-12-03,19222.45,19625.64,18885.0,19448.64,19448.64,15457.463,11595.423250000002,65.44658617470574,1066.973043432499,14648.29683367,19928.816650332,MANTIENI STATO ATTUALE,ALTO
2020-12-04,19446.43,19546.46,18576.05,18658.1,18658.1,15600.438199999999,11640.07115,58.44094594104476,1060.0756831873205,16382.87739223,20287.664695543503,MANTIENI STATO ATTUALE,ALTO
2020-12-05,18658.09,19189.98,18501.0,19158.96,19158.96,15757.038400000001,11686.947149999998,61.269661680147856,1033.5688486739405,7082.22230272,20329.271827284003,MANTIENI STATO ATTUALE,ALTO
2020-12-06,19158.96,19430.25,18878.0,19375.6,19375.6,15917.1926,11736.278100000001,62.459879097215065,999.1889309115162,6665.28189472,19965.120659901,MANTIENI STATO ATTUALE,ALTO
2020-12-07,19375.6,19432.57,18901.0,19177.71,19177.71,16070.462800000001,11786.85685,60.6270935799553,965.7875787035507,8977.45166263,19152.482041212003,MANTIENI STATO ATTUALE,ALTO
2020-12-08,19177.08,19299.51,18200.0,18316.22,18316.22,16201.578199999998,11832.59375,53.29529610384613,975.3391802247256,15161.86263318,18289.275842758,MANTIENI STATO ATTUALE,ALTO
2020-12-09,18316.22,18647.33,17639.0,18546.55,18546.55,16334.0326,11879.4177,54.866832611243304,977.6956673515311,20667.36635634,18465.569526801002,MANTIENI STATO ATTUALE,ALTO
2020-12-10,18546.55,18556.42,17905.0,18253.44,18253.44,16442.9414,11927.10625,52.44825671619067,954.3902625407073,14899.20296937,18315.4330913695,MANTIENI STATO ATTUALE,ALTO
2020-12-11,18257.18,18293.08,17580.0,18042.15,18042.15,16544.043999999998,11972.820450000001,50.712851678269544,937.1538152163712,16953.63356031,18482.9011994055,MANTIENI STATO ATTUALE,ALTO
2020-12-12,18044.19,18955.34,18023.57,18821.28,18821.28,16661.7278,12022.70475,56.436911057548826,936.7692569866305,8616.1725039,18142.517916537,MANTIENI STATO ATTUALE,ALTO
2020-12-13,18821.28,19421.03,18730.0,19166.65,19166.65,16782.536,12072.49535,58.72521957753534,919.2164529161569,10624.20069187,17790.944770044498,MANTIENI STATO ATTUALE,ALTO
2020-12-14,19166.65,19349.98,18967.68,19272.37,19272.37,16907.0834,12120.95625,59.42777718355237,880.86527770786,9102.36972564,16914.908529972,MANTIENI STATO ATTUALE,ALTO
2020-12-15,19272.37,19565.0,19051.27,19444.6,19444.6,17034.5996,12171.060050000002,60.60425256418815,854.6413293001556,15345.21212651,16657.899449737,MANTIENI STATO ATTUALE,ALTO
2020-12-16,19443.19,21569.94,19300.0,21359.65,21359.65,17187.828999999998,12229.35665,70.75783959650812,955.7340914930015,33350.23500216,15893.2026607465,ACQUISTA,ALTO
2020-12-17,21360.5,23776.94,21252.01,22826.48,22826.48,17378.7376,12296.256200000002,75.88465791841728,1067.8195135292158,53602.34952384,17406.620922044,ACQUISTA,ALTO
2020-12-18,22826.37,23280.0,22329.0,23137.76,23137.76,17572.2928,12360.900199999998,76.81368077912582,1059.4752625628432,24829.23581848,17990.185114703003,ACQUISTA,ALTO
2020-12-19,23138.89,24200.0,22770.0,23849.99,23849.99,17777.862399999998,12432.537849999999,78.8238545995731,1085.941315236926,20577.66441198,18572.455820736,ACQUISTA,ALTO
2020-12-20,23850.0,24300.0,23100.0,23476.51,23476.51,17971.2964,12501.580049999999,75.14483010344841,1094.088364148574,14963.41787144,17955.952754597998,MANTIENI STATO ATTUALE,ALTO
2020-12-21,23476.51,24118.75,21913.84,22729.4,22729.4,18150.4526,12566.286900000001,68.27941666691729,1173.4327667093903,25728.63855953,17720.2414107375,ACQUISTA,ALTO
2020-12-22,22729.4,23839.78,22380.05,23823.27,23823.27,18355.6536,12637.337200000002,72.27359134769776,1193.8825690872911,18597.6512303,17838.767153541,ACQUISTA,ALTO
2020-12-23,23824.13,24090.0,22600.0,23228.35,23228.35,18539.5046,12705.120449999999,67.30949968296235,1215.0338141524846,23412.12172023,18276.958397869,ACQUISTA,ALTO
2020-12-24,23226.18,23785.0,22712.89,23717.96,23717.96,18730.6342,12774.959649999999,69.18533211992889,1204.82497028445,16440.75295146,18279.8521758305,MANTIENI STATO ATTUALE,ALTO
2020-12-25,23718.61,24770.95,23416.0,24704.71,24704.71,18912.5642,12849.575650000002,72.59801572335066,1215.5481866927037,15792.47583445,18715.364852417,MANTIENI STATO ATTUALE,ALTO
2020-12-26,24704.71,26822.0,24490.01,26475.35,26475.35,19130.0722,12933.055349999999,77.4286475298494,1295.2940305003679,24782.44015598,19621.22276548,ACQUISTA,ALTO
2020-12-27,26482.64,28387.0,25772.55,26258.65,26258.65,19358.5634,13014.878400000001,75.67047414002826,1389.5194568931988,33627.00745897,20853.700555297,ACQUISTA,ALTO
2020-12-28,26255.16,27477.0,26086.19,27040.36,27040.36,19589.7126,13103.739399999999,77.6426756895211,1389.6116385436846,21265.70934972,21158.892891124,ACQUISTA,ALTO
2020-12-29,27039.39,27396.77,25833.73,27366.35,27366.35,19830.1946,13193.2503,78.42800403717071,1401.9993786477073,20668.10433798,21158.929790206,MANTIENI STATO ATTUALE,ALTO
2020-12-30,27366.35,29018.26,27311.73,28897.42,28897.42,20101.8424,13290.3624,81.68243231572716,1423.7515658871569,28181.49681491,21823.044482482997,ACQUISTA,ALTO
2020-12-31,28897.42,29321.9,28000.0,28990.08,28990.08,20367.5282,13388.6878,81.86078709247808,1416.4764540380743,28813.88691084,22416.0571500095,ACQUISTA,ALTO
2021-01-01,28990.08,29688.88,28700.0,29412.84,29412.84,20629.568799999997,13488.58935,82.68896975060971,1385.933850178212,22211.25251806,23095.8111507175,MANTIENI STATO ATTUALE,ALTO
2021-01-02,29413.29,33300.0,29039.0,32225.91,32225.91,20947.2958,13602.087650000001,86.95647454263079,1591.2957180226256,46675.24652146,24898.363442197,ACQUISTA,ALTO
2021-01-03,32222.88,34810.0,32008.62,33080.66,33080.66,21287.268799999998,13720.203399999999,87.93011266894085,1677.730309592438,36951.71650628,26290.830781229004,ACQUISTA,ALTO
2021-01-04,33082.84,33666.99,27678.0,32019.99,32019.99,21608.3308,13833.42265,79.95437812648095,1985.6774303358352,46045.38968508,27825.8396591575,ACQUISTA,ALTO
2021-01-05,32020.22,34499.67,29891.13,34030.64,34030.64,21954.4108,13957.0663,83.08630998276692,2173.0247567404185,42282.56920027,28272.456369063002,ACQUISTA,ALTO
2021-01-06,34043.91,37000.0,33352.54,36859.26,36859.26,22338.0088,14094.5839,86.32363477572048,2278.3415598303886,45744.10320015,27879.5440528785,ACQUISTA,ALTO
2021-01-07,36859.26,40425.0,36200.0,39505.56,39505.56,22772.4618,14245.681,88.53461859932663,2417.3885912710753,50346.30569052,29155.397546480497,ACQUISTA,ALTO
2021-01-08,39510.55,41986.37,36565.08,40665.15,40665.15,23229.333199999997,14400.553049999999,89.34730750977802,2631.9529776088557,48522.48490272,30552.6385710175,ACQUISTA,ALTO
2021-01-09,40642.15,41406.94,38800.0,40257.43,40257.43,23660.9768,14553.7224,87.01193118854357,2630.16633635108,27152.97102881,31162.116228886,MANTIENI STATO ATTUALE,ALTO
2021-01-10,40257.43,41452.12,34444.0,38171.57,38171.57,24049.984,14698.1507,76.05892331371108,2942.8773123260034,43736.57031589,32062.512816703995,ACQUISTA,ALTO
2021-01-11,38168.89,38273.88,30100.0,35452.59,35452.59,24390.2826,14829.1961,64.63695341963444,3316.5203614455745,102503.15672849,36257.7880916135,ACQUISTA,ALTO
2021-01-12,35456.89,36604.51,32500.0,34038.98,34038.98,24703.3658,14953.613899999998,59.62371723678672,3372.805335628034,48227.62752035,37498.563381619504,ACQUISTA,ALTO
2021-01-13,34035.53,37888.0,32309.04,37393.66,37393.66,25067.782199999998,15095.5699,66.30306250619347,3530.387811654603,39608.73718747,38656.96259342,ACQUISTA,ALTO
2021-01-14,37393.67,40127.66,36751.11,39125.14,39125.14,25475.846400000002,15245.6294,69.14062688271162,3519.399396536417,31868.76049365,39460.776826379995,MANTIENI STATO ATTUALE,ALTO
2021-01-15,39123.05,39697.0,34298.93,36754.67,36754.67,25867.5398,15383.4805,61.50464523389553,3653.590153926673,36421.05918785,40042.7077779735,MANTIENI STATO ATTUALE,ALTO
2021-01-16,36754.6,37948.0,35372.59,36006.94,36006.94,26244.5996,15517.8342,59.280621898654694,3576.577285789054,20861.42545209,39404.428677629505,MANTIENI STATO ATTUALE,ALTO
2021-01-17,36004.8,36860.0,33850.03,35820.0,35820.0,26606.202599999997,15650.73435,58.709039934387825,3536.1053368041216,19182.04934663,39300.245677475,MANTIENI STATO ATTUALE,ALTO
2021-01-18,35820.01,37402.0,34736.46,36624.23,36624.23,26974.6464,15788.39785,60.47468661383225,3473.92209846097,16609.64108414,39097.322514782994,MANTIENI STATO ATTUALE,ALTO
2021-01-19,36624.23,37857.0,35895.11,35917.28,35917.28,27298.7132,15922.6649,58.12190418524047,3365.919805713758,18904.77910604,38633.4866293395,MANTIENI STATO ATTUALE,ALTO
2021-01-20,35921.91,36415.34,33387.01,35503.09,35503.09,27633.1156,16054.4878,56.72935175251773,3341.8062481627744,25445.70800774,38465.07768418449,MANTIENI STATO ATTUALE,ALTO
2021-01-21,35498.85,35628.24,30011.0,30855.95,30855.95,27865.721999999998,16163.3956,43.99343013902618,3504.337230436862,50473.11375071,39878.170745817,MANTIENI STATO ATTUALE,ALTO
2021-01-22,30855.9,33867.0,28732.0,32984.93,32984.93,28136.4478,16281.6037,49.57827096137456,3620.8131425485144,48155.72161708,39952.194500598,MANTIENI STATO ATTUALE,ALTO
2021-01-23,32982.66,33488.79,31432.19,32112.01,32112.01,28405.526,16395.89405,47.48735143620574,3509.083632366478,16139.81478284,38911.599414426004,MANTIENI STATO ATTUALE,ALTO
2021-01-24,32110.0,33086.53,30931.21,32288.56,32288.56,28668.118,16510.160450000003,47.96533903801661,3412.386230054587,13618.80097809,37290.269979076504,MANTIENI STATO ATTUALE,ALTO
2021-01-25,32293.18,34888.0,31920.8,32261.87,32261.87,28925.8434,16625.28505,47.89436448617952,3380.5872136221165,23045.66293389,36328.4246657575,MANTIENI STATO ATTUALE,ALTO
2021-01-26,32260.52,32960.37,30830.0,32510.82,32510.82,29192.5056,16741.3839,48.65749779694046,3291.2859840776796,23535.83891688,35218.011451594,MANTIENI STATO ATTUALE,ALTO
2021-01-27,32510.82,32584.62,29156.0,30407.13,30407.13,29434.3238,16847.24455,42.93504834351489,3301.0955566435596,46207.08537355,35011.0504357455,MANTIENI STATO ATTUALE,ALTO
2021-01-28,30414.11,34000.0,29902.14,33488.99,33488.99,29733.172599999998,16968.17265,51.866039125869705,3358.007302597591,36007.06269488,34385.2793253535,ACQUISTA,ALTO
2021-01-29,33487.92,38570.13,31990.0,34262.11,34262.11,30053.346,17093.298600000002,53.81864911027439,3588.15892384062,72641.07974951,36659.6847613885,ACQUISTA,ALTO
2021-01-30,34262.11,34900.0,32852.86,34315.63,34315.63,30378.8156,17218.59205,53.957891986091276,3478.08614356629,21362.15173754,35540.963832470996,MANTIENI STATO ATTUALE,ALTO
2021-01-31,34315.63,34387.75,32200.0,33137.74,33137.74,30665.1448,17338.32995,50.35909319259938,3385.919276168698,16436.39757593,31237.625874843,MANTIENI STATO ATTUALE,ALTO
2021-02-01,33137.75,34728.57,32333.0,33533.19,33533.19,30952.4756,17460.345350000003,51.52796103053455,3315.180042156648,21975.41378272,29925.015187961497,MANTIENI STATO ATTUALE,ALTO
2021-02-02,33534.39,36000.0,33450.0,35512.67,35512.67,31277.281600000002,17592.13725,56.987596376996144,3260.524324859745,19995.83908338,28944.370282757,MANTIENI STATO ATTUALE,ALTO
2021-02-03,35513.0,37723.72,35393.8,37678.37,37678.37,31641.957,17734.64985,62.02699974708077,3194.052587369763,23781.96945181,28540.030730665003,MANTIENI STATO ATTUALE,ALTO
2021-02-04,37688.42,38769.0,36156.45,36975.0,36975.0,31954.264,17873.4605,59.585286447000954,3152.516688271923,31699.36292316,28303.9459174305,ACQUISTA,ALTO
2021-02-05,36976.59,38349.0,36605.87,38311.49,38311.49,32263.9642,18019.2127,62.59811193145213,3051.846210538214,17842.70173175,28153.0097314135,MANTIENI STATO ATTUALE,ALTO
2021-02-06,38327.09,41000.0,38250.0,39265.43,39265.43,32586.5176,18168.56915,64.62518179658969,3030.2857669283417,27102.80602941,28549.0475655525,MANTIENI STATO ATTUALE,ALTO
2021-02-07,39266.1,39737.83,37371.35,38871.42,38871.42,32886.9462,18315.24535,63.10392534059079,2982.8710692906034,20297.87256102,28733.459139396502,MANTIENI STATO ATTUALE,ALTO
2021-02-08,38871.43,46750.0,38057.01,46448.1,46448.1,33346.378,18499.41965,75.19558715113246,3390.736707198417,47934.0103883,30184.920703509495,ACQUISTA,ALTO
2021-02-09,46453.66,48200.0,45020.0,46514.73,46514.73,33822.0846,18684.237250000002,75.27233469623108,3375.6840852556734,36418.79365116,30733.5749856805,ACQUISTA,ALTO
2021-02-10,46514.73,47349.99,43706.86,44850.0,44850.0,34242.6192,18859.9306,69.4873776333904,3394.787364880268,25818.01157857,29500.8198770735,MANTIENI STATO ATTUALE,ALTO
2021-02-11,44850.0,48690.0,44011.0,47997.91,47997.91,34738.0104,19050.21515,73.61652131244651,3486.516838817392,26222.60477552,28404.164034995494,MANTIENI STATO ATTUALE,ALTO
2021-02-12,47993.6,48912.0,46300.0,47408.34,47408.34,35211.818,19232.0123,71.66056810716454,3424.0513503304355,23503.15583529,28772.331087618,MANTIENI STATO ATTUALE,ALTO
2021-02-13,47408.34,48199.0,46300.0,47232.45,47232.45,35662.372800000005,19413.503399999998,71.0540241171689,3315.119111021119,12020.8773325,28692.434905338498,MANTIENI STATO ATTUALE,ALTO
2021-02-14,47240.75,49700.0,47100.13,48680.69,48680.69,36106.4796,19601.35625,73.07482994117382,3264.0298888053253,15146.55244091,28297.479380689503,MANTIENI STATO ATTUALE,ALTO
2021-02-15,48667.23,49093.44,45768.46,47936.37,47936.37,36540.034,19785.45835,70.3562451913011,3268.3834681763738,19432.15278111,28092.295073901,MANTIENI STATO ATTUALE,ALTO
2021-02-16,47935.66,50645.0,47051.22,49158.71,49158.71,36982.401,19974.4938,72.18624761748633,3291.6260775923474,23053.20561135,26934.601085791004,MANTIENI STATO ATTUALE,ALTO
2021-02-17,49141.43,52640.35,48942.87,52170.01,52170.01,37478.474200000004,20176.2935,76.100539708474,3320.615643478608,25675.171441,26418.006523097,MANTIENI STATO ATTUALE,ALTO
2021-02-18,52170.01,52549.99,50875.0,51601.73,51601.73,37932.5604,20378.959450000002,73.98448291249424,3203.0709546587073,15689.40275173,23570.422673208,MANTIENI STATO ATTUALE,ALTO
2021-02-19,51596.0,56370.05,50725.0,55983.56,55983.56,38472.43,20602.711600000002,78.86457853625753,3377.4980293259428,27961.48197104,23900.389184883,ACQUISTA,ALTO
2021-02-20,55983.57,57563.57,54000.1,55923.52,55923.52,39002.643599999996,20826.344,78.64688414826956,3390.781741516947,22137.82194494,24185.460403333498,MANTIENI STATO ATTUALE,ALTO
2021-02-21,55921.44,58367.0,55531.23,57489.16,57489.16,39507.9086,21055.00605,80.18304954626328,3351.138045694308,13530.43444443,23763.211436419,MANTIENI STATO ATTUALE,ALTO
2021-02-22,57489.16,57577.69,46616.0,54142.13,54142.13,39929.138,21266.847250000003,68.78967533653653,3894.7488995732865,49449.16575779,25235.8777701395,ACQUISTA,ALTO
2021-02-23,54125.67,54206.22,44888.08,48899.99,48899.99,40266.738,21453.314599999998,55.49056392249697,4282.133978175195,72300.585728,27661.808583949,MANTIENI STATO ATTUALE,ALTO
2021-02-24,48899.99,51415.41,47002.0,49737.82,49737.82,40580.8816,21643.128800000002,56.92396287339872,4291.510836876967,30732.14949499,27613.447912540498,MANTIENI STATO ATTUALE,ALTO
2021-02-25,49737.81,52107.83,46700.0,47058.48,47058.48,40784.866,21819.978799999997,51.240830704340574,4371.2479199571835,28011.20414657,28121.873033281496,MANTIENI STATO ATTUALE,ALTO
2021-02-26,47063.9,48464.64,44150.0,46326.2,46326.2,40921.2788,21992.111149999997,49.77809804970678,4367.204497103099,36048.6181927,28569.163641445997,MANTIENI STATO ATTUALE,ALTO
2021-02-27,46319.79,48356.86,45055.0,46180.75,46180.75,41031.5908,22166.07225,49.47598846026223,4291.108461595735,16290.28071728,28368.784049258997,MANTIENI STATO ATTUALE,ALTO
2021-02-28,46169.92,46656.0,43016.0,45231.75,45231.75,41131.0772,22334.39875,47.45240281274146,4244.600714338897,22745.60600179,27109.363829933496,MANTIENI STATO ATTUALE,ALTO
2021-03-01,45231.74,49829.0,45042.13,49639.4,49639.4,41360.433800000006,22523.616,56.37665179911581,4283.334234743262,25068.25043716,26541.8366692335,MANTIENI STATO ATTUALE,ALTO
2021-03-02,49635.3,50250.0,47075.11,48511.6,48511.6,41621.614,22707.279,53.85627872636488,4204.159646547314,17063.56302004,26104.114241307,MANTIENI STATO ATTUALE,ALTO
2021-03-03,48502.18,52666.0,48161.75,50360.0,50360.0,41948.034400000004,22899.782799999997,57.231038108325855,4225.594671793934,21301.47723933,25858.0578644975,MANTIENI STATO ATTUALE,ALTO
2021-03-04,50370.33,51798.33,47502.0,48368.52,48368.52,42167.5316,23082.0312,52.754385070224714,4230.647195237225,23386.97957577,25852.2490515215,MANTIENI STATO ATTUALE,ALTO
2021-03-05,48370.97,49473.99,46219.32,48769.47,48769.47,42360.4182,23264.35725,53.54229846500985,4160.934538434566,25468.18029576,26524.614199684504,MANTIENI STATO ATTUALE,ALTO
2021-03-06,48766.01,49210.0,47077.0,48909.84,48909.84,42603.5216,23449.15645,53.832581286976286,4016.082071403526,11877.83755909,26361.1784555935,MANTIENI STATO ATTUALE,ALTO
2021-03-07,48909.84,51459.0,48909.83,50978.61,50978.61,42902.955,23645.25515,57.99797833249514,3911.302637731845,13965.15473114,26087.828553095,MANTIENI STATO ATTUALE,ALTO
2021-03-08,50976.22,52425.0,49328.62,52415.23,52415.23,43234.859599999996,23848.01,60.652878298256624,3853.0938778938557,18856.28684439,25877.982614747,MANTIENI STATO ATTUALE,ALTO
2021-03-09,52413.17,54936.0,51845.01,54916.38,54916.38,43600.7026,24064.9458,64.82188887658332,3798.6578866157233,21177.14953983,25653.0815196885,MANTIENI STATO ATTUALE,ALTO
2021-03-10,54921.61,57402.14,53025.0,55890.69,55890.69,44000.1708,24286.0346,66.31897714050976,3839.9780375717432,28326.07770941,26284.915267572498,ACQUISTA,ALTO
2021-03-11,55888.7,58113.0,54283.0,57815.47,57815.47,44446.418399999995,24516.8619,69.11529754516873,3839.265320602333,24369.21216789,26105.301777415,MANTIENI STATO ATTUALE,ALTO
2021-03-12,57820.15,58065.92,55050.0,57225.91,57225.91,44973.817599999995,24744.222200000004,67.27294104714437,3780.4549405593093,21760.53824103,26086.4375922195,MANTIENI STATO ATTUALE,ALTO
2021-03-13,57220.84,61788.45,56083.74,61178.5,61178.5,45537.689000000006,24993.490100000003,72.55497878779212,3917.901730519359,22301.28588901,26524.980164448505,MANTIENI STATO ATTUALE,ALTO
2021-03-14,61181.38,61680.0,58950.0,58972.7,58972.7,46074.902799999996,25231.03725,66.13956189705743,3833.0516069108335,13581.96759058,24731.620256087997,MANTIENI STATO ATTUALE,ALTO
2021-03-15,58972.71,60601.07,54568.0,55636.15,55636.15,46541.8546,25452.5677,57.81243615661983,3990.195777845774,31651.39184131,22699.160561753502,ACQUISTA,ALTO
2021-03-16,55629.08,56970.0,53221.0,56927.11,56927.11,47035.159400000004,25679.528250000003,59.915305173628056,3972.9675079996473,24432.37878722,22384.172026365,ACQUISTA,ALTO
2021-03-17,56924.26,58996.38,54138.01,58925.54,58925.54,47563.453799999996,25916.7844,62.990690874931616,4036.2105431425293,22687.57433043,22117.990535558,ACQUISTA,ALTO
2021-03-18,58925.54,60100.0,56996.15,57644.95,57644.95,48108.210199999994,26146.4291,59.82333073221213,3969.6133614894916,21459.4962399,21388.534437918002,MANTIENI STATO ATTUALE,ALTO
2021-03-19,57644.95,59461.99,56260.0,58039.66,58039.66,48599.2236,26378.352400000003,60.482897664535614,3914.7831213830996,16429.629743,21395.501889204003,MANTIENI STATO ATTUALE,ALTO
2021-03-20,58026.91,59928.0,57827.97,58116.7,58116.7,49076.3154,26609.3148,60.61879058167969,3785.1578984271637,9725.28123717,20744.485650973,MANTIENI STATO ATTUALE,ALTO
2021-03-21,58126.34,58651.22,55543.89,57363.32,57363.32,49537.2692,26839.154,58.50017862905887,3736.7416199680806,11841.63877891,20083.155068060503,MANTIENI STATO ATTUALE,ALTO
2021-03-22,57377.29,58421.68,53739.5,54110.07,54110.07,49956.71579999999,27058.841750000003,50.32145754975433,3804.2729328275036,19512.15647151,20205.584740634,MANTIENI STATO ATTUALE,ALTO
2021-03-23,54111.49,55858.0,53000.0,54345.54,54345.54,50372.962799999994,27278.069199999998,50.85699853363235,3736.682009054111,19221.75674,20101.5987156675,MANTIENI STATO ATTUALE,ALTO
2021-03-24,54333.27,57209.97,51673.82,52276.16,52276.16,50708.232599999996,27488.608200000002,46.14861447628732,3865.2154369788173,23775.21362623,20121.0104181905,MANTIENI STATO ATTUALE,ALTO
2021-03-25,52259.69,53238.0,50305.0,51325.01,51325.01,50981.1654,27693.94395,44.12646284011929,3798.628620051759,29642.04415588,20329.703611196503,MANTIENI STATO ATTUALE,ALTO
2021-03-26,51320.76,55125.13,51250.0,55072.44,55072.44,51343.114199999996,27917.431149999997,52.885882156459054,3804.0930043337758,17843.00738205,20627.9621023445,MANTIENI STATO ATTUALE,ALTO
2021-03-27,55080.9,56640.0,53966.0,55856.53,55856.53,51694.015,28146.08535,54.49341718339201,3723.3720754527917,11333.33349523,20496.371040549002,MANTIENI STATO ATTUALE,ALTO
2021-03-28,55856.54,56587.08,54701.0,55778.82,55778.82,52024.28279999999,28373.85665,54.29568816971594,3592.1369272061643,9235.80302347,20015.346849503,MANTIENI STATO ATTUALE,ALTO
2021-03-29,55781.22,58400.0,54900.0,57613.48,57613.48,52399.124,28610.2079,58.15600431223674,3585.5557181200097,17552.36885101,19834.107815061998,MANTIENI STATO ATTUALE,ALTO
2021-03-30,57613.76,59397.48,57000.0,58786.46,58786.46,52645.8912,28852.168149999998,60.455694586739845,3500.693166825724,15105.07669026,19173.057764104502,MANTIENI STATO ATTUALE,ALTO
2021-03-31,58786.46,59800.0,56873.8,58800.0,58800.0,52891.596600000004,29093.93555,60.48269287827475,3459.6579406238866,17376.62672814,18823.428492117,MANTIENI STATO ATTUALE,ALTO
2021-04-01,58800.01,59474.94,57930.0,58726.48,58726.48,53169.1262,29335.88415,60.242187616274656,3322.8923734364666,11096.33004907,18290.218082519,MANTIENI STATO ATTUALE,ALTO
2021-04-02,58726.47,60055.02,58441.88,58981.04,58981.04,53388.78880000001,29577.3896,60.82307659739186,3200.7672039052904,10966.93017846,17723.5002969915,MANTIENI STATO ATTUALE,ALTO
2021-04-03,58981.04,59752.0,56943.0,57094.34,57094.34,53582.508799999996,29808.94255,54.470768793275,3172.78383219777,8405.26400491,17464.665117708,MANTIENI STATO ATTUALE,ALTO
2021-04-04,57094.34,58500.0,56478.53,58215.94,58215.94,53802.17860000001,30045.2242,57.324183056665916,3090.5471298979296,6301.43187883,16197.167119583999,MANTIENI STATO ATTUALE,ALTO
2021-04-05,58216.73,59251.76,56817.64,59123.02,59123.02,54011.025200000004,30286.12125,59.53303891668053,3043.6594777623636,9204.86323941,15435.791342193499,MANTIENI STATO ATTUALE,ALTO
2021-04-06,59134.07,59475.0,57333.33,58019.98,58019.98,54212.697400000005,30521.53355,55.75391399844166,2979.231657922195,10354.33014603,14819.1291329735,MANTIENI STATO ATTUALE,ALTO
2021-04-07,58021.67,58630.0,55400.0,55955.75,55955.75,54348.6382,30745.9123,49.43013738339204,2997.143682356324,17787.29445084,14635.5190435205,MANTIENI STATO ATTUALE,ALTO
2021-04-08,55962.67,58152.0,55700.0,58083.1,58083.1,54466.9,30981.72335,55.08426048177078,2958.204847902301,8073.59731731,14217.717422236,MANTIENI STATO ATTUALE,ALTO
2021-04-09,58083.1,58869.69,57670.51,58092.68,58092.68,54596.719,31220.10265,55.108602011108175,2832.5602159092796,8094.74629652,14136.1906752035,MANTIENI STATO ATTUALE,ALTO
2021-04-10,58092.68,61218.97,57875.41,59778.6,59778.6,54672.61979999999,31466.34,59.289869378809726,2869.060200487188,12817.81106734,14184.999289624999,MANTIENI STATO ATTUALE,ALTO
2021-04-11,59778.59,60658.89,59177.06,59985.26,59985.26,54753.8546,31715.0908,59.78434411858741,2769.9723290238176,7278.96516665,13573.339724381998,MANTIENI STATO ATTUALE,ALTO
2021-04-12,59983.66,61199.0,59369.0,59839.82,59839.82,54800.8678,31960.589850000004,59.23901141722691,2702.831448379259,11467.72752999,13185.638263881501,MANTIENI STATO ATTUALE,ALTO
2021-04-13,59836.88,63774.39,59799.01,63588.22,63588.22,54989.7896,32225.0783,67.47382562152808,2793.7277734950267,17897.76603088,12891.765884114,ACQUISTA,ALTO
2021-04-14,63588.22,64899.0,61277.91,62971.8,62971.8,55271.2258,32486.2873,65.14309045001765,2852.8250753882385,22570.84113444,12538.205733042,ACQUISTA,ALTO
2021-04-15,62971.8,63831.82,62036.73,63229.04,63229.04,55541.050200000005,32748.5415,65.6759377137906,2777.2725700033643,11209.4505281,12206.5278903445,MANTIENI STATO ATTUALE,ALTO
2021-04-16,63229.04,63604.34,60048.43,61427.27,61427.27,55828.426,33002.200099999995,58.88592067555118,2832.8895292888383,19867.41322269,12633.231876717498,ACQUISTA,ALTO
2021-04-17,61427.27,62572.48,59700.0,60058.86,60058.86,56103.0792,33248.29075,54.29474461204755,2835.7174200539216,10847.76785762,12713.830118425001,MANTIENI STATO ATTUALE,ALTO
2021-04-18,60067.2,60437.97,51300.0,56274.41,56274.41,56304.9524,33475.76465,44.062845802572525,3285.8783186214987,36891.70959047,13680.797155397999,MANTIENI STATO ATTUALE,ALTO
2021-04-19,56273.65,57600.0,54187.85,55696.83,55696.83,56514.254,33701.16065,42.73906074833469,3294.8977244342486,16838.39171629,13767.4629066995,VENDI,ALTO
2021-04-20,55696.83,57111.0,53430.01,56499.29,56499.29,56651.45180000001,33930.7915,45.202281519787434,3322.475744117516,18608.27983583,13829.045562083998,VENDI,ALTO
2021-04-21,56477.67,56810.56,53620.91,53800.86,53800.86,56757.237,34147.03755,39.109694503036046,3312.988190966265,15584.08398293,14053.433258777,VENDI,ALTO
2021-04-22,53795.62,55469.98,50400.0,51701.59,51701.59,56784.0688,34352.18995,35.141413339893234,3438.4876058972463,30427.89153907,15026.4813268075,VENDI,ALTO
2021-04-23,51695.98,52130.58,47464.65,51187.27,51187.27,56840.4438,34554.1513,34.225164674614604,3526.1620626188715,38794.85818376,16545.96103575,VENDI,ALTO
2021-04-24,51187.75,51260.61,48726.87,50089.15,50089.15,56866.83739999999,34751.58375,32.28938899259232,3455.274772431809,11839.14355893,16822.846619755,VENDI,ALTO
2021-04-25,50101.42,50591.38,47044.01,49121.0,49121.0,56871.0606,34943.8364,30.643770294449567,3461.853002972394,14633.51206544,17094.279061056503,VENDI,ALTO
2021-04-26,49121.0,54400.0,48817.62,54053.6,54053.6,56932.5604,35159.43895,45.79987526480572,3613.319217045794,18005.22399425,17476.8237534675,VENDI,ALTO
2021-04-27,54047.8,55509.39,53321.0,55069.62,55069.62,56985.6482,35379.5017,48.305728269356344,3511.5385586853804,13957.08649512,17285.3133556815,VENDI,ALTO
2021-04-28,55069.61,56476.17,53887.0,54894.03,54894.03,56985.2012,35597.474350000004,47.89361638209844,3445.655090207853,16484.33677655,17705.850328643497,VENDI,ALTO
2021-04-29,54889.81,55226.86,52369.61,53580.0,53580.0,56938.98739999999,35808.5043,44.81251485116644,3403.6261551930065,14592.31688772,18030.7288582035,VENDI,ALTO
2021-04-30,53580.0,58075.01,53068.43,57798.77,57798.77,56938.653399999996,36039.82085,54.85428291268583,3518.1228583935062,16536.33288912,18216.6549492925,MANTIENI STATO ATTUALE,ALTO
2021-05-01,57798.77,58550.0,57050.94,57859.28,57859.28,56951.3208,36271.97615,54.980812828410436,3373.9040827939702,10787.04933216,18392.059157568,MANTIENI STATO ATTUALE,ALTO
2021-05-02,57859.28,57972.26,56072.0,56625.2,56625.2,56860.254799999995,36497.963650000005,51.79261441255362,3268.64379116583,7647.62578087,18201.054070111997,MANTIENI STATO ATTUALE,ALTO
2021-05-03,56625.21,58986.0,56500.0,57212.73,57212.73,56825.0554,36726.4806,53.18447426148971,3212.7406632254133,15165.00648795,18064.4160929655,MANTIENI STATO ATTUALE,ALTO
2021-05-04,57212.73,57247.24,53057.7,53241.92,53241.92,56777.1708,36936.04545,43.948903941535356,3282.512044423598,23492.0586849,18110.476970488504,MANTIENI STATO ATTUALE,ALTO
2021-05-05,53241.91,57980.86,52913.02,57515.69,57515.69,56788.9424,37166.78445000001,53.3404324443746,3410.0354698219126,22918.90458572,18695.9496733695,ACQUISTA,ALTO
2021-05-06,57515.69,58400.0,55288.0,56440.66,56440.66,56739.24479999999,37391.416750000004,51.02450426801819,3388.7472219774904,18244.13605211,18614.7858148405,MANTIENI STATO ATTUALE,ALTO
2021-05-07,56444.82,58735.95,55300.0,57380.39,57380.39,56733.9536,37619.51645,52.94767071289716,3392.118848979098,18323.8958022,18988.5922120695,MANTIENI STATO ATTUALE,ALTO
2021-05-08,57380.39,59559.84,56980.01,58958.05,58958.05,56752.32140000001,37854.68755,56.066749703265785,3334.098216909162,15374.94442964,17912.753954027998,MANTIENI STATO ATTUALE,ALTO
2021-05-09,58958.06,59300.52,56265.3,58312.57,58312.57,56756.2388,38082.2104,54.4756345830403,3312.7497728442218,17169.72318523,17929.320527475,MANTIENI STATO ATTUALE,ALTO
2021-05-10,58313.84,59592.2,53600.0,55866.41,55866.41,56726.3006,38296.607350000006,48.82117383841842,3504.13907478392,24647.23540718,18231.2683060425,MANTIENI STATO ATTUALE,ALTO
2021-05-11,55866.38,56962.07,54511.48,56753.19,56753.19,56779.16300000001,38515.687849999995,50.81433826262861,3428.8855694422114,15446.63591676,18224.395902734,VENDI,ALTO
2021-05-12,56753.19,58041.0,48500.0,49498.77,49498.77,56682.227600000006,38697.550500000005,37.83354279692289,3865.4651716249105,29660.84273553,18186.043462557,VENDI,MEDIO
2021-05-13,49498.76,52500.0,46000.0,49690.11,49690.11,56630.5066,38880.77605,38.281378800118326,4053.64623079456,42250.08740789,18358.804923763502,VENDI,MEDIO
2021-05-14,49682.28,51569.56,48895.0,49893.48,49893.48,56601.876,39064.8995,38.78613134445076,3955.1400714520914,21987.79362448,18866.237427041,VENDI,MEDIO
2021-05-15,49893.48,50730.58,46573.0,46775.51,46775.51,56435.937399999995,39230.28615,34.17188324227118,3969.600066348371,21936.11454712,19231.367551124997,VENDI,BASSO
2021-05-16,46771.01,49808.28,43825.0,46450.79,46450.79,56247.8226,39396.13485,33.721938889961564,4113.434347323488,30655.33064729,19863.872883777,VENDI,BASSO
2021-05-17,46450.78,46646.15,42101.0,43580.5,43580.5,56003.8562,39546.737349999996,29.965987921070223,4144.271179657525,43660.22208427,21349.0296632345,VENDI,BASSO
2021-05-18,43571.89,45851.0,42300.0,42857.15,42857.15,55708.7296,39693.165550000005,29.086743012178516,4101.8946668248445,28210.30024018,21935.327836416,VENDI,BASSO
2021-05-19,42865.05,43591.7,30000.0,36731.75,36731.75,55267.6354,39807.80025,22.946691765529707,4779.737904908784,109537.24233282,26682.574108671,VENDI,ALTO
2021-05-20,36735.44,42605.0,35000.0,40623.33,40623.33,54904.10199999999,39942.05895,32.67093233983269,4981.542340272442,51445.79735691,28428.0473320605,VENDI,BASSO
2021-05-21,40623.24,42275.99,33501.54,37340.77,37340.77,54476.3878,40060.9467,29.310750798612517,5252.464315967268,55961.90006046,30686.7898684755,VENDI,ALTO
2021-05-22,37333.09,38889.76,35257.52,37476.83,37476.83,54046.30359999999,40178.15185,29.63379934623032,5136.734007683892,29239.02738254,31766.359948559002,VENDI,ALTO
2021-05-23,37476.84,38319.36,31111.0,34758.67,34758.67,53599.5902,40281.1378,26.981015027749223,5284.707292849329,53433.30296532,33679.774772427496,VENDI,ALTO
2021-05-24,34758.88,39966.87,34407.17,38878.56,38878.56,53212.842599999996,40397.48955,36.29028368461991,5304.349629074377,44419.45827713,34726.144752039,VENDI,ALTO
2021-05-25,38874.53,39878.51,36481.26,38361.81,38361.81,52797.6184,40511.29885,35.67590753209193,5168.128226997636,26107.55687287,34885.5773663965,VENDI,ALTO
2021-05-26,38361.81,40900.0,37837.36,39293.23,39293.23,52423.083399999996,40633.59455,37.72247053953078,5017.73621078352,25107.68631485,35228.7548795335,VENDI,ALTO
2021-05-27,39293.23,40440.95,37191.99,38556.88,38556.88,52075.106,40748.96445,36.72759811103248,4891.395052870411,19390.89447264,35282.1048130555,VENDI,ALTO
2021-05-28,38556.88,38900.0,34688.0,35680.47,35680.47,51627.0534,40850.65555,33.05969928200409,4842.866834808239,36231.72333985,36324.943758566005,VENDI,ALTO
2021-05-29,35680.48,37325.0,33650.86,34627.82,34627.82,51157.7562,40947.2195,31.80778072324526,4759.386346607651,27999.15073256,36866.4151359325,VENDI,ALTO
2021-05-30,34627.81,36500.0,33333.0,35669.44,35669.44,50675.573,41047.037749999996,34.45287306363254,4645.644464707104,16038.94658082,36436.0006946145,VENDI,ALTO
2021-05-31,35669.44,37534.09,34183.0,37279.31,37279.31,50221.454,41151.88025,38.42803828922353,4553.176288656597,19527.11600162,36640.024698857495,VENDI,ALTO
2021-06-01,37276.23,37918.97,35669.14,36685.0,36685.0,49758.357599999996,41253.60745,37.52332747497371,4388.651553752555,15713.10281689,35942.637702925495,VENDI,ALTO
2021-06-02,36684.99,38237.37,35920.0,37577.91,37577.91,49238.151399999995,41361.08695,39.81589789574537,4240.7028713416585,13952.35891376,34527.751278219,VENDI,ALTO
2021-06-03,37581.83,39489.82,37184.88,39248.55,39248.55,48763.6864,41477.49525000001,43.95939891875483,4102.434094817254,14325.7560692,34144.649400455,VENDI,ALTO
2021-06-04,39248.54,39291.24,35593.22,36856.52,36856.52,48236.236,41578.14465,39.74060273513962,4073.5473737588786,17917.63251152,33943.725298674995,VENDI,ALTO
2021-06-05,36856.53,37921.35,34832.17,35539.49,35539.49,47718.4804,41667.4453,37.60092178688367,4003.235418490387,13654.69033381,33093.693283001005,VENDI,ALTO
2021-06-06,35539.97,36477.86,35258.0,35800.48,35800.48,47233.3128,41757.53315,38.30975482173836,3804.4228885982166,8184.50324318,31319.9073409465,VENDI,ALTO
2021-06-07,35800.48,36812.39,33333.0,33575.91,33575.91,46779.342800000006,41836.3048,34.69228005045126,3781.206253698344,18997.71626987,30859.278142430994,VENDI,ALTO
2021-06-08,33567.26,34069.0,31004.95,33402.13,33402.13,46333.4488,41909.9392,34.418859586980446,3729.980807005605,34937.55754915,27129.2939032475,VENDI,ALTO
2021-06-09,33402.13,37573.99,32408.53,37403.86,37403.86,45951.540199999996,42003.35245,45.1409430344969,3832.515035076633,26040.89793254,25859.048932029,VENDI,ALTO
2021-06-10,37404.75,38425.67,35800.0,36694.05,36694.05,45609.404,42094.6344,43.77386249363543,3746.311818285445,19853.81418911,24053.6446384615,VENDI,ALTO
2021-06-11,36694.91,37695.0,35944.0,37338.44,37338.44,45322.141,42189.4025,45.390754493531304,3603.7895455507705,14142.19349961,23298.802944315,VENDI,ALTO
2021-06-12,37340.08,37448.0,34635.47,35557.33,35557.33,45009.5422,42271.32495,41.81170827575955,3547.2710065828583,14516.54556279,21352.965074188498,VENDI,ALTO
2021-06-13,35557.32,39396.0,34780.57,39015.24,39015.24,44788.064000000006,42372.79150000001,50.046839156745506,3623.5680775412256,15748.96203951,19919.4402623075,VENDI,ALTO
2021-06-14,39015.24,41076.03,38744.83,40539.47,40539.47,44616.43340000001,42489.638849999996,53.191549616103025,3531.2560720025667,21916.84415956,19709.904626641997,VENDI,ALTO
2021-06-15,40537.93,41322.55,39510.98,40162.37,40162.37,44338.6088,42604.680949999994,52.31409012073865,3408.421352573812,17020.70299457,19305.555460628,VENDI,ALTO
2021-06-16,40158.06,40499.0,38105.0,38351.0,38351.0,44004.236399999994,42707.7367,48.20093385518352,3335.9626845328253,17238.57541183,19197.9395075875,VENDI,ALTO
2021-06-17,38351.0,39554.98,37365.63,38095.17,38095.17,43668.25920000001,42807.20235000001,47.631323124218156,3254.0617784947667,15970.35031651,18184.8708564205,VENDI,ALTO
2021-06-18,38103.94,38216.22,35153.16,35841.81,35841.81,43313.4954,42887.84170000001,42.830262008096675,3240.4187943165693,23472.37724375,17958.53218198,VENDI,ALTO
2021-06-19,35840.96,36457.18,34833.26,35484.79,35484.79,42867.2158,42971.3508,42.106099150899894,3124.954594722529,16801.08670642,17996.639188259996,VENDI,ALTO
2021-06-20,35484.8,36139.73,33347.05,35585.78,35585.78,42421.745800000004,43053.151549999995,42.40275827530125,3101.2206950994914,19400.07454207,17990.287115282503,VENDI,ALTO
2021-06-21,35585.79,35741.54,31259.0,31609.82,31609.82,41921.4382,43113.95745,34.83468822626857,3199.886359735242,41304.39903519,19269.8519261975,VENDI,ALTO
2021-06-22,31609.82,33352.0,28800.0,32538.37,32538.37,41427.951,43183.3588,37.634219775707415,3296.465905468439,48409.17333487,20992.692647252996,VENDI,ALTO
2021-06-23,32538.9,34881.02,31708.03,33688.35,33688.35,41036.8796,43256.005750000004,41.01399301575672,3287.6461979349788,23124.81248294,21432.645467939998,VENDI,ALTO
2021-06-24,33688.51,35295.67,32300.0,34654.58,34654.58,40579.657400000004,43332.40065,43.77123366060923,3266.7907552253378,16868.94084747,21380.2108847375,VENDI,ALTO
2021-06-25,34654.87,35500.0,31300.0,31594.63,31594.63,40082.7368,43394.48525,37.7526821539995,3333.448558423528,26505.19266978,22022.736001536,VENDI,ALTO
2021-06-26,31594.62,32711.68,30173.49,32275.19,32275.19,39580.6328,43464.2801,39.737351590026236,3276.6443756789904,18299.38702942,22528.480190848,VENDI,ALTO
2021-06-27,32267.59,34749.0,32002.21,34709.23,34709.23,39095.6564,43545.093499999995,46.32844803637515,3238.7976345590628,14428.92978925,22300.040866817,VENDI,ALTO
2021-06-28,34708.53,35301.43,33864.99,34493.22,34493.22,38619.2694,43626.292400000006,45.84918722005475,3110.05780351913,14920.2647883,21299.1762287745,VENDI,ALTO
2021-06-29,34493.22,36675.0,34233.35,35904.28,35904.28,38220.0268,43715.60305,49.522660893190775,3062.3143889820494,17917.59826258,20893.0112452765,VENDI,ALTO
2021-06-30,35906.17,36094.42,34033.0,35060.0,35060.0,37786.163,43796.796650000004,47.44860203136179,2990.8219326261888,16700.72309396,20735.356690519,VENDI,ALTO
2021-07-01,35060.0,35066.54,32703.48,33516.11,33516.11,37466.5098,43868.54395000001,43.833367484084164,2945.981794581461,13210.9509733,20688.794564203497,VENDI,ALTO
2021-07-02,33510.93,33972.06,32704.73,33805.02,33805.02,37148.808,43941.2072,44.68275236004002,2826.0780949684995,11765.65389836,20551.249980982,VENDI,ALTO
2021-07-03,33805.01,34953.07,33320.0,34682.16,34682.16,36844.581600000005,44017.395,47.28901566429692,2740.863231042178,6197.80112922,20073.691935467497,VENDI,ALTO
2021-07-04,34685.03,35951.0,34390.53,35284.05,35284.05,36614.752400000005,44087.017,49.06250351190129,2656.54942882488,6224.03057033,19289.051256006,VENDI,ALTO
2021-07-05,35284.06,35290.82,33156.86,33697.78,33697.78,36359.6922,44141.37350000001,44.78577348298285,2619.2216124802458,9607.60619891,18918.396416223,VENDI,ALTO
2021-07-06,33697.78,35100.0,33300.0,34225.73,34225.73,36172.5968,44196.81335,46.45860491701425,2560.7057830173712,10313.01368118,18572.1183296905,VENDI,ALTO
2021-07-07,34225.72,35077.46,33770.01,33878.56,33878.56,35993.025,44246.9562,45.48275719933199,2471.1875128018446,9404.8979867,18243.8457132,VENDI,ALTO
2021-07-08,33879.5,33934.62,32111.0,32875.95,32875.95,35915.909,44293.9534,42.693719379841156,2424.9326904588556,14147.3525248,17777.5944772525,VENDI,ALTO
2021-07-09,32875.95,34100.0,32255.24,33824.26,33824.26,35779.927599999995,44349.42770000001,46.062709425476484,2383.4917839975087,8320.90649257,17353.58546656,VENDI,ALTO
2021-07-10,33824.25,34267.14,33027.83,33515.35,33515.35,35703.4192,44397.8881,45.13192798978326,2301.764513711972,4906.24582215,16628.894030564,VENDI,ALTO
2021-07-11,33515.35,34607.37,33333.33,34259.23,34259.23,35639.0672,44453.0425,47.86399639728708,2228.3556198754027,7023.06500489,14914.827329049,VENDI,ALTO
2021-07-12,34259.22,34670.0,32665.0,33091.1,33091.1,35605.7158,44499.908200000005,44.14657445360563,2212.40164702716,10145.24046995,13001.630685803,VENDI,ALTO
2021-07-13,33077.43,33337.61,32201.12,32734.14,32734.14,35482.827399999995,44540.05535,43.04634753252628,2135.5508150966484,9478.04218884,12319.292171097999,VENDI,ALTO
2021-07-14,32734.14,33125.55,31600.0,32816.39,32816.39,35371.919,44571.76055,43.39639776036238,2091.979328304031,10355.3186961,11993.6110635295,VENDI,ALTO
2021-07-15,32815.75,33187.6,31064.77,31868.68,31868.68,35223.428,44599.8107,40.321243272228834,2094.182947710886,11273.61174025,11232.032017053,VENDI,ALTO
2021-07-16,31872.49,32259.16,31025.42,31388.06,31388.06,35080.0516,44621.5492,38.818905445533765,2032.7227371601084,10006.47793721,10817.3865624425,VENDI,ALTO
2021-07-17,31389.57,31949.99,31179.01,31533.91,31533.91,34997.1204,44642.387,39.55491584680477,1942.5982559343865,5695.57411588,10380.718778774,VENDI,ALTO
2021-07-18,31533.9,32450.0,31125.6,31788.25,31788.25,34940.329,44656.84115,40.890336574114095,1898.4412376533592,5006.4831051,9885.029694614,VENDI,ALTO
2021-07-19,31786.37,31887.82,30429.99,30842.03,30842.03,34843.7808,44666.100900000005,37.5652317682431,1866.969006392405,11027.00528966,9540.500045968001,VENDI,ALTO
2021-07-20,30842.04,31052.65,29301.56,29796.16,29796.16,34694.1178,44668.01750000001,34.249988867399566,1858.691934507233,18114.15286104,9611.171534321998,VENDI,ALTO
2021-07-21,29796.15,32825.0,29501.02,32135.19,32135.19,34603.1216,44667.56390000001,45.775662229243146,1963.3553677567165,15598.47830878,9730.547901095999,VENDI,ALTO
2021-07-22,32152.68,32611.84,31729.68,32287.74,32287.74,34497.3182,44663.59930000001,46.43515709020464,1886.1271272026654,7704.6404628,9527.497229318,VENDI,ALTO
2021-07-23,32287.75,33647.27,32000.0,33647.26,33647.26,34385.2924,44671.73565,52.034120661549515,1869.0659038310464,9004.84262627,9667.849304170499,VENDI,ALTO
2021-07-24,33647.27,34525.0,33424.7,34283.01,34283.01,34333.822199999995,44672.9975,54.43276540339588,1814.1540535574006,9864.75243703,9849.885397505499,VENDI,ALTO
2021-07-25,34291.67,35451.04,33888.89,35428.26,35428.26,34331.5976,44665.8425,58.46246654814296,1796.1537640175866,9434.63002297,9841.2365887085,MANTIENI STATO ATTUALE,ALTO
2021-07-26,35428.25,40593.93,35251.54,37262.77,37262.77,34360.8434,44654.628549999994,63.96045619069274,2049.4563523020447,40354.54555841,11343.31318257,MANTIENI STATO ATTUALE,ALTO
2021-07-27,37262.76,39550.0,36413.26,39470.48,39470.48,34478.7348,44648.655199999994,69.2375079355322,2127.119469994756,24709.10440908,12108.523503688999,MANTIENI STATO ATTUALE,ALTO
2021-07-28,39475.99,40925.56,38803.34,40035.1,40035.1,34611.3942,44647.543549999995,70.4300179763834,2126.769507852274,27198.33358111,12761.0725565045,MANTIENI STATO ATTUALE,ALTO
2021-07-29,40035.1,40644.85,39229.47,40039.44,40039.44,34664.1058,44656.8829,70.43950369868337,2075.9559715771115,11022.42512817,12896.1484882845,MANTIENI STATO ATTUALE,ALTO
2021-07-30,40039.44,42320.57,38342.0,42237.95,42237.95,34774.9838,44690.8097,74.84217132538281,2211.8569736073177,15063.2344059,13403.997917472001,MANTIENI STATO ATTUALE,ALTO
2021-07-31,42233.66,42414.61,41064.11,41495.01,41495.01,34858.1152,44728.089850000004,70.99415628654924,2150.3314754925095,9351.94288576,13520.441811515499,MANTIENI STATO ATTUALE,ALTO
2021-08-01,41499.0,42605.64,39426.0,39865.41,39865.41,34944.2768,44740.4486,63.30560519353008,2223.85351295733,10617.67293456,13544.063434746,MANTIENI STATO ATTUALE,ALTO
2021-08-02,39859.18,40459.68,38690.0,39149.59,39149.59,34946.9638,44740.57085,60.22047446694165,2191.412547746092,12379.41216528,13689.131933567998,MANTIENI STATO ATTUALE,ALTO
2021-08-03,39149.59,39785.3,37627.21,38191.44,38191.44,34900.00320000001,44747.7547,56.26767539853811,2189.032365764229,15094.81739624,13926.106868575001,MANTIENI STATO ATTUALE,ALTO
2021-08-04,38189.4,39965.1,37509.0,39722.41,39722.41,34891.204,44766.33205,60.705867818744586,2208.108625352498,15327.67624669,14128.810093896998,MANTIENI STATO ATTUALE,ALTO
2021-08-05,39718.9,41447.89,37300.0,40888.74,40888.74,34941.9588,44791.67575,63.72608031931396,2346.66443782732,28507.85532682,15053.878963377498,MANTIENI STATO ATTUALE,ALTO
2021-08-06,40888.73,43399.26,39876.74,42869.58,42869.58,35037.447,44822.9025,68.196942726927,2430.6541208396548,20425.1145444,15790.355984803498,MANTIENI STATO ATTUALE,ALTO
2021-08-07,42869.59,44750.0,42457.27,44637.34,44637.34,35213.357599999996,44866.5028,71.56520227367807,2420.802397922537,19634.79475606,16521.771567351498,MANTIENI STATO ATTUALE,ALTO
2021-08-08,44628.11,45363.83,43131.97,43829.14,43829.14,35380.2446,44908.133050000004,68.01835080024858,2407.306512356641,18712.27158173,16906.034881954998,MANTIENI STATO ATTUALE,ALTO
2021-08-09,43829.15,46497.42,42821.3,46285.48,46285.48,35594.2386,44985.2807,72.48219657242016,2497.936047188309,19464.72493503,16973.5634856545,ACQUISTA,ALTO
2021-08-10,46280.0,46718.44,44650.27,45595.66,45595.66,35873.9554,45048.334350000005,69.54647131118588,2467.238472389145,13756.50066875,16881.464603653,MANTIENI STATO ATTUALE,MEDIO
2021-08-11,45601.82,46781.09,45350.74,45553.49,45553.49,36134.2578,45115.54175,69.36152095412623,2393.1750100756344,11628.32043954,17077.64860249,MANTIENI STATO ATTUALE,MEDIO
2021-08-12,45553.1,46223.95,43714.36,44422.14,44422.14,36348.933600000004,45176.20965,64.41240474557392,2401.4903664988033,13169.78176994,17285.8955596735,MANTIENI STATO ATTUALE,ALTO
2021-08-13,44422.15,47953.9,44249.64,47833.64,47833.64,36612.5148,45254.06850000001,71.10713058044593,2494.5453403203173,11794.94196257,17382.405035950498,MANTIENI STATO ATTUALE,ALTO
2021-08-14,47833.64,48176.52,46034.93,47109.65,47109.65,36922.8152,45327.06265000001,68.17598460256524,2469.3342445831518,8130.36769388,17317.191919496,MANTIENI STATO ATTUALE,MEDIO
2021-08-15,47109.64,47400.0,45525.19,47014.49,47014.49,37217.601200000005,45410.099449999994,67.7804945391116,2426.868227112927,7745.70200802,15686.749741976502,MANTIENI STATO ATTUALE,MEDIO
2021-08-16,47014.38,48076.52,45676.91,45902.46,45902.46,37441.4658,45472.1668,63.16886922831182,2424.921210890575,10467.66031475,14974.67753726,MANTIENI STATO ATTUALE,MEDIO
2021-08-17,45903.22,47174.62,44405.39,44671.58,44671.58,37645.032999999996,45524.21415,58.43005714899505,2449.514695826963,12756.14777945,14252.568247177001,MANTIENI STATO ATTUALE,ALTO
2021-08-18,44675.34,46035.27,44216.47,44707.98,44707.98,37821.107,45576.17590000001,58.529135740079255,2404.463646125037,10327.49887365,14217.821934451,MANTIENI STATO ATTUALE,ALTO
2021-08-19,44709.1,47088.08,43955.0,46765.87,46765.87,38055.2244,45644.31655,63.78447372499899,2456.5076714018205,11938.12185013,14061.566306662502,MANTIENI STATO ATTUALE,MEDIO
2021-08-20,46769.02,49400.0,46644.95,49342.4,49342.4,38371.7502,45723.3626,69.06944892310345,2477.832123444548,13184.67048641,14253.202686695,MANTIENI STATO ATTUALE,MEDIO
2021-08-21,49349.99,49821.92,48285.28,48867.02,48867.02,38672.9902,45790.13434999999,67.12314422567506,2410.60411462708,9574.83615164,14201.060847548997,MANTIENI STATO ATTUALE,MEDIO
2021-08-22,48870.21,49526.13,48102.89,49284.63,49284.63,38965.0396,45848.16565,67.97684107239168,2340.0781064394314,6243.39643384,13894.260060977002,MANTIENI STATO ATTUALE,MEDIO
2021-08-23,49284.38,50505.0,49012.84,49506.5,49506.5,39249.4886,45910.823150000004,68.44563845175615,2279.5125274080438,10824.26838095,13680.732610212499,MANTIENI STATO ATTUALE,MEDIO
2021-08-24,49504.53,49875.9,47600.0,47682.45,47682.45,39529.182,45957.67795,60.59218847117202,2279.254489736041,12068.33823315,13517.7657095355,MANTIENI STATO ATTUALE,MEDIO
2021-08-25,47682.45,49277.0,47122.02,48987.33,48987.33,39824.414000000004,46006.28745,63.792767485682724,2270.3777404691814,9289.23177109,12556.834531748998,MANTIENI STATO ATTUALE,MEDIO
2021-08-26,48991.57,49365.1,46315.48,46851.47,46851.47,40083.872200000005,46046.1877,55.80369947712589,2326.0379018642393,11651.34373853,12118.1459914555,MANTIENI STATO ATTUALE,BASSO
2021-08-27,46851.47,49185.12,46361.01,49077.57,49077.57,40407.9046,46059.33505000001,61.25056463514134,2361.614480302508,8924.12247655,11582.612377480002,MANTIENI STATO ATTUALE,MEDIO
2021-08-28,49081.08,49309.83,48370.0,48942.94,48942.94,40710.2782,46071.4761,60.762833385336556,2260.0584459951865,4895.70191319,10891.783894053,MANTIENI STATO ATTUALE,MEDIO
2021-08-29,48942.89,49667.1,47801.0,48802.58,48802.58,41016.022800000006,46091.239,60.22440345946552,2231.9185569955303,6935.09511006,10265.3024028045,MANTIENI STATO ATTUALE,MEDIO
2021-08-30,48802.58,48906.51,46866.0,46993.71,46993.71,41270.712400000004,46086.218,53.62902455698021,2218.2465172101356,12249.23741495,10189.9392401145,MANTIENI STATO ATTUALE,BASSO
2021-08-31,46996.8,48259.68,46708.93,47112.5,47112.5,41551.140400000004,46084.7388,53.98541004372521,2170.5681945522692,12919.43970212,10254.4952032435,MANTIENI STATO ATTUALE,BASSO
2021-09-01,47110.33,49125.0,46537.62,48839.86,48839.86,41873.2548,46092.77585,58.92853543522036,2200.340466369964,13010.83839478,10246.548034485499,MANTIENI STATO ATTUALE,BASSO
2021-09-02,48834.27,50392.19,48620.73,49279.37,49279.37,42202.51439999999,46095.76925,60.102939526882295,2169.706147343538,14120.3826407,10362.820068391999,ACQUISTA,MEDIO
2021-09-03,49279.38,51064.44,48349.66,50025.0,50025.0,42565.6408,46106.212400000004,62.08374616998779,2208.6399939618564,14577.22621879,10685.1629946375,ACQUISTA,MEDIO
2021-09-04,50025.0,50558.75,49400.0,49942.98,49942.98,42936.739199999996,46110.13375,61.72074051727932,2133.64785153601,7595.48816499,10677.652302486,MANTIENI STATO ATTUALE,MEDIO
2021-09-05,49944.89,51907.08,49500.0,51789.17,51789.17,43341.8444,46108.229550000004,66.47272527599095,2153.178719283438,7743.93472308,10541.4660229025,MANTIENI STATO ATTUALE,MEDIO
2021-09-06,51789.17,52802.03,51020.08,52698.81,52698.81,43760.05560000001,46113.71495,68.5446943081579,2126.6623821917638,9571.75471136,10382.246369498,MANTIENI STATO ATTUALE,MEDIO
2021-09-07,52698.8,52944.96,42830.77,46894.5,46894.5,44081.105,46068.26965000001,48.11270954977681,2697.2000691780668,29022.815351,11317.0121933655,MANTIENI STATO ATTUALE,BASSO
2021-09-08,46894.49,47381.47,44423.49,46060.36,46060.36,44406.388999999996,46018.95385,45.991015573407914,2715.8272070939192,19624.55093117,11701.3336474175,MANTIENI STATO ATTUALE,BASSO
2021-09-09,46059.94,47400.0,45511.82,46400.0,46400.0,44691.68519999999,45963.50805,47.01557168544507,2656.7095494443533,13594.64633403,11721.8324397985,MANTIENI STATO ATTUALE,BASSO
2021-09-10,46396.26,47040.76,44140.48,44851.45,44851.45,44942.95940000001,45917.05465,43.00944516248047,2674.1074387697563,14905.54795341,11988.368029886999,MANTIENI STATO ATTUALE,ALTO
2021-09-11,44850.37,45989.94,44730.29,45171.83,45171.83,45173.4508,45898.41385,44.07124568409861,2573.0747645719166,6207.38337004,11986.567376697001,VENDI,ALTO
2021-09-12,45173.66,46462.98,44754.31,46024.23,46024.23,45408.275200000004,45879.8459,46.90558360986801,2511.3315671024943,6499.85821749,11770.346868524,MANTIENI STATO ATTUALE,BASSO
2021-09-13,46027.8,46900.0,43465.0,44947.72,44947.72,45598.664399999994,45869.2921,43.88108656080353,2577.3078837380303,15015.30289712,11917.6951017225,MANTIENI STATO ATTUALE,ALTO
2021-09-14,44953.23,47274.92,44679.92,47127.22,47127.22,45795.9534,45873.2972,50.79831454368227,2578.571606328171,12644.16435358,12085.441730847,ACQUISTA,BASSO
2021-09-15,47127.81,48475.0,46705.0,48148.12,48148.12,45969.5062,45883.13405,53.678475095241424,2520.816491590445,12139.84206628,12109.866647234501,ACQUISTA,BASSO
2021-09-16,48144.03,48499.99,47020.82,47753.16,47753.16,46123.8674,45895.74110000001,52.40048749920992,2446.4131707625556,11739.27966629,12250.6245067215,MANTIENI STATO ATTUALE,BASSO
2021-09-17,47753.15,48176.64,46752.67,47303.5,47303.5,46269.14859999999,45884.0616,50.91427184580539,2373.3815157080876,9088.56956453,12460.2678892885,MANTIENI STATO ATTUALE,BASSO
2021-09-18,47306.87,48825.62,47050.0,48314.56,48314.56,46390.6808,45883.0764,54.068781268748324,2330.684264586082,7491.03449237,12488.064858404,MANTIENI STATO ATTUALE,BASSO
2021-09-19,48309.86,48379.19,46850.87,47255.92,47255.92,46505.899,45867.556,50.415393218482585,2273.372531401362,7086.34626236,12229.9203007745,MANTIENI STATO ATTUALE,BASSO
2021-09-20,47253.71,47358.92,42500.0,43012.97,43012.97,46568.85020000001,45840.77825,39.03194747505808,2458.0544934441214,27706.67636162,12969.2821337495,MANTIENI STATO ATTUALE,ALTO
2021-09-21,43007.69,43639.88,39600.0,40719.6,40719.6,46600.2504,45800.5289,34.497825485979604,2571.042029626684,27275.33818249,13682.507123135001,VENDI,ALTO
2021-09-22,40736.81,44035.44,40570.42,43575.1,43575.1,46707.923599999995,45773.8552,43.325624623427395,2634.8975989390638,19462.53865157,13949.614923678502,VENDI,ALTO
2021-09-23,43575.19,45000.0,43096.73,44897.59,44897.59,46811.4272,45743.45010000001,46.89526824634658,2582.63848472913,13446.87468684,13893.097347081002,VENDI,ALTO
2021-09-24,44896.55,45200.0,40683.29,42848.92,42848.92,46850.6308,45695.61855000001,42.43624849399929,2720.786450105621,22451.57711462,14635.9017945625,VENDI,ALTO
2021-09-25,42848.44,42998.76,41675.0,42705.51,42705.51,46847.34939999999,45634.5642,42.134227233200654,2620.9988465266483,7383.32390261,14617.871253539002,VENDI,ALTO
2021-09-26,42705.51,43937.0,40803.0,43178.02,43178.02,46818.163,45571.00085,43.55953088838234,2657.6417860604593,9971.64545213,14637.8657905775,VENDI,ALTO
2021-09-27,43172.17,44366.96,42111.0,42171.76,42171.76,46785.015400000004,45492.78229999999,41.230434602726184,2628.9502299132837,10094.77099806,13691.463572930497,VENDI,ALTO
2021-09-28,42166.31,42780.0,40897.7,41026.07,41026.07,46679.8272,45411.78310000001,38.693639303943925,2575.6180706337636,10491.81363045,13234.826707894501,VENDI,ALTO
2021-09-29,41030.19,42638.99,40750.12,41522.16,41522.16,46598.3572,45313.50140000001,40.403521321649876,2526.5646370170657,10303.30152312,13070.259467348998,VENDI,ALTO
2021-09-30,41519.11,44110.17,41409.67,43824.43,43824.43,46563.776000000005,45237.76005,47.69453836409374,2538.988591515847,12835.9838101,12966.7812601835,VENDI,ALTO
2021-10-01,43828.89,48500.0,43287.44,48165.76,48165.76,46638.6484,45200.40809999999,58.10329032147515,2729.9579778361435,20095.33155568,13661.178669465498,ACQUISTA,BASSO
2021-10-02,48165.76,48359.33,47451.0,47657.69,47657.69,46635.1294,45154.060999999994,56.681682549067,2599.8416937049906,7262.63442143,13699.317479662499,MANTIENI STATO ATTUALE,BASSO
2021-10-03,47663.74,49300.0,47120.11,48233.99,48233.99,46657.616200000004,45100.60325,57.938784871473054,2569.8451441546345,7989.25925892,13348.0152977525,MANTIENI STATO ATTUALE,BASSO
2021-10-04,48233.99,49505.0,46916.7,49245.54,49245.54,46702.2372,45058.6062,60.12609916879663,2571.1633481435897,13938.64182971,13412.739171559,ACQUISTA,MEDIO
2021-10-05,49244.13,51906.23,49057.18,51493.99,51493.99,46814.067800000004,45025.877850000004,64.5402359035943,2591.0123947047623,17828.59726658,13697.176931574,ACQUISTA,MEDIO
2021-10-06,51499.77,55757.11,50416.01,55339.48,55339.48,47027.4258,45011.99175,70.54584155600492,2787.447223654422,25869.64925998,14403.695411258499,ACQUISTA,ALTO
2021-10-07,55346.95,55356.85,53379.0,53797.82,53797.82,47209.22260000001,44994.16425,65.73893958729214,2729.6188505362493,15820.83417633,14740.3086418485,ACQUISTA,MEDIO
2021-10-08,53805.46,56113.0,53634.41,53963.82,53963.82,47353.1816,44993.433,66.00752400524522,2711.6882183550883,12416.9019906,14986.602016759998,MANTIENI STATO ATTUALE,MEDIO
2021-10-09,53965.18,55500.0,53675.0,54962.29,54962.29,47465.5794,44996.51675000001,67.65024074072423,2648.353345615439,7123.05512404,14988.437459844,MANTIENI STATO ATTUALE,MEDIO
2021-10-10,54963.29,56545.24,54112.95,54690.53,54690.53,47582.0496,45008.5886,66.70536254407742,2632.920249500051,9370.1912382,14071.613203672998,MANTIENI STATO ATTUALE,MEDIO
2021-10-11,54683.09,57833.23,54411.54,57487.44,57487.44,47746.1058,45039.40075,71.16859876131021,2689.2609459643336,13422.42081815,13378.967335456002,ACQUISTA,ALTO
2021-10-12,57485.97,57674.55,53873.78,56005.1,56005.1,47876.0778,45044.06404999999,66.11036217777203,2768.6544498240246,15457.00896085,13178.69085092,ACQUISTA,MEDIO
2021-10-13,56005.1,57771.33,54236.09,57367.32,57367.32,48069.775200000004,45051.617999999995,68.33746617626288,2823.4105605508807,14691.01338574,13240.897785865,ACQUISTA,MEDIO
2021-10-14,57367.32,58520.71,56832.32,57359.51,57359.51,48237.2188,45059.52144999999,68.30974927170642,2742.337663368675,12198.02457938,12728.220159102999,MANTIENI STATO ATTUALE,MEDIO
2021-10-15,57359.51,62910.0,56867.11,61695.39,61695.39,48534.097200000004,45079.931,74.4945962702938,2978.0914016994834,27105.19764492,13714.313846218502,ACQUISTA,ALTO
2021-10-16,61690.32,62350.0,60139.01,60877.42,60877.42,48770.0942,45090.385800000004,71.6535028377697,2923.2984444352346,10161.25819825,13723.7944835245,MANTIENI STATO ATTUALE,ALTO
2021-10-17,60867.05,61744.17,58943.83,61527.11,61527.11,49021.7776,45104.021349999995,72.54901635629993,2914.515698404146,9153.32273471,13676.722070357,MANTIENI STATO ATTUALE,ALTO
2021-10-18,61530.07,62675.19,59887.74,62042.41,62042.41,49286.5742,45120.600999999995,73.270299014541,2905.4395770895644,19798.1489024,14142.038833954499,ACQUISTA,ALTO
2021-10-19,62042.4,64500.0,61333.0,64303.14,64303.14,49632.762800000004,45147.211500000005,76.22214377959683,2924.12246444031,17380.30486176,14495.889000886498,ACQUISTA,ALTO
2021-10-20,64303.14,66999.0,63525.0,66026.54,66026.54,50011.0436,45191.8725,78.19867791717681,2963.3994312660025,19194.45410878,14813.812515820498,ACQUISTA,ALTO
2021-10-21,66021.26,66650.85,62050.0,62204.02,62204.02,50278.326799999995,45211.8129,65.24415073661623,3080.360186175574,23474.39133313,14982.765504693001,ACQUISTA,MEDIO
2021-10-22,62204.01,63750.0,60000.0,60687.64,60687.64,50506.4922,45219.636,60.93184587952789,3128.1916014487474,17217.70765017,15480.51916613,MANTIENI STATO ATTUALE,MEDIO
2021-10-23,60682.88,61750.0,59650.0,61300.01,61300.01,50731.9924,45236.03615,62.023471396984306,3054.7493442024083,6708.15013802,15416.463710084998,MANTIENI STATO ATTUALE,MEDIO
2021-10-24,61300.02,61491.96,59522.89,60854.48,60854.48,50950.2224,45260.5298,60.69470295026422,2977.200819616522,8573.72719199,15148.217978198998,MANTIENI STATO ATTUALE,MEDIO
2021-10-25,60847.91,63726.58,60653.5,63083.54,63083.54,51176.109800000006,45285.532,64.76223581918524,2984.0493325010566,10496.58058683,14781.617144211501,MANTIENI STATO ATTUALE,MEDIO
2021-10-26,63081.96,63290.49,59837.07,60337.62,60337.62,51328.886,45296.7567,56.94447488324692,3017.575808750981,12181.48144997,14097.208753711,MANTIENI STATO ATTUALE,MEDIO
2021-10-27,60333.19,61488.0,58100.0,58455.47,58455.47,51560.1054,45290.141050000006,52.285475537595225,3044.0346795544824,18856.68565412,14249.0013276005,MANTIENI STATO ATTUALE,MEDIO
2021-10-28,58462.73,62477.47,57653.88,60591.65,60591.65,51850.7312,45293.17300000001,56.62324450474919,3171.1457738720196,19354.49897509,14595.881176824998,MANTIENI STATO ATTUALE,MEDIO
2021-10-29,60591.63,62974.0,60188.73,62276.72,62276.72,52168.265600000006,45305.3575,59.73302415433554,3143.5832185954464,15497.01101939,15014.5789715925,ACQUISTA,MEDIO
2021-10-30,62287.95,62379.2,60725.01,61892.41,61892.41,52509.0848,45296.87845,58.699418740527875,3037.197988695771,6793.59698552,14885.749258958498,MANTIENI STATO ATTUALE,MEDIO
2021-10-31,61896.38,62427.02,60001.0,61343.68,61343.68,52832.521799999995,45288.737850000005,57.17806082782374,2993.5424180746445,8371.1698899,14633.186712546001,MANTIENI STATO ATTUALE,MEDIO
2021-11-01,61346.17,62500.0,59500.0,60949.54,60949.54,53131.028,45277.34035,56.05427683406288,2994.0036739264556,11724.34161877,14446.553345441998,MANTIENI STATO ATTUALE,MEDIO
2021-11-02,60956.4,64300.0,60672.16,63266.51,63266.51,53497.4038,45286.536550000004,60.91716279519376,3039.277697217423,13694.11539462,14396.708445885999,MANTIENI STATO ATTUALE,MEDIO
2021-11-03,63266.5,63568.36,60070.0,62935.41,62935.41,53813.567599999995,45300.919299999994,59.89714662402568,3072.0692902733213,12951.87181247,14434.4008075405,MANTIENI STATO ATTUALE,MEDIO
2021-11-04,62935.4,63114.14,60728.77,61444.5,61444.5,54079.4952,45326.76975000001,55.39887894178402,3023.019340968084,11051.75853921,13631.728852254999,MANTIENI STATO ATTUALE,MEDIO
2021-11-05,61444.49,62638.59,60777.0,61006.15,61006.15,54344.555,45353.31635000001,54.112146675644375,2940.0601023275067,10598.79620286,13653.605752485499,MANTIENI STATO ATTUALE,MEDIO
2021-11-06,61006.14,61599.25,60125.0,61539.31,61539.31,54629.2712,45378.516449999996,55.4669943030018,2835.359380732685,6366.43859189,13514.261545344498,MANTIENI STATO ATTUALE,MEDIO
2021-11-07,61539.3,63327.96,61397.86,63309.13,63309.13,54929.162599999996,45426.0578,59.718604535974734,2770.697996394636,5596.02460734,12804.155330591499,MANTIENI STATO ATTUALE,MEDIO
2021-11-08,63309.12,67792.77,63309.12,67554.84,67554.84,55335.141,45505.32405,67.68823270360039,2893.051710937876,17661.87297159,12818.233736083,ACQUISTA,ALTO
2021-11-09,67554.13,68568.85,66261.79,66944.66,66944.66,55813.77479999999,45584.111,65.67710396714679,2851.1951601566,14996.62508818,12608.342285053,ACQUISTA,ALTO
2021-11-10,66938.76,69000.0,62800.0,64912.2,64912.2,56297.6268,45658.22625,59.35143261200302,3090.3955058597003,19030.24517744,12386.1349772685,ACQUISTA,ALTO
2021-11-11,64912.2,65600.0,64133.78,64807.59,64807.59,56722.276600000005,45736.6592,59.03626081243406,2974.3829697268648,10259.51472415,12038.2253309675,MANTIENI STATO ATTUALE,ALTO
2021-11-12,64807.73,65477.06,62300.0,64147.9,64147.9,57107.2828,45787.130699999994,56.981316733259064,2988.85990046066,13658.626579,12385.7491530165,ACQUISTA,ALTO
2021-11-13,64144.42,64990.0,63394.17,64400.01,64400.01,57538.3046,45833.782649999994,57.58888586610022,2889.35776471347,5968.10354833,12255.467970833499,MANTIENI STATO ATTUALE,ALTO
2021-11-14,64400.01,65525.0,63596.9,65505.02,65505.02,57994.2948,45886.837600000006,60.23952709552625,2820.696495805365,6081.57225975,12034.717554479499,MANTIENI STATO ATTUALE,ALTO
2021-11-15,65505.03,66339.9,63371.0,63624.59,63624.59,58403.226200000005,45937.06055000001,54.048911137199575,2831.2824603906956,10426.55522646,11946.971243304,MANTIENI STATO ATTUALE,MEDIO
2021-11-16,63621.05,63624.6,58638.0,60107.98,60107.98,58761.9506,45948.60659999999,44.780717906562025,2985.233713219932,24910.15267457,12249.6445943265,MANTIENI STATO ATTUALE,MEDIO
2021-11-17,60101.56,60824.38,58380.0,60351.51,60351.51,59148.45940000001,45961.06775,45.477975178122776,2946.6013051327936,20907.21545076,12327.280418109998,MANTIENI STATO ATTUALE,MEDIO
2021-11-18,60351.51,60977.21,56514.13,56898.0,56898.0,59455.976200000005,45962.43175000001,38.125823451478574,3054.921211909023,26749.21203012,12889.8904686465,MANTIENI STATO ATTUALE,MEDIO
2021-11-19,56898.46,58412.12,55625.0,58122.16,58122.16,59741.9308,45966.978899999995,41.72230516005073,3035.7925539155217,18554.56064192,13477.9386514665,VENDI,MEDIO
2021-11-20,58122.15,59900.0,57423.35,59760.76,59760.76,59973.8308,45999.57310000001,46.22783045502803,2995.853800064413,7584.65241653,13438.612777798,VENDI,MEDIO
2021-11-21,59760.76,60070.0,58509.69,58671.21,58671.21,60194.101200000005,46005.3507,43.802870681844254,2893.314957202669,6661.36635434,13185.4640145765,VENDI,MEDIO
2021-11-22,58671.22,59526.51,55641.03,56280.81,56280.81,60355.037599999996,46004.551450000006,38.97262932376987,2964.1838888310504,15889.22078935,13295.219284313,VENDI,MEDIO
2021-11-23,56280.81,57886.03,55377.0,57566.85,57566.85,60521.4638,46005.48375,42.63753375216865,2931.6728967716895,14019.78167156,13348.6147772675,VENDI,MEDIO
2021-11-24,57562.65,57607.97,55875.01,57162.66,57162.66,60634.837199999994,45996.506799999996,41.78814432300549,2846.050547002283,12509.25971944,13421.489836279,VENDI,MEDIO
2021-11-25,57158.58,59445.99,57037.04,58987.27,58987.27,60707.793,45999.880300000004,46.92798354367193,2814.829079359263,10668.67680723,13424.9838664975,VENDI,MEDIO
2021-11-26,58994.72,59194.0,53533.0,53757.67,53757.67,60706.99,45989.3366,36.87757802481894,3018.1270022621725,25946.30174683,14403.9770242445,VENDI,BASSO
2021-11-27,53757.67,55316.67,53642.58,54759.05,54759.05,60722.8946,45979.3659,39.547397040228006,2922.1243592434457,7899.30349126,14519.140968440499,VENDI,BASSO
2021-11-28,54759.04,57490.0,53327.0,57317.17,57317.17,60769.9922,46018.4579,45.84848396383762,3010.7583335831996,8222.42493442,14047.168566582,VENDI,MEDIO
2021-11-29,57318.51,58908.27,56730.0,57838.06,57838.06,60832.942800000004,46059.19765000001,47.05854187166271,2951.2948811843994,13454.23335496,13970.048979920999,VENDI,MEDIO
2021-11-30,57838.06,59249.77,55910.33,56987.97,56987.97,60822.953400000006,46094.670099999996,45.280230781472035,2979.0195325283703,18038.78770838,13920.476106468,VENDI,MEDIO
2021-12-01,56998.35,59118.84,56465.75,57226.5,57226.5,60847.381400000006,46146.92505,45.8980268768323,2955.738851633487,16607.30872879,14237.865806700001,VENDI,MEDIO
2021-12-02,57226.51,57423.69,55845.0,56521.46,56521.46,60830.4642,46197.278399999996,44.30575764926039,2857.378219373952,12969.21952648,14203.395454074,VENDI,MEDIO
2021-12-03,56521.45,57670.68,51640.0,53638.04,53638.04,60756.0348,46247.5661,38.433427836937405,3084.042632275813,19567.63113833,14883.371833574001,VENDI,BASSO
2021-12-04,53633.02,53876.09,42333.0,49241.12,49241.12,60506.9494,46279.48595000001,31.56338837632366,3688.260301398969,39023.32978526,16530.4597098495,VENDI,BASSO
2021-12-05,49235.26,49783.0,47827.0,49484.22,49484.22,60279.0854,46343.2483,32.284100522140136,3564.5274227276145,21727.13821193,17095.488859123005,VENDI,BASSO
2021-12-06,49484.21,51105.0,47200.0,50529.56,50529.56,60059.1344,46392.77945,35.43287864945003,3588.846892532785,23082.30465624,17004.0964582065,VENDI,BASSO
2021-12-07,50529.56,51995.0,50067.1,50625.48,50625.48,59830.7958,46459.203,35.728209009509655,3470.207828780444,14107.33216632,16664.102293984502,VENDI,BASSO
2021-12-08,50625.24,51250.0,48650.02,50519.68,50519.68,59555.12659999999,46524.41725,35.53513853479028,3408.04869815327,13138.99183299,15983.591284127999,VENDI,BASSO
2021-12-09,50520.94,50844.86,47323.23,47568.43,47568.43,59185.964400000004,46588.466049999995,30.572225274011288,3416.161648285179,15749.4243393,15843.334468997,VENDI,BASSO
2021-12-10,47568.43,50148.49,46900.0,47170.94,47170.94,58885.302800000005,46629.92795,29.96520826154827,3404.1851019790947,15689.5742182,16248.580559080501,VENDI,BASSO
2021-12-11,47170.94,49517.18,46786.78,49407.75,49407.75,58659.705,46685.157649999994,37.48716109300159,3356.057594694874,11045.22374119,16467.773428423,VENDI,BASSO
2021-12-12,49424.47,50828.13,48665.43,50089.64,50089.64,58435.497599999995,46739.1397,39.61631135636986,3270.8177665023827,10411.08180306,16193.8664791085,VENDI,BASSO
2021-12-13,50089.64,50218.42,45727.92,46727.89,46727.89,58152.9658,46779.994750000005,33.54951860877428,3357.937926037927,20797.28834629,16532.741812845,VENDI,ALTO
2021-12-14,46727.89,48686.91,46300.0,48367.43,48367.43,57858.643599999996,46843.42955,38.49635201692112,3288.5787884637894,17107.0342879,16762.630541268,VENDI,BASSO
2021-12-15,48359.23,49500.0,46530.0,48884.78,48884.78,57629.586800000005,46914.714349999995,40.0138470705849,3265.823160716376,21621.70983741,17310.282192777002,VENDI,BASSO
2021-12-16,48878.83,49459.39,47524.66,47634.22,47634.22,57413.161799999994,46974.538250000005,37.5989068226334,3170.7450778080633,12731.23681745,16649.528946308,VENDI,BASSO
2021-12-17,47634.2,48000.0,45469.32,46166.5,46166.5,57124.6588,47018.9742,34.934081349646306,3125.026143678916,18556.07900007,17182.367721748502,VENDI,ALTO
2021-12-18,46159.87,47368.73,45515.72,46859.46,46859.46,56816.313599999994,47069.84649999999,37.19727481212562,3034.167847701851,8170.85303229,17179.789126642,VENDI,ALTO
2021-12-19,46857.49,48351.92,46440.11,46687.19,46687.19,56512.2092,47115.3929,36.85408066960337,2953.9994300088615,9518.7071282,16983.012815304002,VENDI,ALTO
2021-12-20,46687.2,47548.93,45568.0,46926.07,46926.07,56223.857,47153.78050000001,37.71227576322508,2884.494470722514,16039.38510407,16883.0426850885,VENDI,ALTO
2021-12-21,46926.07,49339.31,46645.05,48914.7,48914.7,55983.1602,47214.07139999999,44.477311621020036,2870.906294242334,15461.4105731,16825.747777303997,VENDI,BASSO
2021-12-22,48914.7,49595.0,48450.0,48608.62,48608.62,55690.002400000005,47279.417050000004,43.69076772578145,2747.6272732250245,10753.4990677,16714.961754365002,VENDI,BASSO
2021-12-23,48608.61,51397.82,48032.16,50842.2,50842.2,55448.1382,47354.62565,50.56147135773821,2791.7724679946655,16627.04627954,16567.932511425497,VENDI,BASSO
2021-12-24,50842.06,51878.6,50445.55,50851.38,50851.38,55236.2758,47441.003,50.58815705250555,2694.7208631379035,11690.45418179,15201.288731252,VENDI,BASSO
2021-12-25,50852.31,51171.68,50191.84,50428.31,50428.31,55024.719000000005,47526.13389999999,49.26827664800174,2572.2293729137677,5550.57153185,14392.460397248,VENDI,BASSO
2021-12-26,50428.31,51295.33,49460.0,50801.79,50801.79,54809.9686,47593.123550000004,50.49618014898583,2519.5937034199274,6863.39473781,13581.5149013265,VENDI,BASSO
2021-12-27,50804.33,52100.0,50480.0,50717.77,50717.77,54558.14140000001,47663.24215,50.201803099196496,2455.3370103185043,11596.91468191,13455.994027105999,VENDI,BASSO
2021-12-28,50720.35,50720.35,47300.23,47543.09,47543.09,54157.9064,47714.265400000004,40.57636469106615,2524.250081010039,23116.75583707,13954.88222731,VENDI,ALTO
2021-12-29,47542.2,48149.58,46094.02,46471.24,46471.24,53748.43800000001,47768.834950000004,37.9319753230375,2490.772218080751,20326.32142372,14183.727081531,VENDI,ALTO
2021-12-30,46471.24,47926.15,45938.44,47122.08,47122.08,53392.635599999994,47809.36915,40.46897568906168,2454.8392025035546,27413.65364976,14769.931053108998,VENDI,ALTO
2021-12-31,47122.09,48574.7,45650.0,46211.24,46211.24,53020.708600000005,47837.72800000001,38.120613756935676,2488.400688039015,19010.24134509,15168.181933303998,VENDI,ALTO
2022-01-01,46211.24,47967.12,46205.0,47733.43,47733.43,52692.4192,47875.5833,43.97200764299267,2436.5234960362286,9463.6617111,15120.810928705998,VENDI,ALTO
2022-01-02,47733.43,47990.0,46633.36,47299.07,47299.07,52350.4004,47920.323650000006,42.73031231647493,2359.3889606050693,6833.49845548,14422.621434165503,VENDI,ALTO
2022-01-03,47299.06,47583.33,45700.0,46459.56,46459.56,51969.491200000004,47962.145599999996,40.35822051073473,2325.3847491332785,10841.81020453,14109.360229996999,VENDI,ALTO
2022-01-04,46459.57,47532.89,45515.0,45814.61,45814.61,51613.291600000004,48012.0096,38.58603010225155,2303.4208384809012,16320.32712866,13844.291094559501,VENDI,ALTO
2022-01-05,45817.13,47076.55,42500.0,43436.04,43436.04,51279.8528,48051.765849999996,32.85587942467039,2465.787207160837,25067.67476765,14461.112992069498,VENDI,ALTO
2022-01-06,43446.34,43794.5,42432.99,43083.76,43083.76,50934.497800000005,48089.255750000004,32.09565995568673,2386.910263792206,20780.04784989,14572.311434560499,VENDI,ALTO
2022-01-07,43081.79,43144.72,40571.53,41565.18,41565.18,50627.8414,48139.032549999996,28.98253448776852,2400.21595923562,26122.19990673,15469.8787782825,VENDI,ALTO
2022-01-08,41564.57,42318.97,40505.3,41684.84,41684.84,50299.094999999994,48184.764899999995,29.562298820674783,2358.3198192902187,15454.11315131,15766.649079437999,VENDI,ALTO
2022-01-09,41684.84,42831.12,41209.53,41876.52,41876.52,49941.4102,48225.70575,30.540505066933946,2305.696260769489,11074.22498167,15518.391073318,VENDI,ALTO
2022-01-10,41876.52,42250.0,39650.0,41824.07,41824.07,49604.4674,48261.5532,30.416030344692928,2326.7179564288112,25232.35739583,16006.9384144545,VENDI,ALTO
2022-01-11,41824.06,43130.0,41274.8,42753.44,42753.44,49333.92,48317.347250000006,35.437309982484294,2293.0381023981818,19697.46613255,16454.136767697004,VENDI,ALTO
2022-01-12,42749.84,44342.83,42459.21,43920.37,43920.37,49060.9904,48375.57315,41.17705753360067,2263.793952226883,16250.21469714,16435.295188577,VENDI,ALTO
2022-01-13,43921.21,44453.22,42325.0,42581.65,42581.65,48769.370200000005,48414.93525,37.10196296262852,2254.1100984963914,14772.09478571,16589.377218773,VENDI,ALTO
2022-01-14,42576.27,43473.98,41752.0,43090.72,43090.72,48451.4392,48457.922750000005,39.551805398607364,2216.1008057466497,13545.75086459,16989.13618541,VENDI,ALTO
2022-01-15,43090.72,43819.39,42577.35,43098.2,43098.2,48238.2498,48493.89235,39.58903818925264,2146.5250339076033,6318.38550193,16961.885723616,VENDI,ALTO
2022-01-16,43098.2,43497.24,42600.0,43104.34,43104.34,48005.1556,48534.114050000004,39.62191374129399,2057.290388628489,6481.6580227,16706.1228906555,VENDI,ALTO
2022-01-17,43104.34,43200.0,41567.64,42218.01,42218.01,47703.1724,48577.62355,36.53136914546715,2026.9382180121684,10963.85191034,16098.477694319003,VENDI,ALTO
2022-01-18,42214.66,42692.71,41287.79,42369.74,42369.74,47393.806,48620.44715,37.43111258970206,1982.5083452970134,13658.50365699,15765.086805982497,VENDI,ALTO
2022-01-19,42372.15,42586.03,41126.0,41674.27,41674.27,47087.53199999999,48655.407699999996,34.98312195687241,1945.188463490084,15642.41727542,15176.5249872655,VENDI,ALTO
2022-01-20,41672.14,43511.99,40555.0,40670.97,40670.97,46756.4214,48682.3423,31.756509059839814,2017.4600018122205,17860.82318928,15119.054079475001,VENDI,ALTO
2022-01-21,40671.77,41127.79,35422.0,36456.94,36456.94,46355.130999999994,48696.1381,22.407991827850495,2280.912144539919,50742.89616126,17183.015801983,VENDI,ALTO
2022-01-22,36456.67,36835.93,34017.56,35066.43,35066.43,45983.6988,48700.3416,20.285894417593667,2319.3019913584967,30044.12486365,18343.5471223915,VENDI,ALTO
2022-01-23,35075.7,36555.55,34625.0,36282.47,36282.47,45724.5258,48712.361150000004,26.81347072766681,2291.533991975747,17440.22740453,18673.4679823915,VENDI,ALTO
2022-01-24,36275.28,37574.63,32933.33,36693.32,36693.32,45468.707800000004,48731.448,28.93094165008374,2459.374421120336,38776.29020908,19796.2661364125,VENDI,ALTO
2022-01-25,36687.58,37579.81,35716.15,36980.0,36980.0,45197.7166,48747.2267,30.44319554805918,2416.823391040312,21597.52201359,19622.758498709496,VENDI,ALTO
2022-01-26,36980.0,38960.0,36254.97,36840.63,36840.63,44922.0196,48763.85310000001,30.10778283929804,2437.409577394575,27403.99125336,19953.955668883,VENDI,ALTO
2022-01-27,36846.22,37249.0,35526.36,37188.37,37188.37,44655.39340000001,48778.4988,32.1174199868897,2386.354607580677,23601.4620954,19827.9187783165,VENDI,ALTO
2022-01-28,37188.37,38023.74,36162.48,37741.9,37741.9,44458.8628,48801.7528,35.30618692723945,2348.8478498963427,22716.16494796,20191.021368149002,VENDI,ALTO
2022-01-29,37741.9,38748.43,37300.0,38191.1,38191.1,44279.266,48829.037599999996,37.85734579790589,2284.532289189461,13103.19076443,20292.469657286998,VENDI,ALTO
2022-01-30,38189.82,38384.07,37365.31,37901.35,37901.35,44049.138,48854.462400000004,36.84796136859738,2194.1199828187855,10632.53591257,19562.478583124,VENDI,ALTO
2022-01-31,37904.99,38785.04,36640.94,38491.93,38491.93,43817.1838,48887.578649999996,40.33962494437162,2190.547126903158,19654.98487168,19560.3545200805,VENDI,ALTO
2022-02-01,38492.53,39300.0,38021.53,38716.88,38716.88,43656.963599999995,48924.22275,41.66269644467059,2125.39876069579,16379.93141492,19566.8403559695,VENDI,ALTO
2022-02-02,38714.27,38888.88,36584.29,36923.39,36923.39,43428.082800000004,48951.170150000005,34.99854354977076,2138.198134931805,13787.58718711,19517.6149760395,VENDI,ALTO
2022-02-03,36923.39,37450.75,36259.01,37329.91,37329.91,43196.9854,48978.878450000004,37.441152575664084,2070.5939824366756,13283.28624677,19504.4917451485,VENDI,ALTO
2022-02-04,37324.61,41788.81,37051.36,41614.64,41614.64,43076.5938,49032.7415,56.14636649657905,2261.083697976913,22537.5582634,20315.450383222,VENDI,ALTO
2022-02-05,41613.75,41970.0,40955.4,41404.85,41404.85,42981.3608,49090.784949999994,55.27490549808254,2172.049148121419,11187.20118795,20550.7275414845,VENDI,ALTO
2022-02-06,41411.59,42719.93,41135.39,42415.16,42415.16,42892.4748,49142.184799999995,58.606932150368884,2130.084208969889,6447.88488893,20324.929190414,VENDI,ALTO
2022-02-07,42416.06,44533.0,41678.79,43868.07,43868.07,42836.0924,49200.086449999995,62.88877951302718,2181.807479757754,20040.49860442,20644.0289377855,MANTIENI STATO ATTUALE,ALTO
2022-02-08,43868.08,45519.24,42688.0,44085.59,44085.59,42779.2828,49252.278099999996,63.4975736547901,2228.1955169179146,20387.64565183,20881.290356606,MANTIENI STATO ATTUALE,ALTO
2022-02-09,44087.58,44865.46,43155.5,44416.35,44416.35,42689.315800000004,49302.9448,64.45250618221337,2191.178694280921,12785.8117079,20627.539782537,MANTIENI STATO ATTUALE,ALTO
2022-02-10,44416.39,45855.0,43210.0,43527.71,43527.71,42587.6976,49343.44205,59.91726397829484,2223.5945018322836,20024.52326862,19091.621137905,MANTIENI STATO ATTUALE,ALTO
2022-02-11,43521.88,43962.13,42000.0,42386.47,42386.47,42418.583,49369.06055000001,54.6033360055531,2204.9184659871203,19367.4151999,18557.7856547175,MANTIENI STATO ATTUALE,ALTO
2022-02-12,42386.47,43050.0,41750.0,42244.97,42244.97,42246.45480000001,49382.933,53.964286843226965,2140.281432702326,8664.419567,18118.995262841,VENDI,ALTO
2022-02-13,42244.91,42781.96,41885.61,42074.99,42074.99,42079.388399999996,49393.132450000005,53.15942482237323,2051.4291875093027,6208.94093653,16490.6277992135,VENDI,ALTO
2022-02-14,42073.37,42876.15,41570.0,42548.71,42548.71,41914.326799999995,49405.6788,55.16633446376853,1998.1949598300669,14805.98338836,16151.050867951999,MANTIENI STATO ATTUALE,ALTO
2022-02-15,42548.71,44775.96,42433.28,44583.52,44583.52,41791.6418,49417.40665,62.582325821643636,2022.8010341279191,14154.73452625,15488.5880315965,MANTIENI STATO ATTUALE,ALTO
2022-02-16,44580.73,44585.69,43330.59,43895.56,43895.56,41718.6912,49429.409400000004,59.02730668489669,1967.9652459759252,9663.44040395,14791.686947024,MANTIENI STATO ATTUALE,ALTO
2022-02-17,43895.55,44195.62,40099.99,40536.73,40536.73,41600.001000000004,49432.765999999996,45.451925120945766,2119.941299834788,18630.10842181,14587.3841207165,MANTIENI STATO ATTUALE,ALTO
2022-02-18,40537.94,40990.9,39425.07,39983.56,39983.56,41457.2306,49436.93585,43.67059872787344,2080.3619212751605,16491.0130588,14756.775235435,VENDI,ALTO
2022-02-19,39993.64,40469.82,39655.0,40101.94,40101.94,41335.0446,49446.48835,44.17482527954316,1989.9660697555062,6277.30201343,14539.013540478001,VENDI,ALTO
2022-02-20,40101.93,40146.07,38000.0,38389.03,38389.03,41148.1566,49439.82145,38.76731677118258,2001.1163504872559,10972.32175685,14104.880384736502,VENDI,ALTO
2022-02-21,38395.99,39506.91,36811.0,37023.0,37023.0,40942.6352,49420.492750000005,35.079370862689174,2050.744468309595,20970.76378699,14334.42200334,VENDI,ALTO
2022-02-22,37022.11,38469.06,36350.0,38251.48,38251.48,40778.4736,49397.40225,40.55606961632273,2055.624149144624,22767.08772002,14783.397029985503,VENDI,ALTO
2022-02-23,38251.67,39276.85,37055.0,37268.19,37268.19,40607.5452,49360.556500000006,37.80687709308497,2067.4974242057224,15510.11329997,14894.7383826455,VENDI,ALTO
2022-02-24,37268.18,39720.0,34322.0,38347.3,38347.3,40505.7704,49333.1473,42.4199479499696,2305.390465333885,42124.51876077,15874.086407513998,VENDI,ALTO
2022-02-25,38347.3,39716.0,38016.44,39238.48,39238.48,40428.8648,49297.912299999996,45.983311357210624,2262.1168606671786,20761.66924479,16352.809810355999,VENDI,ALTO
2022-02-26,39242.71,40300.5,38592.04,39137.8,39137.8,40380.317200000005,49265.623,45.63967974489208,2222.5699420480946,8601.67109728,16460.4991207735,VENDI,ALTO
2022-02-27,39146.97,39875.71,37020.0,37717.08,37717.08,40300.962,49226.440950000004,40.98521201109522,2267.794231901802,14440.23638182,16180.4860096435,VENDI,ALTO
2022-02-28,37716.57,44240.77,37455.71,43192.66,43192.66,40327.2848,49220.29355,58.53623649682601,2590.4560724802445,25699.68423401,16446.0879387525,MANTIENI STATO ATTUALE,ALTO
2022-03-01,43189.61,44993.12,42850.0,44439.95,44439.95,40379.602399999996,49203.325099999995,61.3555946237893,2558.503495874513,22596.96095342,16936.6454010285,MANTIENI STATO ATTUALE,ALTO
2022-03-02,44440.0,45426.45,43342.16,43912.34,43912.34,40402.7804,49187.33854999999,59.51220215541962,2524.6311033120473,17466.98591437,16808.768533315997,MANTIENI STATO ATTUALE,ALTO
2022-03-03,43916.47,44096.45,41811.0,42464.41,42464.41,40373.6612,49164.58815,54.658834025180695,2507.546738789758,19278.28224695,16804.3118856685,MANTIENI STATO ATTUALE,ALTO
2022-03-04,42464.41,42524.87,38577.01,39166.51,39166.51,40305.3584,49130.9084,45.547598096348096,2610.4262574476325,24080.60599433,17575.121207035,MANTIENI STATO ATTUALE,ALTO
2022-03-05,39166.5,39600.0,38587.27,39402.43,39402.43,40231.592599999996,49104.56265,46.238003650705075,2496.3050962013735,8440.51638896,17686.6999796565,VENDI,ALTO
2022-03-06,39407.87,39730.5,38091.02,38408.38,38408.38,40137.796200000004,49073.06465,43.722525066735045,2435.1033036155613,10099.98545246,17451.4000828615,VENDI,ALTO
2022-03-07,38406.82,39556.58,37161.88,37994.0,37994.0,40035.5894,49029.2053,42.680153018798556,2432.2173533573073,19544.28414901,17720.8775639995,VENDI,ALTO
2022-03-08,37991.05,39376.65,37851.54,38749.38,38749.38,39966.216799999995,48976.24019999999,45.242920346912555,2367.4239709746425,19132.76914326,18194.344000965,VENDI,ALTO
2022-03-09,38749.16,42597.84,38655.98,41953.97,41953.97,39957.901399999995,48941.67495,54.530738992236934,2479.8836873335963,24651.67344036,18495.4222518925,MANTIENI STATO ATTUALE,ALTO
2022-03-10,41949.28,42053.84,38560.85,39433.71,39433.71,39913.0902,48892.42035,47.68096776064413,2552.248423952625,20814.01456026,18711.572326965503,MANTIENI STATO ATTUALE,ALTO
2022-03-11,39431.4,40251.51,38234.08,38732.04,38732.04,39874.31159999999,48838.54805,45.95037075020829,2514.0471079560093,15908.57521389,19193.1359869885,VENDI,ALTO
2022-03-12,38732.33,39472.17,38654.02,38813.02,38813.02,39921.4332,48794.200899999996,46.19309793733818,2392.911600244866,5644.14686801,18926.727242546498,VENDI,ALTO
2022-03-13,38815.56,39318.19,37580.86,37793.01,37793.01,39975.9648,48738.2293,43.540735866194204,2346.084343084519,8046.37612453,18280.507859423502,VENDI,ALTO
2022-03-14,37793.4,39906.39,37560.4,39674.17,39674.17,40043.798800000004,48702.34279999999,49.32030785065097,2346.0776042927673,13566.81093809,17820.494020327,VENDI,ALTO
2022-03-15,39678.51,39900.0,38135.0,39298.1,39298.1,40095.8944,48653.44545,48.25678581265272,2304.572061128998,14924.67641882,17791.2221762695,VENDI,ALTO
2022-03-16,39298.11,41717.67,38850.0,41127.97,41127.97,40178.8538,48614.370599999995,53.50990635173014,2344.7933424769267,22805.48259593,16825.2703680275,MANTIENI STATO ATTUALE,ALTO
2022-03-17,41127.96,41486.0,40521.0,40950.33,40950.33,40261.0478,48575.10935,52.94792984666315,2246.2366751571462,15717.77421989,16573.075616782502,MANTIENI STATO ATTUALE,ALTO
2022-03-18,40950.23,42396.04,40130.0,41774.98,41774.98,40352.78,48549.0157,55.295141614469635,2247.651198360207,17181.15226772,17002.049675304497,MANTIENI STATO ATTUALE,ALTO
2022-03-19,41781.37,42429.0,41534.89,42232.26,42232.26,40442.587199999994,48524.6145,56.58837471179423,2150.969684191621,8630.97283924,16711.586498175497,MANTIENI STATO ATTUALE,ALTO
2022-03-20,42232.05,42330.1,40918.72,41287.24,41287.24,40504.51,48486.8514,53.16546695102193,2098.1418496065053,7621.03036678,15807.653804813997,MANTIENI STATO ATTUALE,ALTO
2022-03-21,41287.24,41578.33,40509.0,41017.71,41017.71,40566.837199999994,48445.5431,52.19573043434152,2024.6552889203265,10996.47661055,15227.6295876705,MANTIENI STATO ATTUALE,ALTO
2022-03-22,41017.7,43389.79,40885.19,42378.26,42378.26,40644.563799999996,48407.309400000006,56.508177731338506,2058.937053997446,19913.28660924,15349.944622414001,MANTIENI STATO ATTUALE,ALTO
2022-03-23,42376.03,43036.95,41766.79,42899.71,42899.71,40728.2204,48372.093049999996,58.06942184168175,2002.5958358547712,13745.27563632,15073.2942918825,MANTIENI STATO ATTUALE,ALTO
2022-03-24,42899.71,44241.0,42627.48,44012.29,44012.29,40869.9984,48333.20865,61.26446023194028,1974.8047047222872,21827.93263859,14960.660624095497,MANTIENI STATO ATTUALE,ALTO
2022-03-25,44012.36,45130.91,43605.8,44331.85,44331.85,41010.0372,48291.373849999996,62.15641603767992,1942.683654384981,19128.13735444,15495.041672369498,MANTIENI STATO ATTUALE,ALTO
2022-03-26,44336.19,44820.58,44091.09,44539.42,44539.42,41068.5328,48279.59845,62.75632195329488,1856.0269647860544,7305.17827992,15355.3013137425,MANTIENI STATO ATTUALE,ALTO
2022-03-27,44538.21,46950.0,44437.22,46850.01,46850.01,41177.436,48283.5467,68.70371522862295,1902.9378958727646,10356.10317002,14895.892264792998,MANTIENI STATO ATTUALE,ALTO
2022-03-28,46850.01,48240.0,46662.28,47144.92,47144.92,41272.0312,48287.2713,69.37590007865651,1879.7080461675673,18787.66318707,14878.6369669835,MANTIENI STATO ATTUALE,ALTO
2022-03-29,47146.92,48124.94,46589.0,47454.19,47454.19,41343.753600000004,48300.285,70.10114300178482,1855.1531857270272,15776.65108647,14434.885849289,MANTIENI STATO ATTUALE,ALTO
2022-03-30,47448.41,47717.01,46544.89,47078.03,47078.03,41403.6024,48309.816000000006,67.99204023886597,1806.3651010322396,12672.44584707,14027.807413629498,MANTIENI STATO ATTUALE,ALTO
2022-03-31,47078.02,47624.09,45211.0,45528.45,45528.45,41425.8444,48307.3371,59.98549824383343,1849.7025938156507,17454.79144251,14105.1182250605,MANTIENI STATO ATTUALE,ALTO
2022-04-01,45525.25,46739.24,44232.86,46296.34,46296.34,41481.217,48314.0802,62.35144474716366,1896.6081228288185,18111.13598043,14728.4676806815,MANTIENI STATO ATTUALE,ALTO
2022-04-02,46296.36,47219.46,45642.89,45826.27,45826.27,41550.013,48307.57545,60.01220208072651,1873.7482569124743,8380.14274375,14745.1560116425,MANTIENI STATO ATTUALE,ALTO
2022-04-03,45826.24,47469.4,45552.07,46422.16,46422.16,41633.5568,48298.945649999994,61.960484782784,1876.8612385615834,8773.77185888,14505.504057681997,MANTIENI STATO ATTUALE,ALTO
2022-04-04,46420.08,46900.0,45129.93,46596.83,46596.83,41723.9936,48293.164,62.536677393401106,1869.2332929500417,13802.44111729,14449.392292605498,MANTIENI STATO ATTUALE,ALTO
2022-04-05,46594.39,47200.0,45371.16,45506.5,45506.5,41783.1494,48284.179,56.75732767891084,1866.3480577393243,14390.57308541,14028.646817079501,MANTIENI STATO ATTUALE,ALTO
2022-04-06,45509.92,45523.25,43115.26,43166.7,43166.7,41754.813,48258.43970000001,46.768717001601196,1905.0367679008011,24250.37283725,14455.2767479475,MANTIENI STATO ATTUALE,ALTO
2022-04-07,43166.71,43908.58,42734.69,43452.18,43452.18,41745.9454,48239.421,47.971821642466715,1852.8119987650298,13245.36612438,14258.4874407805,MANTIENI STATO ATTUALE,ALTO
2022-04-08,43444.71,44000.0,42112.0,42262.02,42262.02,41780.4512,48235.66625,43.552423395546306,1855.3254274246706,11929.52123708,14423.414860672498,MANTIENI STATO ATTUALE,ALTO
2022-04-09,42261.9,42816.38,42118.96,42766.93,42766.93,41836.1186,48245.9029,45.83229641256543,1772.617896894337,4805.71689778,14282.649187222501,MANTIENI STATO ATTUALE,ALTO
2022-04-10,42766.46,43443.32,41885.86,42165.96,42165.96,41877.399,48238.857200000006,43.576296006984926,1757.2494756875985,5770.49368126,14021.350040758,MANTIENI STATO ATTUALE,ALTO
2022-04-11,42165.96,42424.14,39204.59,39535.87,39535.87,41900.3358,48212.048599999995,35.37064510337376,1861.6995131384847,17229.3729009,13887.154355341001,MANTIENI STATO ATTUALE,ALTO
2022-04-12,39535.88,40705.68,39250.0,40086.23,40086.23,41961.6004,48198.23514999999,38.00154617825478,1832.6981193428787,13866.41847396,13893.211497223001,VENDI,ALTO
2022-04-13,40086.7,41570.88,39550.0,41146.68,41146.68,42019.504400000005,48190.441,42.830644126655855,1846.1396822469587,11457.63380548,13374.696555567501,VENDI,ALTO
2022-04-14,41147.15,41512.43,39573.8,39954.08,39954.08,42073.2222,48174.321299999996,39.13850016519375,1852.7461335150329,11020.37202049,12969.30828887,VENDI,ALTO
2022-04-15,39953.62,40850.0,39770.22,40554.58,40554.58,42117.3678,48166.2354,41.856372386651465,1797.5342668353878,6448.01134712,12926.449942230001,VENDI,ALTO
2022-04-16,40554.6,40699.99,40005.0,40387.6,40387.6,42140.35020000001,48163.04305,41.304021757046925,1718.7811049185743,4084.16565112,12612.853066284999,VENDI,ALTO
2022-04-17,40387.6,40605.46,39553.07,39683.54,39683.54,42151.265,48153.84995,38.9689416895829,1671.1817402815334,4833.31493601,11915.135653732,VENDI,ALTO
2022-04-18,39681.11,41100.0,38550.0,40803.58,40803.58,42212.995,48138.7457,44.35808858197828,1733.9544731185667,13090.79423386,11780.8428111015,VENDI,ALTO
2022-04-19,40810.87,41772.94,40571.99,41503.85,41503.85,42179.2188,48105.43615,47.480610267745014,1695.8827250386694,10218.113707,11658.126204098,VENDI,ALTO
2022-04-20,41501.56,42209.58,40900.0,41377.61,41377.61,42117.972,48074.03575,46.96889320655973,1668.2896732501931,14609.28392672,11515.8508283085,VENDI,ALTO
2022-04-21,41371.88,43109.47,39744.75,40480.81,40480.81,42049.3414,48035.269850000004,43.3912345025949,1789.4632680180366,17204.35326683,11470.5116926285,VENDI,ALTO
2022-04-22,40483.38,40802.65,39174.8,39712.25,39712.25,41994.298200000005,47987.6034,40.541188197394476,1777.9194631596054,16871.32104798,11895.07060784,VENDI,ALTO
2022-04-23,39712.2,39993.82,39296.19,39465.87,39465.87,42000.2854,47927.462799999994,39.64226876660492,1700.7559300767762,6957.16710365,11804.2403700785,VENDI,ALTO
2022-04-24,39459.63,39945.74,39000.0,39464.56,39464.56,42001.528,47848.088200000006,39.637236331429015,1646.8262207855778,6436.45656858,11435.941142643,VENDI,ALTO
2022-04-25,39463.75,40605.3,38210.24,40439.22,40439.22,42042.144799999995,47781.29520000001,45.21019675911738,1700.2714907294655,20515.87532995,11742.206254870001,VENDI,ALTO
2022-04-26,40440.9,40817.16,37700.0,38113.82,38113.82,42044.5412,47702.04520000001,36.54184505037548,1801.4778128202183,21648.1142493,11612.0933254725,VENDI,ALTO
2022-04-27,38118.43,39470.0,37882.83,39251.11,39251.11,42054.5758,47623.489299999994,42.36239826827892,1786.1701119044883,20832.19649199,11991.434843853,VENDI,ALTO
2022-04-28,39251.02,40400.0,38883.83,39743.22,39743.22,42010.3608,47548.75275000001,44.724951533836155,1766.8843896255962,16718.83057299,12230.9003106485,VENDI,ALTO
2022-04-29,39741.21,39926.8,38161.85,38593.1,38593.1,41993.548599999995,47454.281050000005,40.54231698269675,1766.746218938054,14282.25993546,12704.727462532499,VENDI,ALTO
2022-04-30,38592.27,38795.0,37590.0,37644.1,37644.1,41971.789800000006,47362.476050000005,37.431694743080875,1726.6214890139074,6931.07200088,12762.756378513499,VENDI,ALTO
2022-05-01,37640.35,38675.37,37401.0,38473.05,38473.05,41964.9904,47268.004700000005,41.64355851389281,1694.3178112272,7980.89975954,12300.3327214455,VENDI,ALTO
2022-05-02,38469.49,39181.27,38041.0,38510.89,38510.89,41979.348,47173.7616,41.836036644264546,1654.7429675681142,17946.98346298,12504.3609708965,VENDI,ALTO
2022-05-03,38510.88,38643.48,37505.01,37719.59,37719.59,41940.2564,47053.8826,38.9433547797613,1617.8663270275347,17946.99450089,12828.829005667,VENDI,ALTO
2022-05-04,37719.58,40038.27,37651.38,39669.56,39669.56,41947.685600000004,46947.8433,48.40983445982339,1672.7965893827109,21513.95419034,13353.5081141595,VENDI,ALTO
2022-05-05,39669.56,39864.55,35568.0,36537.22,36537.22,41855.8706,46822.89385000001,38.17166483339357,1860.207547283946,28832.99792317,14472.757442962,VENDI,ALTO
2022-05-06,36537.22,36664.4,35255.4,35999.1,35999.1,41756.846,46692.6773,36.734336955989264,1827.9784367636641,28626.6487821,15699.881599511,VENDI,ALTO
2022-05-07,35999.1,36125.0,34785.0,35458.0,35458.0,41630.5064,46548.4516,35.29516385470508,1793.1228341376882,11372.45319184,16026.838512302498,VENDI,ALTO
2022-05-08,35458.0,35499.93,33701.0,34027.91,34027.91,41466.4194,46388.458450000006,31.754265802476468,1793.537631699282,22357.51152059,16490.174376639,VENDI,ALTO
2022-05-09,34033.49,34231.54,30010.0,30078.27,30078.27,41242.24,46227.829699999995,24.45674033661976,1966.9663722921905,55136.45332765,18736.091357671503,VENDI,ALTO
2022-05-10,30078.27,32645.49,29735.05,31002.39,31002.39,41041.933600000004,46079.403450000005,28.591758503507137,2034.3573456998913,55818.01900282,20796.528111476502,VENDI,ALTO
2022-05-11,31002.39,32185.9,27682.38,28972.34,28972.34,40773.8152,45917.7651,25.313809067534905,2210.7261067213276,61128.25296303,22992.7230962865,VENDI,ALTO
2022-05-12,28977.75,30091.2,25338.53,28941.95,28941.95,40494.66,45758.202450000004,25.267108133054975,2392.2935276698045,70702.60931849,25684.287509812002,VENDI,ALTO
2022-05-13,28941.95,30990.0,28662.7,29232.18,29232.18,40199.0578,45588.945649999994,26.658703389026215,2387.6511328362467,34643.05118869,27068.581714064,VENDI,ALTO
2022-05-14,29234.73,30287.58,28564.38,30041.88,30041.88,39913.2584,45437.46695,30.54445127202969,2340.1903376336577,15245.46818403,27509.0322948365,VENDI,ALTO
2022-05-15,30041.9,31418.35,29436.06,31290.05,31290.05,39648.271,45301.63984999999,36.159536481677456,2314.626027802682,16440.89298551,27305.283177614496,VENDI,ALTO
2022-05-16,31290.02,31293.31,29055.0,29839.89,29839.89,39308.0686,45147.881049999996,32.837903169377384,2309.1748829596336,22646.18507353,27355.186718826,VENDI,ALTO
2022-05-17,29839.89,30750.0,29415.01,30412.12,30412.12,38973.4126,44988.55805000001,35.361161751767284,2239.590248462517,19833.30676705,27305.242232579,VENDI,ALTO
2022-05-18,30412.1,30675.92,28605.0,28672.94,28672.94,38597.787599999996,44822.4607,31.488988217716667,2227.5423735723375,28348.42643576,27886.7220257175,VENDI,ALTO
2022-05-19,28671.5,30500.0,28645.2,30274.59,30274.59,38261.7188,44667.11525,38.20050921104561,2200.9179183171705,29009.9710577,28623.1075818295,VENDI,ALTO
2022-05-20,30274.59,30729.83,28690.92,29155.75,29155.75,37934.2648,44508.1463,35.57850538297531,2189.3459241516584,34328.18791921,29992.963377746004,VENDI,ALTO
2022-05-21,29155.74,29613.34,28913.26,29408.26,29408.26,37596.50320000001,44338.85505,36.63557825117265,2082.9697867122545,9998.48360206,30093.842569872002,VENDI,ALTO
2022-05-22,29407.4,30457.9,29211.0,30260.87,30260.87,37285.1952,44175.482350000006,40.20343097508554,2023.250516232808,11774.13662231,29785.200227838497,VENDI,ALTO
2022-05-23,30258.04,30635.39,28847.72,29082.52,29082.52,36938.4024,44013.67245,37.09470836695492,2006.4233365018931,25413.0825529,30158.504630439,VENDI,ALTO
2022-05-24,29079.31,29802.0,28611.0,29626.44,29626.44,36598.9946,43856.7739,39.4231788599813,1948.1788124660438,17077.03870179,29936.658856011498,VENDI,ALTO
2022-05-25,29627.61,30192.08,29296.12,29503.49,29503.49,36278.9344,43696.594800000006,39.07111812854036,1873.0203258613267,17180.56600794,29354.037260250003,VENDI,ALTO
2022-05-26,29503.48,29850.0,28000.0,29166.06,29166.06,35998.921599999994,43525.87945,38.066392433144,1871.376016871232,26598.58606063,29252.6341241765,VENDI,ALTO
2022-05-27,29166.06,29355.4,28220.0,28598.31,28598.31,35701.8442,43331.0968,36.37161605700338,1818.8063013804299,21035.53736928,29735.7883330485,VENDI,ALTO
2022-05-28,28598.31,29239.52,28500.0,29008.99,29008.99,35436.783599999995,43141.41845,38.50439504357855,1741.7144227103993,7717.34367577,29003.7799408075,VENDI,ALTO
2022-05-29,29008.99,29550.0,28809.84,29447.07,29447.07,35170.3864,42964.092800000006,40.78455095307211,1670.1748210882279,6727.92770357,26583.3536596035,VENDI,ALTO
2022-05-30,29447.08,32232.16,29273.65,31711.42,31711.42,34961.2956,42798.611950000006,50.91529734000471,1762.1987624390688,24915.37275974,25038.2213474495,VENDI,ALTO
2022-05-31,31716.67,32383.96,31195.9,31784.05,31784.05,34806.2592,42636.792700000005,51.20366779767426,1721.188850836278,21187.77667355,23041.1975329755,VENDI,ALTO
2022-06-01,31784.18,31964.56,29308.01,29788.79,29788.79,34600.3104,42463.736600000004,43.62179833079895,1788.0003614908298,26857.46263482,20848.940198792,VENDI,ALTO
2022-06-02,29789.19,30655.0,29558.61,30433.75,30433.75,34386.0518,42288.380249999995,46.38540498531043,1738.5996213843418,18519.12608247,20042.743943481,VENDI,ALTO
2022-06-03,30429.12,30674.95,29213.47,29670.85,29670.85,34180.3872,42118.611549999994,43.659189398430534,1718.8053627140318,15016.78184772,20031.3096266655,VENDI,ALTO
2022-06-04,29672.77,29952.0,29454.14,29843.18,29843.18,33966.1592,41967.28755,44.45336141992141,1631.5949796630298,6390.75942952,19528.802948866003,VENDI,ALTO
2022-06-05,29837.56,30158.44,29505.65,29901.54,29901.54,33756.437999999995,41815.0377,44.737455020992265,1561.6803382585276,5482.4963235,18670.6185113645,VENDI,ALTO
2022-06-06,29899.62,31745.0,29866.44,31343.61,31343.61,33589.6394,41687.26575,51.35769265714798,1584.31459981149,20384.91220986,18698.198783505002,VENDI,ALTO
2022-06-07,31349.59,31549.21,29200.0,31106.9,31106.9,33395.705799999996,41552.18945,50.29266161942584,1638.949985539241,23234.0811685,18442.481520142002,VENDI,ALTO
2022-06-08,31111.0,31306.32,29829.98,30177.0,30177.0,33169.1688,41404.27065,46.236235648585556,1627.3349865721523,16775.53319148,17830.759626831,VENDI,ALTO
2022-06-09,30182.92,30679.72,29904.0,30079.62,30079.62,32943.209,41261.3127,45.819455462943864,1566.5053446741415,13334.23491125,16781.061976433,VENDI,ALTO
2022-06-10,30079.59,30337.83,28821.15,29063.11,29063.11,32714.855,41125.2242,41.603632057370724,1562.9463914831315,23208.77056569,17441.5763246145,VENDI,ALTO
2022-06-11,29058.79,29411.11,28080.01,28388.63,28388.63,32488.3826,40979.3331,39.03706980487209,1546.3859349486224,13276.76193059,17516.707590028498,VENDI,ALTO
2022-06-12,28395.03,28516.33,26532.95,26555.2,26555.2,32230.1692,40826.2958,33.065650507022454,1577.5997967380067,18661.94193886,17179.1505593265,VENDI,ALTO
2022-06-13,26555.17,26869.35,21920.0,22460.97,22460.97,31890.0974,40643.664300000004,24.17311571150111,1818.4390969710062,81724.84469418,20411.540858946002,VENDI,ALTO
2022-06-14,22460.97,23299.22,20816.4,22120.25,22120.25,31523.717999999997,40485.4772,23.60420008380345,1865.8948757587914,47382.80135514,21921.652626306,VENDI,ALTO
2022-06-15,22120.23,22769.12,20071.0,22562.33,22562.33,31212.688199999997,40324.4936,26.036518901326943,1925.3395274903062,62040.45345538,23693.7459960435,VENDI,ALTO
2022-06-16,22562.33,22974.1,20200.0,20372.0,20372.0,30835.106,40139.76775,22.255701729922222,1985.9652755267127,37587.2170128,24521.329978219503,VENDI,ALTO
2022-06-17,20371.96,21338.7,20209.73,20447.86,20447.86,30449.198800000002,39952.816750000005,22.674508235523575,1924.751327274805,25560.04919013,25413.465253937502,VENDI,ALTO
2022-06-18,20447.86,20750.0,17567.45,18948.89,18948.89,30056.314599999998,39762.62135,20.342577547965405,2014.5940896123188,52894.97568032,27721.817652774997,VENDI,ALTO
2022-06-19,18944.66,20795.11,17934.26,20552.44,20552.44,29714.481399999997,39579.251050000006,28.780767514248907,2075.0409403542963,29383.34368967,27945.216199271497,VENDI,ALTO
2022-06-20,20552.39,21041.62,19603.8,20549.75,20549.75,29356.0154,39399.3925,28.775260746328655,2029.525158900418,24904.11647858,28131.033189522997,VENDI,ALTO
2022-06-21,20547.68,21711.0,20328.03,20696.96,20696.96,28999.7368,39234.6871,29.569452155666255,1983.3426475503884,23770.75139634,27976.697627598995,VENDI,ALTO
2022-06-22,20699.63,20873.52,19751.51,19968.46,19968.46,28644.714200000002,39088.323800000006,27.910842498054677,1921.818887011075,26569.63207564,28379.2229272575,VENDI,ALTO
2022-06-23,19970.07,21211.97,19869.41,21104.45,21104.45,28273.412,38946.42494999999,34.11675344249532,1880.4432522245697,21460.76883515,28701.422276629,VENDI,ALTO
2022-06-24,21104.45,21537.46,20712.54,21223.72,21223.72,27967.142000000003,38799.89575,34.75185786010955,1805.0487342085291,21361.7652594,29449.972568123,VENDI,ALTO
2022-06-25,21221.13,21594.5,20900.0,21478.04,21478.04,27676.7208,38654.15855,36.16492721684116,1725.7238246222057,12877.9734191,29819.746422903,VENDI,ALTO
2022-06-26,21474.14,21866.0,20944.68,21027.92,21027.92,27388.1192,38506.69975,34.731260026290244,1668.2664085777626,11145.88852674,29357.795238747,VENDI,ALTO
2022-06-27,21024.85,21520.0,20500.0,20725.17,20725.17,27122.0644,38372.48345,33.76180659136402,1621.9616651079225,17440.94268269,29068.138314456497,VENDI,ALTO
2022-06-28,20722.95,21189.99,20164.7,20252.89,20252.89,26925.556800000002,38237.8932,32.2495344560201,1579.3422604573568,17658.6604167,29112.2946757175,VENDI,ALTO
2022-06-29,20253.5,20410.91,19823.43,20094.79,20094.79,26707.4048,38091.3284,31.737041720288815,1508.4949561389742,18278.45185883,29359.5055230965,VENDI,ALTO
2022-06-30,20098.0,20143.53,18603.0,19985.62,19985.62,26527.6704,37940.808300000004,31.36637405274159,1510.783173557619,28361.45876221,29617.139932922502,VENDI,ALTO
2022-07-01,19985.62,20879.99,18938.33,19252.76,19252.76,26333.8866,37803.432649999995,28.92417201417544,1541.5600897320749,32977.00052272,30602.151862529,VENDI,ALTO
2022-07-02,19252.76,19422.02,18955.02,19224.03,19224.03,26133.723599999998,37657.71565,28.829406077675998,1464.8057976083553,10707.74160684,30204.441845928006,VENDI,ALTO
2022-07-03,19225.54,19622.33,18755.75,19291.33,19291.33,25918.712600000003,37509.7484,29.412825979502983,1422.075383493473,11826.36538269,26709.517880353502,VENDI,ALTO
2022-07-04,19291.35,20331.76,19029.33,20211.35,20211.35,25697.1386,37372.63405,37.014170091089056,1413.5292846725106,14462.57230204,25063.5064276985,VENDI,ALTO
2022-07-05,20212.42,20734.89,19274.95,20153.51,20153.51,25503.411,37242.5691,36.746257324278154,1416.8443357673311,21938.40185419,23058.403847639,VENDI,ALTO
2022-07-06,20153.74,20650.0,19743.0,20542.67,20542.67,25306.022,37110.98515,39.89833209843134,1380.4268832125217,18489.12900774,22103.499447386,VENDI,ALTO
2022-07-07,20542.66,21855.72,20224.8,21614.6,21614.6,25164.8552,36985.622200000005,47.63842074772855,1398.3192486973417,25211.332802,22086.0636279795,VENDI,ALTO
2022-07-08,21618.04,22490.54,21172.0,21582.2,21582.2,24991.0074,36858.90285,47.43955349641633,1392.6207309332458,25311.00378887,20706.865033407,VENDI,ALTO
2022-07-09,21582.28,21959.3,21311.04,21583.99,21583.99,24839.5722,36722.2493,47.4526046774283,1339.4521072951568,9424.31410235,19708.913554041,VENDI,ALTO
2022-07-10,21582.23,21595.75,20636.53,20850.65,20850.65,24668.42,36583.459449999995,42.767282602254696,1312.2926710597887,9610.90399408,18944.252929816,VENDI,ALTO
2022-07-11,20850.65,20854.32,19860.12,19942.43,19942.43,24462.0512,36428.9606,37.79066471927411,1289.5717659840896,16061.45339697,18558.7880298475,VENDI,ALTO
2022-07-12,19942.44,20037.46,19226.47,19303.65,19303.65,24266.4738,36271.22195,34.72963341708487,1255.387354128083,21631.52226271,18311.882539201,VENDI,ALTO
2022-07-13,19304.71,20330.71,18892.0,20220.23,20220.23,24078.349600000005,36120.18155,41.99046515680973,1268.4818288332199,28211.91563971,18649.439879429003,VENDI,ALTO
2022-07-14,20219.69,20893.73,19607.14,20577.02,20577.02,23899.820200000002,35969.0577,44.57511719895207,1269.775269630847,24371.50910244,18799.927071581,VENDI,ALTO
2022-07-15,20574.96,21196.37,20368.67,20827.55,20827.55,23733.05,35819.6066,46.38165822381719,1238.1984646572153,17731.34162095,19042.5954816735,VENDI,ALTO
2022-07-16,20823.06,21582.71,20475.94,21189.68,21189.68,23584.8774,35687.839550000004,48.97077402669227,1228.8107171817,12479.60342503,19109.281226588,VENDI,ALTO
2022-07-17,21189.23,21667.1,20750.1,20791.74,20791.74,23420.532400000004,35559.44205,46.32362490261853,1206.538523097293,11450.67396279,18809.767790593,VENDI,ALTO
2022-07-18,20791.74,22777.0,20755.95,22427.56,22427.56,23280.1422,35435.969450000004,56.688176329887916,1264.7179143046292,31445.5132866,19499.110434088,VENDI,ALTO
2022-07-19,22434.97,23800.0,21578.57,23395.06,23395.06,23113.815,35321.88855,61.43166984491969,1333.0544918542985,34808.90125305,20325.632903799,MANTIENI STATO ATTUALE,ALTO
2022-07-20,23398.46,24287.13,22899.0,23226.99,23226.99,22942.6738,35199.356349999995,60.198281489156074,1336.9884567218487,34094.81155381,20612.300543379,MANTIENI STATO ATTUALE,ALTO
2022-07-21,23225.24,23434.65,22340.07,23153.96,23153.96,22809.977199999998,35078.6308,59.63797430498592,1319.6735669560026,24113.43095206,20169.122064846,MANTIENI STATO ATTUALE,ALTO
2022-07-22,23152.76,23763.55,22505.56,22687.68,22687.68,22655.055800000002,34959.7714,56.0507875515246,1315.2675978877166,20884.25890814,20677.947929911003,MANTIENI STATO ATTUALE,ALTO
2022-07-23,22688.85,23006.16,21941.01,22450.69,22450.69,22510.6526,34842.9518,54.26424730814565,1297.4020551814515,12592.30066753,20716.244694153,MANTIENI STATO ATTUALE,ALTO
2022-07-24,22451.36,23036.46,22263.85,22583.43,22583.43,22365.457599999998,34738.68875,55.12697338081291,1259.9169083827765,9132.96152481,20449.7641552915,MANTIENI STATO ATTUALE,ALTO
2022-07-25,22583.37,22665.74,21254.97,21313.41,21313.41,22193.695,34629.837,46.15601523273004,1270.6921292125783,22277.31378773,20466.7097519685,MANTIENI STATO ATTUALE,ALTO
2022-07-26,21312.06,21344.43,20715.0,21261.57,21261.57,21992.0542,34528.31895,45.82818690895563,1224.8876914116797,19333.35688939,20508.921146051,VENDI,ALTO
2022-07-27,21260.22,23110.73,21045.73,22962.59,22962.59,21829.168,34434.7077,56.6966627206235,1284.8957134537027,24206.7301153,20458.691011715997,MANTIENI STATO ATTUALE,ALTO
2022-07-28,22960.74,24206.11,22580.86,23851.7,23851.7,21702.662,34344.583600000005,61.09084282722095,1309.2067339212954,25681.25351287,20477.203497916,MANTIENI STATO ATTUALE,ALTO
2022-07-29,23851.66,24450.0,23429.71,23784.5,23784.5,21576.7596,34254.38575,60.5903950877048,1288.5698243554887,18431.00204878,20927.5378952375,MANTIENI STATO ATTUALE,ALTO
2022-07-30,23787.84,24666.0,23516.11,23650.13,23650.13,21468.500000000004,34158.8692,59.54010340303404,1278.664122615811,13265.47821461,21110.266606264002,MANTIENI STATO ATTUALE,ALTO
2022-07-31,23648.15,24192.18,23240.01,23307.44,23307.44,21366.876200000002,34055.80454999999,56.83427491943039,1255.343113857539,7969.64723008,20705.6762979195,MANTIENI STATO ATTUALE,ALTO
2022-08-01,23307.44,23518.89,22850.0,23273.86,23273.86,21301.2494,33959.2656,56.56301403920167,1213.4536057248577,12543.48560075,20251.2744648215,MANTIENI STATO ATTUALE,ALTO
2022-08-02,23273.85,23464.97,22659.06,22989.4,22989.4,21311.818,33858.759000000005,54.20294387373508,1184.3433481730822,15013.77828925,19591.3675972985,MANTIENI STATO ATTUALE,ALTO
2022-08-03,22994.78,23650.96,22694.56,22825.0,22825.0,21325.912999999997,33757.393000000004,52.83096875089496,1168.0616804464332,23966.78092491,19571.131188421998,MANTIENI STATO ATTUALE,ALTO
2022-08-04,22824.88,23234.29,22392.88,22623.94,22623.94,21327.1452,33654.991,51.12654204423385,1144.7294175574023,21755.96366822,19772.362290785502,MANTIENI STATO ATTUALE,ALTO
2022-08-05,22624.44,23478.58,22589.83,23320.81,23320.81,21386.1214,33560.505,56.37936230327223,1126.4451734461593,26745.91293062,20485.677766065,MANTIENI STATO ATTUALE,ALTO
2022-08-06,23320.71,23357.19,22917.49,22960.93,22960.93,21436.3828,33463.46095,53.19943550239086,1077.3919467714334,9285.19244923,20377.403690387,MANTIENI STATO ATTUALE,ALTO
2022-08-07,22960.86,23405.02,22852.13,23177.39,23177.39,21520.9528,33370.97655,54.848998760691984,1039.9275220020452,8297.19227173,19219.9876396435,MANTIENI STATO ATTUALE,ALTO
2022-08-08,23180.26,24251.08,23158.32,23815.65,23815.65,21586.217,33286.69995,59.39379995364585,1043.7012704304707,24093.33217697,18684.2091858395,MANTIENI STATO ATTUALE,ALTO
2022-08-09,23815.68,23929.35,22871.66,23158.27,23158.27,21638.387400000003,33220.2066,53.42860202583962,1044.7004653997228,22349.07822206,18096.922519252003,MANTIENI STATO ATTUALE,ALTO
2022-08-10,23158.32,24224.67,22666.23,23962.18,23962.18,21703.6918,33164.68535,58.86897756260843,1081.3961464425997,25974.49772434,18189.975857866,MANTIENI STATO ATTUALE,ALTO
2022-08-11,23959.3,24929.99,23862.66,23944.86,23944.86,21783.2198,33102.9973,58.70984988869899,1080.3914216967,29681.35922757,18629.830873837498,MANTIENI STATO ATTUALE,ALTO
2022-08-12,23944.85,24463.01,23600.01,24415.18,24415.18,21849.4344,33041.6066,61.73464014978825,1064.8634630040788,17244.15100332,18862.423390627002,MANTIENI STATO ATTUALE,ALTO
2022-08-13,24415.08,24898.91,24302.36,24456.49,24456.49,21914.0898,32978.98905,61.997971168101515,1031.4125013609303,13678.30446343,19089.690537558003,MANTIENI STATO ATTUALE,ALTO
2022-08-14,24456.17,25054.1,24151.63,24316.71,24316.71,21970.8632,32916.36945,60.481298542547066,1022.2023226922922,23306.17100393,19141.133398368,MANTIENI STATO ATTUALE,ALTO
2022-08-15,24316.58,25214.57,23777.0,24097.82,24097.82,22032.2612,32850.9167,58.08498405496199,1051.8714424999857,27821.25610894,19565.528359345502,MANTIENI STATO ATTUALE,ALTO
2022-08-16,24099.7,24253.98,23668.0,23857.93,23857.93,22094.916400000002,32781.496849999996,55.49015044086584,1018.5934823214153,19601.90580439,19335.2871438,MANTIENI STATO ATTUALE,ALTO
2022-08-17,23857.89,24448.49,23180.14,23341.17,23341.17,22156.681999999997,32707.2472,50.279433899551364,1036.4332335841716,22747.43895287,19188.5964158,MANTIENI STATO ATTUALE,ALTO
2022-08-18,23344.42,23600.0,23107.27,23189.46,23189.46,22218.5754,32633.687750000005,48.829741138060236,997.5972883281593,13825.6308966,18958.327858191,MANTIENI STATO ATTUALE,ALTO
2022-08-19,23188.94,23206.76,20782.39,20834.94,20834.94,22235.561800000003,32545.402799999996,32.95072908304961,1099.5096248761479,45962.7257428,20593.1902346005,MANTIENI STATO ATTUALE,ALTO
2022-08-20,20834.94,21372.93,20760.93,21139.23,21139.23,22273.2912,32457.51455,35.853942776230596,1064.687508813566,21809.4048831,21285.1781172515,VENDI,ALTO
2022-08-21,21139.22,21795.08,21067.33,21518.62,21518.62,22319.182999999997,32380.490700000002,39.37842283363082,1040.6205438983113,16024.82128336,21459.244901381997,VENDI,ALTO
2022-08-22,21514.45,21540.0,20889.69,21398.25,21398.25,22361.321399999997,32300.832400000003,38.65278003468743,1012.7412193341464,26215.93682469,22019.352828154,VENDI,ALTO
2022-08-23,21396.37,21679.52,20889.69,21528.34,21528.34,22387.661200000002,32200.400900000004,39.94089249853135,996.8189893817075,22744.05096265,21958.216330041,VENDI,ALTO
2022-08-24,21526.74,21925.0,21147.41,21367.12,21367.12,22411.9334,32100.21225,38.85212936151731,981.1597758544427,22538.91385671,21997.3638394655,VENDI,ALTO
2022-08-25,21367.12,21818.32,21307.32,21561.86,21561.86,22432.317199999998,31995.94575,40.94616785399593,947.5769347219825,17065.2835044,21513.3323681545,VENDI,ALTO
2022-08-26,21561.49,21878.05,20112.78,20240.72,20240.72,22404.8396,31877.809000000005,32.751778881586205,1005.983582241841,37169.02639568,22907.524065477,VENDI,ALTO
2022-08-27,20240.63,20389.14,19800.0,20036.69,20036.69,22373.9294,31757.5645,31.696788627572843,976.209040653138,22160.97938125,23600.713420953,VENDI,ALTO
2022-08-28,20035.3,20164.26,19513.74,19554.03,19554.03,22333.3302,31633.2529,29.29293303039968,952.9455377493422,17117.31912737,23251.912768472997,VENDI,ALTO
2022-08-29,19552.31,20427.19,19545.57,20286.97,20286.97,22322.056599999996,31517.049199999998,37.0946867988321,947.850856481532,33436.35652183,23806.2766834615,VENDI,ALTO
2022-08-30,20286.95,20582.64,19540.14,19813.17,19813.17,22319.471400000002,31404.1827,34.44855346929917,954.611509589994,46462.27938622,24830.6657665555,VENDI,ALTO
2022-08-31,19813.97,20489.0,19799.97,20048.26,20048.26,22334.363600000004,31293.19915,36.85546200689524,935.6414017621372,36587.60323535,25175.9779669445,VENDI,ALTO
2022-09-01,20048.27,20205.53,19561.01,20133.65,20133.65,22332.631999999998,31183.49245,37.7495440760566,914.8470159219845,23858.64862602,25506.702848079498,VENDI,ALTO
2022-09-02,20132.67,20444.0,19755.0,19953.74,19953.74,22320.166400000002,31070.517600000003,36.574503122367815,898.7150862132713,19929.54590305,25819.2649200605,VENDI,ALTO
2022-09-03,19953.4,20053.9,19655.0,19835.47,19835.47,22300.3248,30946.77735,35.78590227248425,863.0140086266092,9538.49811675,25130.8812757015,VENDI,ALTO
2022-09-04,19833.59,20026.2,19588.27,20004.73,20004.73,22276.625799999994,30827.323200000003,37.85116920622273,832.65086515328,10670.60766559,24273.348853534,VENDI,ALTO
2022-09-05,20003.85,20060.0,19633.11,19794.58,19794.58,22256.682599999996,30723.612449999997,36.29054258890416,803.6679462137599,13935.11385555,23990.009256092002,VENDI,ALTO
2022-09-06,19794.59,20179.86,18663.25,18790.91,18790.91,22183.9496,30617.6492,29.941122992922203,854.5923786270629,34029.11126955,24554.092871926,VENDI,ALTO
2022-09-07,18790.77,19466.09,18527.0,19293.52,19293.52,22101.9188,30513.6071,35.9815874433408,860.6279230108441,25583.39915964,25141.981285077996,VENDI,ALTO
2022-09-08,19293.03,19460.7,19014.43,19321.87,19321.87,22023.8164,30418.271300000004,36.315129080020945,831.0309285100697,20327.61614165,23860.2258050205,VENDI,ALTO
2022-09-09,19322.56,21616.21,19294.49,21364.5,21364.5,21988.0272,30339.978800000004,54.64897532693465,937.5087193307788,39579.81208118,24748.7461649245,VENDI,ALTO
2022-09-10,21366.61,21815.15,21127.1,21651.52,21651.52,21967.304,30256.979,56.54215835505262,919.6902393785806,17750.76003376,24835.043102444502,VENDI,ALTO
2022-09-11,21656.03,21865.66,21356.37,21831.72,21831.72,21954.9246,30179.796649999997,57.73508251348408,890.375936565825,14386.63340528,24243.577931474,VENDI,ALTO
2022-09-12,21830.16,22490.05,21555.0,22402.71,22402.71,21951.3102,30100.073699999997,61.35498262479585,893.5669410968374,28404.49469955,24526.600118319002,MANTIENI STATO ATTUALE,ALTO
2022-09-13,22402.58,22800.0,19855.0,20174.78,20174.78,21928.537600000003,30004.7552,45.11748319100306,1040.0978738756346,37351.56014939,25267.232432953002,MANTIENI STATO ATTUALE,ALTO
2022-09-14,20174.78,20545.0,19625.0,20227.77,20227.77,21907.8616,29910.205050000004,45.48701035882803,1031.5194543130892,25139.52734416,25670.944624941,VENDI,ALTO
2022-09-15,20227.7,20336.42,19500.0,19703.67,19703.67,21842.6832,29820.138000000003,42.4431489428971,1017.5837790050114,21124.30384367,24868.7084973405,VENDI,ALTO
2022-09-16,19703.65,19890.95,19305.0,19801.04,19801.04,21761.67,29703.179900000003,43.20357013732656,986.7527947903678,24863.81492556,25003.850274556,VENDI,ALTO
2022-09-17,19800.26,20183.14,19748.89,20113.37,20113.37,21688.247400000004,29581.547000000002,45.68253240216673,947.2883094481987,11557.14724341,24725.841680358,VENDI,ALTO
2022-09-18,20113.37,20119.08,19335.57,19417.64,19417.64,21603.597599999997,29459.073500000002,41.35275978160886,935.5898587733275,16437.90668757,23875.919188645,VENDI,ALTO
2022-09-19,19417.56,19689.62,18255.0,19540.38,19540.38,21528.2564,29344.45335,42.390149029421686,971.2348688609469,30961.4463315,23100.877535909,VENDI,ALTO
2022-09-20,19538.31,19638.46,18722.0,18876.91,18876.91,21440.317400000004,29243.005350000003,38.43270344759881,967.3223782280221,27437.23361358,22643.359054820503,VENDI,ALTO
2022-09-21,18876.14,19949.97,18153.13,18462.64,18462.64,21349.782199999998,29138.306399999998,36.16254646264101,1026.5736369260205,44344.46282424,23667.649764731505,VENDI,ALTO
2022-09-22,18462.66,19521.8,18358.63,19401.25,19401.25,21281.307200000003,29043.270749999996,44.20415925046194,1036.3305200027332,41006.95212665,24721.5200759115,VENDI,ALTO
2022-09-23,19399.93,19500.0,18529.0,19286.01,19286.01,21214.5486,28949.7308,43.47995766478054,1031.6640542882524,30781.38249694,25783.664294921,VENDI,ALTO
2022-09-24,19286.03,19311.4,18808.13,18923.2,18923.2,21126.596400000002,28850.599899999997,41.19189062595697,993.9216218390916,17644.76169841,26132.371996562,VENDI,ALTO
2022-09-25,18920.93,19184.3,18619.88,18808.61,18808.61,21043.55,28734.8731,40.46755679307231,963.2429345648707,14499.16320537,26160.574464053,VENDI,ALTO
2022-09-26,18806.3,19320.86,18681.02,19228.0,19228.0,20964.5622,28633.84455,44.3261943686426,940.1427249530942,33108.05445715,26114.521623433,VENDI,ALTO
2022-09-27,19226.94,20383.15,18821.55,19077.57,19077.57,20869.8006,28535.572200000002,43.24350897409583,984.5325303135877,51860.03004114,27428.353167508,VENDI,ALTO
2022-09-28,19077.56,19773.67,18487.0,19412.07,19412.07,20794.8766,28438.567449999995,46.37980174533676,1006.1137781483313,43710.30467197,28597.487594023998,VENDI,ALTO
2022-09-29,19412.37,19646.66,18845.3,19595.57,19595.57,20707.5444,28347.58025,48.07493082188076,991.4885082805935,34783.53737085,28357.6738585075,VENDI,ALTO
2022-09-30,19595.59,20182.72,19154.38,19426.11,19426.11,20617.1694,28246.33995,46.60950229889979,994.1207576891226,34243.66392923,29182.319053281004,VENDI,ALTO
2022-10-01,19423.57,19486.43,19160.0,19315.27,19315.27,20515.171199999997,28146.4258,45.629768178476716,946.4285607113281,7337.45595566,28829.860180800002,VENDI,ALTO
2022-10-02,19315.26,19398.94,18923.81,19059.17,19059.17,20407.2248,28036.081799999996,43.36179078140969,912.764377803376,12951.42404465,28057.206648055,VENDI,ALTO
2022-10-03,19059.1,19717.67,18958.29,19633.46,19633.46,20313.5598,27929.497450000003,49.43161235830839,901.8083508174204,28571.64018677,27618.210649923996,VENDI,ALTO
2022-10-04,19632.43,20479.43,19495.32,20345.19,20345.19,20238.5072,27822.3485,55.75945386230822,907.6870400447476,32685.41637125,27995.5051012785,MANTIENI STATO ATTUALE,ALTO
2022-10-05,20345.27,20371.15,19750.0,20161.62,20161.62,20164.581000000002,27711.995300000002,53.88649790509594,887.2201086129801,33542.20736149,28616.4002771695,MANTIENI STATO ATTUALE,ALTO
2022-10-06,20162.15,20455.79,19855.19,19965.64,19965.64,20097.0704,27605.3873,51.882822458270816,866.7472437120532,44044.43606305,29575.431334044,VENDI,ALTO
2022-10-07,19963.75,20065.26,19325.0,19533.05,19533.05,20023.9422,27497.964,47.66938660761873,857.7124405897636,34938.97272677,30744.522608212,VENDI,ALTO
2022-10-08,19531.68,19628.78,19250.0,19419.39,19419.39,19995.6312,27383.169650000003,46.5986033990318,823.5029805476375,9745.2545363,30409.8900006485,VENDI,ALTO
2022-10-09,19421.49,19563.28,19321.0,19443.47,19443.47,19961.716,27265.888450000002,46.87089110601596,781.9870533656634,12537.63788265,29488.699578206004,VENDI,ALTO
2022-10-10,19442.7,19528.04,19028.08,19132.83,19132.83,19914.0002,27141.49115,43.77032650799799,761.8422638395446,26596.56843638,29446.666319346004,VENDI,ALTO
2022-10-11,19130.8,19265.69,18855.19,19058.11,19058.11,19867.1974,27015.122449999995,43.03292735730513,736.7463878510057,36248.01909763,29041.8441330155,VENDI,ALTO
2022-10-12,19058.42,19235.26,18971.51,19155.92,19155.92,19819.749,26888.20495,44.354478999937456,702.9609315759338,24862.65344825,28234.6291990955,VENDI,ALTO
2022-10-13,19153.97,19509.23,18131.0,19378.65,19378.65,19779.9796,26750.848149999998,47.34978062708188,751.1944364633671,49160.49651762,29153.5849001295,VENDI,ALTO
2022-10-14,19375.55,19954.14,19076.83,19178.0,19178.0,19732.3024,26611.01355,44.9997908394222,760.2026910016979,46208.33260444,30581.763445431,VENDI,ALTO
2022-10-15,19179.15,19229.12,18983.0,19070.24,19070.24,19708.8928,26469.0938,43.74413410556113,723.4824987872909,9062.82835275,30309.946702800004,VENDI,ALTO
2022-10-16,19070.62,19425.49,19065.23,19264.44,19264.44,19693.4478,26330.025849999998,46.634149753686586,697.5380345881988,8310.92834083,29070.090396983996,VENDI,ALTO
2022-10-17,19261.62,19679.46,19154.72,19550.4,19550.4,19693.3752,26200.1356,50.65413015364354,685.1953178318987,24137.12482696,27683.945136274997,VENDI,ALTO
2022-10-18,19550.39,19702.73,19091.77,19328.76,19328.76,19674.211,26065.2977,47.65758990917748,679.8927951296203,27645.59742478,26880.7097739155,VENDI,ALTO
2022-10-19,19328.75,19361.0,19062.1,19124.18,19124.18,19660.4312,25931.78725,45.01078716002153,652.6790240489332,22284.13292808,26255.739551777002,VENDI,ALTO
2022-10-20,19123.77,19349.04,18905.0,19042.48,19042.48,19640.3156,25794.88885,43.96076536951497,637.7762366168666,28405.7559743,25963.8441540305,VENDI,ALTO
2022-10-21,19043.66,19254.52,18659.0,19166.45,19166.45,19620.9716,25657.73695,46.01857537110207,634.7579340013762,24206.36088454,26807.2894004745,VENDI,ALTO
2022-10-22,19164.92,19257.66,19110.46,19209.1,19209.1,19606.078800000003,25526.249949999998,46.743137735147066,599.9323672869922,7044.99034028,26511.967715255996,VENDI,ALTO
2022-10-23,19209.09,19698.1,19070.92,19572.44,19572.44,19600.818199999998,25408.278650000004,52.58230275530225,601.8786267664927,12086.31175412,25687.7012936235,VENDI,ALTO
2022-10-24,19572.2,19603.57,19159.35,19330.41,19330.41,19587.3318,25287.6698,48.74811257027027,590.617296283172,29432.58356293,25525.0596532075,VENDI,ALTO
2022-10-25,19332.11,20420.88,19240.76,20086.28,20086.28,19593.165800000002,25176.7911,58.841859025325476,632.7246322629456,42452.33701168,25970.566135717,MANTIENI STATO ATTUALE,ALTO
2022-10-26,20086.27,21022.81,20055.85,20775.4,20775.4,19632.8556,25066.833450000002,65.51081549296958,656.598587101307,43618.9919315,25949.293929139498,MANTIENI STATO ATTUALE,ALTO
2022-10-27,20773.59,20878.17,20196.01,20296.97,20296.97,19652.9246,24957.488499999996,58.43199237908677,658.4244023083564,34123.58255469,25908.5244205355,MANTIENI STATO ATTUALE,ALTO
2022-10-28,20295.77,20755.09,20000.0,20597.91,20597.91,19678.4454,24862.7987,61.26712868384526,665.3290878577596,29581.75150226,26900.349268833503,MANTIENI STATO ATTUALE,ALTO
2022-10-29,20597.34,21080.0,20561.2,20823.53,20823.53,19667.626,24766.4852,63.28873438157826,654.8627244393482,19822.75126022,27264.604937712,MANTIENI STATO ATTUALE,ALTO
2022-10-30,20822.38,20939.35,20523.92,20630.68,20630.68,19647.209199999998,24663.9052,60.38745074917585,637.7603869793948,13737.38848362,26621.645940074,MANTIENI STATO ATTUALE,ALTO
2022-10-31,20629.21,20837.68,20237.0,20489.94,20489.94,19620.3736,24566.5845,58.28744080494132,635.111787909438,22222.73611567,25920.381790976004,MANTIENI STATO ATTUALE,ALTO
2022-11-01,20489.55,20691.0,20326.55,20479.63,20479.63,19581.912,24466.20975,58.12796837888641,615.778803058764,21147.00854592,25734.5995458595,MANTIENI STATO ATTUALE,ALTO
2022-11-02,20480.34,20805.0,20059.53,20151.4,20151.4,19581.4444,24365.02875,53.14301506758494,625.0424599831381,43913.21904186,25472.2356720715,MANTIENI STATO ATTUALE,ALTO
2022-11-03,20151.29,20390.82,20032.02,20206.88,20206.88,19581.026599999997,24267.645450000004,53.86323633391477,606.0251414129139,26837.37211156,24503.6876474275,MANTIENI STATO ATTUALE,ALTO
2022-11-04,20208.02,21298.76,20181.61,21144.2,21144.2,19609.837199999998,24169.34855,63.94602870889395,642.5340598834198,42027.16281295,26151.9043704375,MANTIENI STATO ATTUALE,ALTO
2022-11-05,21149.03,21478.8,21082.54,21300.45,21300.45,19639.8254,24068.33155,65.3071309216443,624.9430556060325,14076.70487828,26440.19319731,MANTIENI STATO ATTUALE,ALTO
2022-11-06,21300.45,21365.89,20886.26,20909.17,20909.17,19655.741400000003,23965.98935,59.27259496009716,614.5635516341731,10958.4932636,25781.261619142002,MANTIENI STATO ATTUALE,ALTO
2022-11-07,20908.15,21069.46,20394.34,20593.49,20593.49,19679.258400000002,23866.55275,54.86761948736534,618.8890122317321,25279.82916936,25662.973206371003,MANTIENI STATO ATTUALE,ALTO
2022-11-08,20593.34,20675.0,17500.0,18550.25,18550.25,19659.4558,23760.742749999998,36.14419999501786,801.468368500894,84056.63082724,28751.598101329,MANTIENI STATO ATTUALE,ALTO
2022-11-09,18546.07,18590.34,15512.0,15891.96,15891.96,19599.7568,23642.873199999998,24.45282212884635,964.102056465116,119633.96194081,33313.00839965451,VENDI,ALTO
2022-11-10,15894.77,18140.62,15720.0,17553.89,17553.89,19581.5818,23533.31985,37.96330283860014,1068.1390524318933,91496.98548059,36677.539629457,VENDI,ALTO
2022-11-11,17555.44,17641.32,16336.05,17013.62,17013.62,19533.8292,23416.19185,35.726509055872896,1085.0769772581866,64776.6547934,39564.122852113,VENDI,ALTO
2022-11-12,17014.78,17067.7,16595.25,16783.33,16783.33,19483.7756,23309.539399999998,34.785678641570186,1041.3179074540305,23830.0578576,40151.310157287,VENDI,ALTO
2022-11-13,16783.32,16926.57,16214.95,16301.39,16301.39,19431.3394,23194.790800000002,32.83680264740772,1017.7680569215997,23266.69734743,39843.015846512004,VENDI,ALTO
2022-11-14,16298.75,17169.68,15790.25,16590.73,16590.73,19386.981799999998,23079.02835,35.184607876406275,1043.6010528557713,55601.93469977,40500.4957309165,VENDI,ALTO
2022-11-15,16588.41,17107.88,16502.85,16877.93,16877.93,19339.9804,22970.4525,37.519339451424024,1012.2745490803593,48155.32053543,40727.312161113,VENDI,ALTO
2022-11-16,16879.37,16994.31,16358.66,16645.24,16645.24,19291.3338,22865.458199999997,36.37605992063797,985.3727955746195,37249.70414522,40883.618240639495,VENDI,ALTO
2022-11-17,16646.58,16736.7,16396.0,16680.47,16680.47,19236.7018,22756.4953,36.690606527023306,939.324738747861,22484.77507436,40528.769419244505,VENDI,ALTO
2022-11-18,16680.47,16984.08,16526.28,16680.59,16680.59,19178.4022,22647.343800000002,36.69175462250229,904.9301145515855,26970.34405749,40886.149059108,VENDI,ALTO
2022-11-19,16678.85,16802.0,16534.83,16683.02,16683.02,19123.5404,22542.160949999998,36.71678158385495,859.3758206550435,9396.04770097,40669.0820199755,VENDI,ALTO
2022-11-20,16680.7,16733.19,16154.65,16252.53,16252.53,19062.2856,22425.075800000002,34.14179112409674,839.3161191796833,16685.1909604,40392.204762212,VENDI,ALTO
2022-11-21,16252.43,16279.99,15460.0,15760.14,15760.14,18996.305,22321.1904,31.426951877395183,837.9356820954202,43799.91803333,41524.8502365825,VENDI,ALTO
2022-11-22,15758.96,16294.5,15596.22,16199.71,16199.71,18927.63,22222.19345,36.29687451918115,827.9602762314616,44555.90690195,41556.984629587,VENDI,ALTO
2022-11-23,16201.15,16700.0,16142.99,16587.0,16587.0,18852.4662,22127.838449999996,40.318496841824505,808.6066850720716,37143.06609396,42072.269328707,VENDI,ALTO
2022-11-24,16585.83,16797.28,16450.62,16587.61,16587.61,18780.985999999997,22040.63695,40.324887006160125,775.6104932812094,21819.50497344,41061.886436731496,VENDI,ALTO
2022-11-25,16587.6,16610.08,16333.0,16510.9,16510.9,18711.8912,21972.800099999997,39.74851874925489,740.0011723325517,20800.91157317,41398.096771476,VENDI,ALTO
2022-11-26,16510.9,16693.18,16376.1,16450.93,16450.93,18650.2488,21900.042800000003,39.275890490197284,709.7925171659409,12308.57070713,41465.6006436525,VENDI,ALTO
2022-11-27,16450.32,16589.43,16395.0,16419.88,16419.88,18590.2586,21837.280499999997,39.017207922532734,672.9809087969452,10825.69525321,40742.893947845,VENDI,ALTO
2022-11-28,16421.63,16478.32,15992.64,16206.3,16206.3,18525.5152,21773.60225,37.20214069812571,659.6022724543062,30336.24756667,38056.8747848165,VENDI,ALTO
2022-11-29,16206.23,16541.72,16092.53,16438.0,16438.0,18471.618599999998,21709.631349999996,40.439175457826586,644.5728244218558,21901.9847881,33170.27592718099,VENDI,ALTO
2022-11-30,16437.94,17259.37,16423.37,17167.33,17167.33,18433.803,21645.258599999997,49.29859460168717,658.2461941060089,42517.61172285,30721.307239294,VENDI,ALTO
2022-12-01,17165.44,17317.8,16855.0,16980.08,16980.08,18390.286200000002,21573.70875,47.351182741959924,644.2857516698655,31798.99151828,29072.424075538,VENDI,ALTO
2022-12-02,16980.07,17108.25,16791.02,17094.71,17094.71,18344.6074,21509.98285,48.687494057918066,620.9246265505894,23096.43686725,29035.7430260205,VENDI,ALTO
2022-12-03,17094.25,17158.42,16863.58,16888.53,16888.53,18298.818,21442.3649,46.40596621805306,597.6328675112613,14081.4506716,28576.480692229,VENDI,ALTO
2022-12-04,16889.17,17199.99,16882.86,17108.9,17108.9,18259.591200000003,21384.5447,49.14880411346371,577.5969484033142,16961.10828839,26644.439371660003,VENDI,ALTO
2022-12-05,17108.9,17424.59,16865.22,16966.05,16966.05,18213.623399999997,21318.002,47.45343673341668,576.2950235173631,33618.45109026,25917.5958994015,VENDI,ALTO
2022-12-06,16966.05,17111.35,16904.04,17089.05,17089.05,18164.396399999998,21257.6685,49.08209854777666,549.9389504089798,26693.6101171,25389.7911979955,VENDI,ALTO
2022-12-07,17089.18,17140.22,16679.52,16840.0,16840.0,18114.6212,21194.827200000003,45.97486982117893,543.5647396654814,22635.46848793,25397.325868674,VENDI,ALTO
2022-12-08,16839.76,17300.59,16738.0,17226.01,17226.01,18076.6578,21129.6529,51.13805330487703,544.9236868322328,23533.23453743,25225.470392671,VENDI,ALTO
2022-12-09,17226.03,17352.62,17060.69,17130.59,17130.59,18038.42,21069.893249999997,49.86929042076495,526.8527092013591,20976.63699864,25804.4998575545,VENDI,ALTO
2022-12-10,17130.49,17227.64,17093.42,17128.1,17128.1,17997.653,21007.401550000002,49.83454389555017,498.8075156869764,7860.58687575,25363.269653322,VENDI,ALTO
2022-12-11,17128.1,17271.92,17073.19,17085.21,17085.21,17955.1752,20945.310149999998,49.198667195858654,477.37340742362096,9948.85267032,23670.7163851715,VENDI,ALTO
2022-12-12,17085.62,17244.63,16875.83,17211.66,17211.66,17907.9596,20885.53815,51.17662793031388,469.6181640362194,20659.65709227,22475.9038946875,VENDI,ALTO
2022-12-13,17212.9,17999.99,17089.17,17773.18,17773.18,17876.815,20831.4125,58.840432793055676,501.13258089077544,38316.03172467,22534.552176223,VENDI,ALTO
2022-12-14,17772.98,18385.36,17660.93,17804.97,17804.97,17831.1888,20775.3924,59.23060908034071,517.0823965414344,49295.42072146,23908.347963624,VENDI,ALTO
2022-12-15,17805.36,17856.26,17275.02,17357.96,17357.96,17762.84,20714.94685,51.79540789810144,521.6650825027604,37834.73808374,24760.0392891525,VENDI,ALTO
2022-12-16,17359.1,17525.0,16529.53,16632.64,16632.64,17689.553399999997,20639.55295,42.477778740907,555.5082908954205,47159.86300655,26502.603904123498,VENDI,ALTO
2022-12-17,16634.29,16799.99,16585.64,16782.25,16782.25,17613.240199999997,20564.54395,44.688065711610854,531.1398415457478,18446.6836015,26883.653321537997,VENDI,ALTO
2022-12-18,16782.23,16875.0,16663.76,16741.16,16741.16,17531.5928,20499.3058,44.18588871902064,508.2898528639088,11073.43886205,25920.512886307,VENDI,ALTO
2022-12-19,16742.33,16822.84,16273.4,16439.74,16439.74,17447.773999999998,20429.33575,40.583158774235656,511.22914908791535,26856.08598724,26168.217946263998,VENDI,ALTO
2022-12-20,16439.98,17060.86,16398.22,16897.65,16897.65,17375.928200000002,20365.46975,47.57624645914784,522.0442098673499,34330.28235168,25758.851477705502,VENDI,ALTO
2022-12-21,16896.17,16926.05,16725.78,16826.56,16826.56,17302.866800000003,20300.38665,46.65812577157021,499.06033773396774,16743.62189364,25006.082996473502,VENDI,ALTO
2022-12-22,16825.18,16868.82,16560.84,16815.51,16815.51,17236.149,20234.9565,46.507889541391954,485.41174218154146,21269.7673979,24914.749523006,VENDI,ALTO
2022-12-23,16815.28,16943.29,16719.57,16777.21,16777.21,17167.5556,20162.1245,45.955549496741455,466.71947488286,21958.88697726,25308.621338289002,VENDI,ALTO
2022-12-24,16777.88,16863.62,16775.88,16837.12,16837.12,17081.414,20090.775599999997,47.01556791429634,439.649512391227,9502.80320659,24935.706084199,VENDI,ALTO
2022-12-25,16837.24,16853.88,16720.89,16829.02,16829.02,16991.9854,20024.035699999997,46.88168169743592,417.74526150613946,7065.21656572,23608.044357972,VENDI,ALTO
2022-12-26,16829.19,16939.81,16787.97,16917.96,16917.96,16912.161200000002,19958.2274,48.61210286653692,398.7520285414152,8493.27661167,22698.0276827005,MANTIENI STATO ATTUALE,ALTO
2022-12-27,16916.66,16967.0,16585.97,16698.73,16698.73,16834.266,19896.405499999997,44.74291908163279,397.4861693598855,17482.09318834,22440.358917721,MANTIENI STATO ATTUALE,ALTO
2022-12-28,16698.31,16777.35,16460.0,16539.66,16539.66,16794.0542,19837.160649999998,42.123117290335,391.7621572627507,23345.55126307,22430.974754003,VENDI,ALTO
2022-12-29,16539.66,16654.81,16479.5,16627.54,16627.54,16808.7658,19787.52235,44.071454373975776,376.30128888684004,20088.46487471,22386.566147806498,VENDI,ALTO
2022-12-30,16627.36,16649.99,16326.16,16600.1,16600.1,16789.69,19758.218,43.57815951259999,372.55333968063735,26532.28003447,23320.1508057425,VENDI,ALTO
2022-12-31,16599.98,16634.42,16462.49,16530.35,16530.35,16780.0246,19730.268500000002,42.28260487906601,358.2231011320202,15414.5294044,23593.4346424465,VENDI,ALTO
2023-01-01,16531.83,16621.0,16490.0,16611.58,16611.58,16776.5896,19700.514750000002,44.3572893255597,341.9928796225902,10668.73697739,23093.8886367025,VENDI,ALTO
2023-01-02,16611.9,16789.99,16542.52,16666.95,16666.95,16783.9008,19681.9895,45.787780781378814,335.2412453638338,13560.46017964,21856.110059451,VENDI,ALTO
2023-01-03,16666.86,16772.3,16600.0,16669.47,16669.47,16785.4756,19663.097550000002,45.856004908461095,323.6025849807028,17612.35527749,20271.9567872525,VENDI,ALTO
2023-01-04,16668.95,16988.0,16645.87,16844.42,16844.42,16784.8054,19652.5752,50.51225752272551,324.92597176779555,25922.70680625,19676.355223378,MANTIENI STATO ATTUALE,ALTO
2023-01-05,16844.4,16872.13,16750.07,16825.69,16825.69,16788.414399999998,19633.94145,50.01634316037047,310.4355452129531,14918.22913349,18064.273529725,MANTIENI STATO ATTUALE,ALTO
2023-01-06,16825.53,17027.11,16670.82,16948.06,16948.06,16793.766200000002,19615.933,53.24595942105165,313.710863412028,24235.38704157,18353.7087017285,MANTIENI STATO ATTUALE,ALTO
2023-01-07,16948.0,16977.76,16903.58,16942.37,16942.37,16799.001800000002,19597.160050000002,53.07423635239365,296.6015160254543,5680.11799379,18084.0426583155,MANTIENI STATO ATTUALE,ALTO
2023-01-08,16942.37,17167.52,16910.41,17125.18,17125.18,16807.845,19582.94365,57.7849007424419,293.78069345220763,9195.45985397,17201.011351652,MANTIENI STATO ATTUALE,ALTO
2023-01-09,17125.17,17396.25,17102.97,17177.98,17177.98,16826.354,19563.311299999998,59.06311673527048,293.7449296341928,33252.15435855,17147.1049519955,MANTIENI STATO ATTUALE,ALTO
2023-01-10,17177.94,17494.37,17145.1,17443.5,17443.5,16860.0212,19544.4102,64.83017843145117,297.7110060888933,24901.57485784,17555.002600205502,MANTIENI STATO ATTUALE,ALTO
2023-01-11,17443.5,17998.0,17315.08,17944.27,17944.27,16894.9124,19526.74135,72.65456651035052,325.2259342254008,27251.01602186,17854.0650314035,MANTIENI STATO ATTUALE,ALTO
2023-01-12,17944.15,19115.85,17904.83,18847.75,18847.75,16940.1274,19515.840500000002,80.90749462742518,388.49693892358624,61938.44269045,19853.042817063,MANTIENI STATO ATTUALE,ALTO
2023-01-13,18847.77,20000.0,18714.8,19934.88,19934.88,17007.0728,19511.889049999998,86.27509538625618,452.5471575719016,55049.6223488,22130.383774173497,ACQUISTA,ALTO
2023-01-14,19934.07,21321.98,19893.25,20957.02,20957.02,17095.9952,19515.4097,89.31633769301277,522.2745034596229,58239.87328811,24689.116610293,ACQUISTA,ALTO
2023-01-15,20956.2,21057.3,20560.16,20879.7,20879.7,17184.5706,19519.33425,87.73265165160913,520.4791817839356,25709.30241812,25549.917900615503,ACQUISTA,ALTO
2023-01-16,20879.67,21465.62,20611.45,21187.5,21187.5,17279.923,19525.34365,88.5992781894964,544.3142402279401,41151.35428763,26733.38095558,ACQUISTA,ALTO
2023-01-17,21191.46,21595.0,20844.73,21136.33,21136.33,17378.5236,19534.7615,87.49269375042573,559.0253659259445,32656.47978348,27198.927381600497,ACQUISTA,ALTO
2023-01-18,21135.01,21650.21,20370.01,20674.29,20674.29,17463.2494,19542.0128,78.01736095609976,610.537839788377,34600.25647175,27924.516961452504,ACQUISTA,ALTO
2023-01-19,20674.03,21197.0,20656.52,21084.22,21084.22,17541.587199999998,19550.97725,80.07872469598409,605.5337083749215,23436.75404601,27769.7406620295,MANTIENI STATO ATTUALE,ALTO
2023-01-20,21084.05,22754.73,20865.64,22669.81,22669.81,17655.3818,19563.269549999997,85.67440923804679,697.2163006338558,32810.59587882,28639.543985750497,ACQUISTA,ALTO
2023-01-21,22671.09,23375.6,22432.45,22789.37,22789.37,17769.275,19576.44885,85.99388179997702,714.7829934457232,32657.60500465,29738.9873871135,ACQUISTA,ALTO
2023-01-22,22789.34,23082.82,22298.15,22714.87,22714.87,17885.8018,19587.30985,84.72595970333937,719.7749224853142,25548.28914044,30338.378835153497,MANTIENI STATO ATTUALE,ALTO
2023-01-23,22714.81,23180.55,22500.01,22920.29,22920.29,18002.029599999998,19593.8383,85.36663836246764,716.9724280220775,32380.77464386,31076.799803472,ACQUISTA,ALTO
2023-01-24,22920.67,23165.56,22460.17,22636.17,22636.17,18115.432,19599.10815,80.34670272123543,716.1451117347865,39180.10567306,31739.6697468125,ACQUISTA,ALTO
2023-01-25,22636.19,23824.66,22326.24,23062.36,23062.36,18234.8982,19606.5,82.0516846980687,772.021889468016,38496.91631901,32918.6041060885,ACQUISTA,ALTO
2023-01-26,23062.36,23287.38,22853.61,23010.47,23010.47,18358.3076,19617.2991,81.1288481672491,747.8610402203007,30187.01702655,33216.1856053375,MANTIENI STATO ATTUALE,ALTO
2023-01-27,23011.37,23511.9,22540.76,23084.4,23084.4,18475.4754,19633.00895,81.44897849782491,763.8095373474223,27185.13487749,34291.436449522495,MANTIENI STATO ATTUALE,ALTO
2023-01-28,23084.38,23196.99,22884.0,23028.95,23028.95,18593.4426,19651.635449999998,80.34802456908554,731.6081418226065,7466.33930339,34204.980421993496,MANTIENI STATO ATTUALE,ALTO
2023-01-29,23029.56,23966.0,22974.75,23745.8,23745.8,18725.7966,19669.263300000002,83.46056858442171,750.1539888352775,20952.76361397,33590.0108847645,MANTIENI STATO ATTUALE,ALTO
2023-01-30,23744.34,23802.99,22500.0,22836.03,22836.03,18840.813000000002,19680.55835,68.6088296739981,789.6422753470436,34312.28644397,34060.546464071005,MANTIENI STATO ATTUALE,MEDIO
2023-01-31,22836.03,23313.23,22719.68,23128.86,23128.86,18959.157000000003,19692.0649,70.4326300511654,775.6356842508261,22721.77475761,33834.0844008585,MANTIENI STATO ATTUALE,ALTO
2023-02-01,23127.15,23813.57,22760.0,23735.97,23735.97,19078.412800000002,19704.79635,73.82769625878575,795.4881353757671,20292.22416962,31751.773474817,MANTIENI STATO ATTUALE,ALTO
2023-02-02,23735.97,24262.18,23367.87,23493.84,23493.84,19192.1902,19718.30685,70.35782122716108,802.5468399917839,16368.92138269,29817.738426511503,MANTIENI STATO ATTUALE,ALTO
2023-02-03,23497.29,23720.0,23208.01,23433.54,23433.54,19313.7018,19723.33675,69.48199053110673,781.7927799923709,14215.66842983,27616.5281835975,MANTIENI STATO ATTUALE,MEDIO
2023-02-04,23433.47,23589.67,23257.71,23328.87,23328.87,19447.6264,19723.0058,67.90190948753244,749.661867135773,3567.13007478,26509.4195664305,MANTIENI STATO ATTUALE,MEDIO
2023-02-05,23329.47,23433.2,22758.01,22936.34,22936.34,19570.7082,19721.55255,62.190220860985136,744.3424480546465,6574.34533251,24780.5691186745,MANTIENI STATO ATTUALE,MEDIO
2023-02-06,22936.34,23163.05,22637.51,22764.07,22764.07,19691.166400000002,19719.6031,59.81231513823287,728.713701765029,12149.94486314,23755.2423726575,MANTIENI STATO ATTUALE,BASSO
2023-02-07,22763.42,23348.73,22748.11,23244.67,23244.67,19827.265,19722.388049999998,63.953241829059266,719.5641516389554,9803.34759825,22515.3969289825,MANTIENI STATO ATTUALE,MEDIO
2023-02-08,23244.64,23451.01,22669.09,22964.38,22964.38,19948.5996,19724.9565,60.06599809271695,724.0181408076013,7693.59195866,21728.238824615,MANTIENI STATO ATTUALE,MEDIO
2023-02-09,22963.91,23011.18,21700.0,21800.63,21800.63,20048.081,19721.0425,47.229900442496465,765.9582736070585,19277.239648,21051.571013073997,MANTIENI STATO ATTUALE,BASSO
2023-02-10,21800.62,21942.41,21467.43,21628.97,21628.97,20144.3502,19722.6203,45.67923801987359,745.1741112065542,12641.59512641,20050.770519162,MANTIENI STATO ATTUALE,BASSO
2023-02-11,21628.97,21904.0,21605.35,21863.73,21863.73,20246.0806,19725.6311,48.18475562878735,713.2795318346576,4695.91143894,19008.151634087,MANTIENI STATO ATTUALE,BASSO
2023-02-12,21863.73,22091.88,21631.0,21789.8,21789.8,20345.1342,19719.76715,47.44262289798899,695.2509938464678,5990.68642903,17688.647223345502,MANTIENI STATO ATTUALE,BASSO
2023-02-13,21789.79,21903.03,21366.45,21789.14,21789.14,20444.3366,19709.45435,47.43559890246551,683.9173514288628,13246.3049252,16391.957185952502,MANTIENI STATO ATTUALE,BASSO
2023-02-14,21789.0,22331.76,21545.67,22206.27,22206.27,20550.1028,19701.5632,52.24757175724011,691.2153977553727,14879.72784164,15211.097762084002,MANTIENI STATO ATTUALE,BASSO
2023-02-15,22206.26,24386.5,22054.17,24329.04,24329.04,20702.709000000003,19704.957749999998,68.20117335885415,808.4378693442748,23427.35072192,14873.114446852498,ACQUISTA,MEDIO
2023-02-16,24326.95,25256.83,23510.73,23516.15,23516.15,20842.2388,19706.0013,59.942477147800076,875.4137358196839,30034.93494269,15015.6044501125,ACQUISTA,BASSO
2023-02-17,23516.95,25025.0,23344.12,24577.6,24577.6,21001.24,19712.52,65.77108940875686,932.9470404039922,22795.35234631,15782.055102258499,ACQUISTA,MEDIO
2023-02-18,24577.6,24879.33,24407.67,24636.23,24636.23,21161.9626,19720.75415,66.06481134368371,899.9979660894217,6191.17379627,15043.9756113735,MANTIENI STATO ATTUALE,MEDIO
2023-02-19,24635.85,25200.0,24192.7,24281.31,24281.31,21316.9818,19728.0357,62.56480630241555,907.6623970830343,9733.21021005,13815.021799677503,MANTIENI STATO ATTUALE,MEDIO
2023-02-20,24278.81,25128.11,23841.08,24844.97,24844.97,21481.6496,19739.140850000003,65.67495407749158,934.7600830056747,13977.17943437,13377.792033515501,ACQUISTA,MEDIO
2023-02-21,24844.21,25288.88,24153.96,24454.43,24454.43,21637.3992,19744.80895,61.84130318446761,949.057219933841,16495.25564236,13187.943607152498,ACQUISTA,MEDIO
2023-02-22,24454.08,24480.0,23581.64,24184.44,24184.44,21787.6986,19750.926499999998,59.26567675819865,945.4359899385666,17390.31077874,13239.013076954998,MANTIENI STATO ATTUALE,MEDIO
2023-02-23,24184.9,24600.95,23612.59,23943.32,23943.32,21929.676600000003,19754.75615,56.983124457660644,948.5019906572405,16847.70433307,13370.614872117,ACQUISTA,MEDIO
2023-02-24,23943.32,24132.67,22520.0,23186.88,23186.88,22056.9004,19751.6123,50.422197632234294,995.9425627531518,20933.97488913,14238.957112834501,MANTIENI STATO ATTUALE,BASSO
2023-02-25,23186.88,23220.56,22716.47,23159.71,23159.71,22181.133400000002,19751.6195,50.19862912421877,960.8102368422125,5937.43847794,14207.111770106003,MANTIENI STATO ATTUALE,BASSO
2023-02-26,23159.71,23689.77,23052.78,23556.83,23556.83,22313.422599999998,19749.59275,53.44761343071169,937.6802199249117,6063.45918348,13902.787486123,MANTIENI STATO ATTUALE,BASSO
2023-02-27,23556.83,23895.51,23109.06,23489.52,23489.52,22440.7094,19747.31605,52.81863464096667,926.8780613588465,12098.67253518,14017.553732969498,MANTIENI STATO ATTUALE,BASSO
2023-02-28,23490.01,23597.98,23027.24,23145.32,23145.32,22560.056200000003,19740.96675,49.60393938154412,901.439628404643,9516.02766667,14108.67551837,MANTIENI STATO ATTUALE,BASSO
2023-03-01,23144.37,23999.99,23025.17,23631.52,23631.52,22683.816600000002,19736.8419,53.87447846519436,906.6810835185973,12151.84539817,13752.405805878501,MANTIENI STATO ATTUALE,BASSO
2023-03-02,23632.12,23798.62,23196.09,23468.24,23468.24,22794.296000000002,19732.59955,52.27248056824897,884.9560061244118,9239.93644458,13582.322871786999,MANTIENI STATO ATTUALE,BASSO
2023-03-03,23468.79,23477.28,21988.02,22358.18,22358.18,22864.5046,19723.90135,42.926895606182946,928.1205771155252,21715.09355721,14433.2819777005,MANTIENI STATO ATTUALE,BASSO
2023-03-04,22358.18,22409.82,22150.71,22350.95,22350.95,22912.825999999997,19716.36645,42.87313116824071,880.3341073215593,2266.21497947,14247.058405222499,VENDI,BASSO
2023-03-05,22349.74,22654.64,22195.13,22432.69,22432.69,22942.3394,19711.82405,43.731184769087434,850.2752425128763,5291.96467583,13849.341392753999,VENDI,BASSO
2023-03-06,22431.99,22599.99,22264.73,22410.31,22410.31,22972.951599999997,19707.9283,43.538362928143115,813.4884394762424,10660.04864303,13638.3574328235,VENDI,BASSO
2023-03-07,22410.13,22557.03,21932.74,22198.48,22198.48,22993.1712,19714.746,41.66571601789149,799.9742652279392,10381.24422759,12986.052108107,VENDI,BASSO
2023-03-08,22198.09,22281.55,21580.84,21698.37,21698.37,23004.412,19717.5417,37.55843816753176,792.8839605688006,13343.72575834,12151.4916488895,VENDI,BASSO
2023-03-09,21699.41,21825.53,20050.0,20367.01,20367.01,22998.2664,19711.78365,29.28278528552164,863.0729633853148,21326.08097071,12078.028080109501,VENDI,BASSO
2023-03-10,20366.97,20369.78,19568.52,20230.08,20230.08,22981.183600000004,19705.9428,28.58515852145318,858.6577517149351,32126.59207482,13374.798994036999,VENDI,BASSO
2023-03-11,20230.07,20964.5,19900.5,20620.54,20620.54,22940.198200000003,19701.4038,33.453683442399594,873.3250551638683,18920.85100043,13834.181033556,VENDI,BASSO
2023-03-12,20619.34,22276.69,20446.24,22219.08,22219.08,22928.7924,19705.6636,48.83282248527068,941.6911226521634,19165.53317335,14093.598720504999,VENDI,BASSO
2023-03-13,22216.02,24710.0,21882.63,24220.0,24220.0,22958.895,19718.9543,60.986630319452146,1076.3824710341516,38654.82408388,15201.577142581,ACQUISTA,MEDIO
2023-03-14,24220.0,26553.9,24052.0,24762.65,24762.65,22995.7422,19741.56395,63.517557099947716,1178.2051516745696,44100.36444555,16537.0798259215,ACQUISTA,MEDIO
2023-03-15,24761.61,25300.0,23931.01,24377.16,24377.16,23030.562,19763.266300000003,60.51423667121424,1191.832640840672,30128.4276161,17201.115990073,ACQUISTA,MEDIO
2023-03-16,24377.16,25235.28,24207.54,25051.85,25051.85,23070.3518,19790.7554,63.74531755007793,1180.111737923481,20754.42573365,17192.138532299003,ACQUISTA,MEDIO
2023-03-17,25052.11,27834.54,24946.86,27453.62,27453.62,23159.2148,19826.58865,72.4026864694418,1302.0808995003754,40752.19373629,18932.8762952165,ACQUISTA,ALTO
2023-03-18,27453.75,27780.0,26652.45,26980.35,26980.35,23237.133800000003,19862.42455,68.91071399041192,1289.61440667892,18096.24372219,19534.515522152,MANTIENI STATO ATTUALE,MEDIO
2023-03-19,26980.35,28478.0,26904.0,28054.46,28054.46,23337.644,19902.45555,72.18906998116834,1309.9276633447114,16897.41761964,19774.452776375,MANTIENI STATO ATTUALE,ALTO
2023-03-20,28058.15,28578.63,27218.36,27823.32,27823.32,23419.194400000004,19940.903899999998,70.46703335829959,1313.523544534375,23782.6567676,20487.7842314215,ACQUISTA,ALTO
2023-03-21,27822.85,28605.32,27414.77,28207.33,28207.33,23526.6204,19982.17185,71.6759020570294,1304.7397199247769,16193.18924882,20689.851423954,MANTIENI STATO ATTUALE,ALTO
2023-03-22,28201.22,28937.73,26678.16,27325.15,27325.15,23610.5462,20019.62025,65.08489711396905,1372.9418827872928,33974.43697526,21926.576450488,ACQUISTA,MEDIO
2023-03-23,27324.05,28839.68,27189.19,28352.94,28352.94,23702.8856,20061.3613,68.6965241593603,1392.7667483024863,26698.29660165,22175.73660271,ACQUISTA,ALTO
2023-03-24,28352.95,28433.34,27027.88,27489.24,27489.24,23782.793599999997,20099.8346,62.81616064709308,1393.6734091380229,22190.91292623,23171.971500048,MANTIENI STATO ATTUALE,MEDIO
2023-03-25,27489.24,27818.67,27184.78,27488.18,27488.18,23863.886400000003,20143.32095,62.80905474372963,1339.403165628164,9655.9494554,23390.1707390265,MANTIENI STATO ATTUALE,MEDIO
2023-03-26,27489.56,28230.32,27445.04,27992.9,27992.9,23957.167,20186.81785,64.84809636133019,1299.8229395118665,9800.64299441,23347.2004565955,MANTIENI STATO ATTUALE,MEDIO
2023-03-27,27995.27,28053.26,26525.0,27142.87,27142.87,24041.297599999998,20225.922850000003,58.982889424801456,1316.1398724038759,17268.16335715,23691.5464130735,MANTIENI STATO ATTUALE,MEDIO
2023-03-28,27142.85,27519.99,26640.0,27274.15,27274.15,24131.499200000006,20255.471100000002,59.590766435402,1284.9863100893135,14103.92919115,23729.556584714002,MANTIENI STATO ATTUALE,MEDIO
2023-03-29,27274.18,28654.06,27255.42,28359.54,28359.54,24233.796599999998,20289.0112,64.30134681177188,1293.10443079722,17710.8595857,23548.795515463502,MANTIENI STATO ATTUALE,MEDIO
2023-03-30,28359.54,29190.04,27693.7,28035.48,28035.48,24335.2186,20320.03,61.9783010377808,1307.6212571688473,20972.43924037,22991.087873741002,MANTIENI STATO ATTUALE,MEDIO
2023-03-31,28034.88,28650.2,27512.97,28474.4,28474.4,24468.694,20350.38845,63.881615889462616,1295.450453085358,18917.3621471,22990.9134310745,MANTIENI STATO ATTUALE,MEDIO
2023-04-01,28475.41,28826.45,28223.76,28471.46,28471.46,24605.5438,20391.87185,63.858556656388615,1245.9675635792612,6988.04239657,22382.0388922355,MANTIENI STATO ATTUALE,MEDIO
2023-04-02,28471.03,28544.21,27862.69,28188.34,28188.34,24732.036,20431.674700000003,61.55427742224726,1205.649880466457,6707.97702984,20784.6965395335,MANTIENI STATO ATTUALE,MEDIO
2023-04-03,28188.34,28525.0,27227.61,27811.77,27811.77,24852.4754,20472.2152,58.529120827875154,1212.2027461474243,16192.03702141,19389.280168326502,MANTIENI STATO ATTUALE,MEDIO
2023-04-04,27809.55,28450.0,27670.24,28179.64,28179.64,24980.2854,20514.108200000002,60.567911955882536,1181.3139785654653,13261.95025317,18545.95630018,MANTIENI STATO ATTUALE,MEDIO
2023-04-05,28178.66,28799.99,27817.32,28175.37,28175.37,25099.667400000002,20554.4182,60.530713623324246,1167.1251229536465,15066.72449529,18261.571238262,MANTIENI STATO ATTUALE,MEDIO
2023-04-06,28175.27,28199.11,27716.77,28053.46,28053.46,25174.1558,20597.5973,59.40888019513961,1118.2118998855287,10291.80646097,16738.551874496,MANTIENI STATO ATTUALE,MEDIO
2023-04-07,28052.74,28120.71,27790.21,27931.94,27931.94,25262.4716,20639.5551,58.24999192970542,1061.9467641794197,5847.77200458,16126.1282886155,MANTIENI STATO ATTUALE,MEDIO
2023-04-08,27930.12,28175.89,27881.01,27958.81,27958.81,25330.0958,20684.9646,58.443028095427096,1007.1562810237469,3854.33490363,15473.974152815,MANTIENI STATO ATTUALE,MEDIO
2023-04-09,27958.19,28547.67,27814.0,28340.99,28340.99,25404.191000000003,20734.356350000002,61.19151564378728,987.6215466649078,6136.4286229,14591.662745579999,MANTIENI STATO ATTUALE,MEDIO
2023-04-10,28342.28,29794.47,28162.49,29660.41,29660.41,25511.772999999997,20785.652149999998,68.8509185274306,1033.6471504745573,15752.30418782,14569.61849253,ACQUISTA,ALTO
2023-04-11,29657.7,30584.58,29612.3,30227.19,30227.19,25619.4174,20840.35805,71.45697799526414,1029.2637825835177,18637.22157812,13802.757722673,ACQUISTA,ALTO
2023-04-12,30227.18,30517.0,29675.0,29912.2,29912.2,25728.5728,20895.30305,68.04951577636396,1015.8877981132664,14961.08403219,13215.897094199998,ACQUISTA,ALTO
2023-04-13,29912.2,30627.05,29878.08,30406.78,30406.78,25853.0196,20953.2939,70.43353764554216,996.8222411051759,12505.27274115,12731.615084946,MANTIENI STATO ATTUALE,ALTO
2023-04-14,30410.03,31050.0,30000.0,30492.92,30492.92,25984.0116,21009.6185,70.84162126616954,1000.6206524548062,19793.55777592,13238.495500972,ACQUISTA,ALTO
2023-04-15,30492.91,30622.38,30231.76,30324.11,30324.11,26126.756199999996,21065.8512,68.83647342821038,957.049177279463,5486.7222394,13022.7994632215,MANTIENI STATO ATTUALE,ALTO
2023-04-16,30325.07,30572.1,30148.28,30326.09,30326.09,26270.0838,21120.421299999998,68.84761126792895,918.9613789023585,6230.24911461,12470.903751094502,MANTIENI STATO ATTUALE,ALTO
2023-04-17,30321.41,30340.21,29251.71,29449.91,29449.91,26387.9454,21169.693,58.82799200180332,931.071280409333,13418.0380446,12436.609193767,MANTIENI STATO ATTUALE,MEDIO
2023-04-18,29449.91,30500.0,29103.89,30393.4,30393.4,26526.023,21224.52945,64.77316640952917,964.2883318086664,12649.52217446,12183.542323205,ACQUISTA,ALTO
2023-04-19,30394.5,30430.72,28595.28,28809.72,28809.72,26639.311,21272.0017,51.365605535810595,1026.5134509651905,20951.87851572,12182.514286972499,MANTIENI STATO ATTUALE,MEDIO
2023-04-20,28809.71,29102.69,27991.32,28248.18,28248.18,26731.6442,21317.94675,47.603014197798245,1032.5746330391053,17007.31210311,12087.011784773,MANTIENI STATO ATTUALE,MEDIO
2023-04-21,28248.18,28371.88,27133.0,27253.85,27253.85,26807.3564,21356.0487,41.76857844057163,1047.3107306791694,19665.99126045,12720.909227966999,MANTIENI STATO ATTUALE,MEDIO
2023-04-22,27252.96,27887.78,27133.0,27821.41,27821.41,26916.621,21393.429799999998,45.84840397026123,1026.4156784878,7556.85769964,12763.353261457,MANTIENI STATO ATTUALE,MEDIO
2023-04-23,27820.99,27820.99,27333.2,27592.98,27592.98,27021.461600000002,21430.586600000002,44.497133528396255,987.9724157386714,6255.76778325,12266.539799549,MANTIENI STATO ATTUALE,MEDIO
2023-04-24,27592.7,28000.0,26965.14,27515.05,27515.05,27123.108799999998,21468.333649999997,44.02047322863251,991.321528900195,12258.59093046,12216.371833413501,MANTIENI STATO ATTUALE,MEDIO
2023-04-25,27513.85,28400.0,27194.51,28304.42,28304.42,27240.991,21512.190499999997,49.87741651661447,1006.6192768358954,12013.57991051,12063.7146041745,MANTIENI STATO ATTUALE,MEDIO
2023-04-26,28304.42,30050.66,27230.77,28426.08,28426.08,27365.542999999998,21557.22395,50.73297560158209,1136.13861420476,31636.39150463,13130.9438563575,MANTIENI STATO ATTUALE,MEDIO
2023-04-27,28428.86,29900.0,28387.07,29483.72,29483.72,27521.25,21607.4252,57.52129902187652,1163.0522846187057,24310.36359778,14054.073436017501,ACQUISTA,MEDIO
2023-04-28,29486.97,29606.45,28900.0,29338.63,29338.63,27700.6824,21658.4542,56.37375992505391,1130.4378357173698,14184.03938836,14570.558660253999,MANTIENI STATO ATTUALE,MEDIO
2023-04-29,29339.47,29470.0,29057.3,29249.35,29249.35,27881.067799999997,21709.4104,55.63820802136689,1079.1708474518434,4909.72717806,14509.223588011999,MANTIENI STATO ATTUALE,MEDIO
2023-04-30,29249.24,29969.99,29095.92,29247.14,29247.14,28053.5998,21759.8665,55.618862466085304,1064.5207869195692,6837.06831371,14063.4617943065,MANTIENI STATO ATTUALE,MEDIO
2023-05-01,29240.49,29348.6,27664.31,28077.27,28077.27,28170.763600000002,21803.3596,46.41807134172749,1108.7900164253142,17953.11670042,14029.256550421498,ACQUISTA,MEDIO
2023-05-02,28077.44,28899.99,27871.44,28684.4,28684.4,28260.051600000003,21850.891599999995,50.95274987355332,1103.0585866806491,13258.60505694,13944.132601659,MANTIENI STATO ATTUALE,MEDIO
2023-05-03,28683.41,29276.12,28122.0,29038.75,29038.75,28345.5736,21900.73415,53.42999983281971,1106.705830489174,15605.28754268,14099.1333417355,ACQUISTA,MEDIO
2023-05-04,29039.36,29383.5,28674.58,28857.23,28857.23,28435.175,21948.6981,51.98162247635604,1078.2925568828043,10407.16067489,13629.813486684001,MANTIENI STATO ATTUALE,MEDIO
2023-05-05,28857.88,29706.57,28810.0,29536.76,29536.76,28524.873199999998,21998.629899999996,56.71236437460009,1065.3123742483183,14691.1261171,14090.033680568999,ACQUISTA,MEDIO
2023-05-06,29538.87,29850.0,28394.0,28902.66,28902.66,28553.854,22046.4994,51.60338911416089,1093.2186332305814,8546.79874854,14205.8611622655,MANTIENI STATO ATTUALE,MEDIO
2023-05-07,28901.3,29189.71,28429.12,28474.53,28474.53,28583.737599999997,22093.251150000004,48.43103001035563,1069.4594451426829,5884.67007423,13829.192763747002,MANTIENI STATO ATTUALE,MEDIO
2023-05-08,28472.68,28676.38,27279.66,27695.06,27695.06,28576.5496,22136.514049999998,43.22135188951986,1092.835199061063,15859.41839592,13989.68757482,VENDI,MEDIO
2023-05-09,27693.24,27833.64,27367.01,27647.29,27647.29,28573.029,22178.918250000002,42.916665066533604,1048.1062562709872,8888.42683618,13386.514990843,VENDI,MEDIO
2023-05-10,27647.29,28334.75,26800.0,27624.01,27624.01,28561.362600000004,22220.992799999996,42.758471101463236,1082.8665236802024,18590.96989908,13465.697880641499,VENDI,MEDIO
2023-05-11,27621.5,27649.85,26702.0,26986.56,26986.56,28554.5908,22258.063400000003,38.566467569599894,1073.2224862744736,13438.74631738,13154.335633487999,VENDI,MEDIO
2023-05-12,26986.79,27099.21,25810.0,26808.84,26808.84,28523.7088,22295.455550000002,37.4636974946344,1088.6501658262969,18458.49543497,13699.417520254501,VENDI,MEDIO
2023-05-13,26808.8,27060.24,26700.0,26789.48,26789.48,28509.7136,22328.97155,37.338445377996486,1036.620868267276,4782.64422745,13625.761342464499,VENDI,BASSO
2023-05-14,26786.99,27221.51,26581.52,26929.98,26929.98,28498.5496,22359.74445,38.9340640443846,1008.2900919624703,4393.20531359,13232.492061621,VENDI,MEDIO
2023-05-15,26929.98,27678.73,26740.95,27171.13,27171.13,28482.1142,22394.11525,41.67909847972495,1003.2536568222938,11889.94842508,13226.3104873495,VENDI,MEDIO
2023-05-16,27165.26,27302.99,26860.12,27037.68,27037.68,28480.0104,22426.314099999996,40.59166758480754,963.2262527635587,11209.90767959,12204.986296097499,VENDI,MEDIO
2023-05-17,27037.72,27516.58,26543.87,27407.77,27407.77,28482.6828,22459.235300000004,44.886211718299954,963.9036632804475,13308.63176925,11654.899704671,VENDI,MEDIO
2023-05-18,27407.76,27487.71,26361.52,26820.49,26820.49,28451.901800000003,22490.18435,39.95085720157527,975.4955444747011,12604.94858584,11575.945164544999,VENDI,BASSO
2023-05-19,26819.64,27190.35,26632.73,26890.27,26890.27,28428.997600000002,22522.186,40.78399141384476,945.6472912979367,7587.52629065,11709.835120174499,VENDI,BASSO
2023-05-20,26890.27,27178.99,26836.21,27113.61,27113.61,28401.7818,22555.355900000002,43.48658022930991,902.5853419195129,3127.42757901,11524.3530834395,VENDI,MEDIO
2023-05-21,27113.97,27288.02,26667.63,26752.65,26752.65,28367.405600000002,22588.362149999997,40.286385551079285,882.4285317824049,5534.52475759,10903.423486298,VENDI,BASSO
2023-05-22,26751.0,27105.63,26536.99,26854.73,26854.73,28340.733399999997,22621.6014,41.59537058706167,860.0150652265188,8554.42214009,10668.214340455499,VENDI,BASSO
2023-05-23,26854.09,27500.0,26803.46,27223.22,27223.22,28328.962399999997,22651.996499999997,46.18165894676077,848.3382748531961,11594.53703302,10467.6768149725,VENDI,MEDIO
2023-05-24,27222.86,27225.0,26070.04,26321.4,26321.4,28291.7976,22677.10125,38.26269327467049,870.2398266493964,17340.61730838,10814.349646647,VENDI,BASSO
2023-05-25,26321.42,26625.93,25864.35,26479.06,26479.06,28257.871399999996,22704.950699999998,40.193477855205096,862.478410460154,12094.45706071,10684.5161938275,VENDI,BASSO
2023-05-26,26479.15,26950.0,26334.33,26714.86,26714.86,28231.0994,22735.557549999998,43.06160453031225,844.8492382844286,9858.60032184,10750.1062724925,VENDI,BASSO
2023-05-27,26711.56,26943.6,26559.96,26867.99,26867.99,28209.8204,22777.14625,44.90929523476817,811.9057212641122,3348.37908169,10623.2917228655,VENDI,BASSO
2023-05-28,26870.13,28277.56,26780.11,28070.04,28070.04,28212.045,22838.036650000002,56.768836854408534,860.8731697452471,9725.64198967,10316.602902553,VENDI,MEDIO
2023-05-29,28070.04,28473.93,27534.81,27744.82,27744.82,28200.1216,22888.991299999998,53.41826635332402,866.4622290491579,11355.24110493,10439.9436159905,VENDI,MEDIO
2023-05-30,27744.81,28057.23,27555.0,27700.15,27700.15,28160.916400000002,22942.42395,52.95594191354243,840.4456412599324,12024.45830459,10111.618036265998,VENDI,MEDIO
2023-05-31,27700.68,27844.89,26842.94,27223.08,27223.08,28100.834200000005,22994.6227,48.16180275784512,851.9816668842229,15163.06255735,10197.8338482645,VENDI,BASSO
2023-06-01,27221.54,27360.31,26615.0,26828.42,26828.42,28039.1586,23047.25785,44.56730666816248,844.3622621067785,11927.59445097,9871.2887990645,VENDI,BASSO
2023-06-02,26827.73,27307.44,26508.0,27250.69,27250.69,27976.0368,23100.557649999995,48.95689847242591,841.1535290991515,12206.16873203,10242.465024293499,VENDI,BASSO
2023-06-03,27252.67,27341.13,26923.35,27077.6,27077.6,27907.7304,23151.556,47.3033516299335,810.9125627349266,3589.32341986,10202.270929606999,VENDI,BASSO
2023-06-04,27078.27,27466.83,26958.98,27122.04,27122.04,27843.689000000002,23203.94,47.7909198642745,789.2652368252892,4115.09881956,9813.528449331,VENDI,BASSO
2023-06-05,27122.03,27137.75,25391.43,25741.5,25741.5,27751.9972,23249.245150000002,36.494527236524924,857.6262913377686,16641.46931851,10085.106531277,VENDI,BASSO
2023-06-06,25741.5,27368.67,25351.92,27243.63,27243.63,27707.871600000002,23302.06035,50.2687467883252,940.4208419564995,18531.05925936,10346.227905782502,VENDI,BASSO
2023-06-07,27243.45,27402.79,26121.06,26346.41,26346.41,27626.9318,23350.3773,44.11402231652423,964.8000675310353,16094.37567105,10520.699260043,VENDI,BASSO
2023-06-08,26347.09,26820.3,26212.63,26508.32,26508.32,27580.9038,23401.65625,45.412875856175205,939.2907769931041,8160.84833962,10549.365362491499,VENDI,BASSO
2023-06-09,26505.71,26780.4,26283.5,26482.81,26482.81,27545.596400000002,23455.2696,45.23449487703062,907.6914357793112,10536.83247431,10919.8356072565,VENDI,BASSO
2023-06-10,26482.8,26534.95,25385.52,25856.1,25856.1,27517.641399999997,23503.551549999996,40.97614372044518,924.9584760807891,16967.73205546,11491.49597215,VENDI,BASSO
2023-06-11,25856.1,26219.1,25648.0,25937.02,25937.02,27479.953599999997,23550.30165,41.73879347341504,899.682870646447,8653.83803604,11496.4667669475,VENDI,BASSO
2023-06-12,25936.98,26108.64,25616.98,25905.82,25905.82,27446.2104,23596.8927,41.516054083464724,870.5383798859865,10491.06768405,11441.293299499,VENDI,BASSO
2023-06-13,25905.99,26435.81,25710.78,25930.23,25930.23,27414.514,23643.98935,41.77783822272069,860.1449241798448,14396.74678337,11294.099773248501,VENDI,BASSO
2023-06-14,25929.35,26090.0,24821.0,25123.34,25123.34,27350.8924,23687.3514,36.03573169385673,889.3488581669988,14480.51749351,11413.402794888501,VENDI,BASSO
2023-06-15,25123.41,25749.99,24750.0,25569.99,25569.99,27293.7706,23733.101950000004,40.87968253986626,897.2517968693562,18601.18891862,11850.5322247275,VENDI,BASSO
2023-06-16,25569.99,26486.56,25143.24,26329.6,26329.6,27230.688199999997,23783.718449999997,48.080776799674275,929.113811378688,16632.7425402,12514.750397653,VENDI,BASSO
2023-06-17,26329.6,26783.2,26165.98,26506.56,26506.56,27174.046799999996,23834.06125,49.62030067715169,906.835681994496,7209.4251028,12388.9395533095,VENDI,BASSO
2023-06-18,26507.97,26693.11,26245.27,26336.46,26336.46,27115.789,23879.906899999998,48.14254982355687,874.0502761377462,5233.68378154,12082.86168714,VENDI,BASSO
2023-06-19,26336.46,27040.64,26250.0,26837.78,26837.78,27067.601799999997,23929.1954,52.62095638994921,868.0923992707643,9643.06748389,11963.792146105001,VENDI,BASSO
2023-06-20,26839.04,28417.11,26637.41,28320.43,28320.43,27072.465,23985.324,62.84158918494916,933.2072278942812,28704.55295587,12640.866666031001,ACQUISTA,MEDIO
2023-06-21,28320.41,30800.0,28271.67,29995.08,29995.08,27098.6786,24050.856750000003,70.56523237341267,1047.1445687589755,31445.78143275,13616.77601512,ACQUISTA,ALTO
2023-06-22,29999.85,30513.25,29539.57,29886.31,29886.31,27115.6298,24114.7438,69.55398628683267,1041.8970995619059,18457.66785815,13929.350971426,ACQUISTA,MEDIO
2023-06-23,29886.25,31443.67,29802.65,30707.61,30707.61,27152.637400000003,24183.4516,72.73161317561662,1084.691592450341,22659.54058513,14882.8618296895,ACQUISTA,ALTO
2023-06-24,30709.59,30815.92,30265.88,30547.18,30547.18,27172.8458,24250.74225,71.16906939633536,1046.502192989602,6883.28318615,15021.271048019,MANTIENI STATO ATTUALE,ALTO
2023-06-25,30547.3,31057.86,30288.33,30480.24,30480.24,27204.3974,24318.943450000002,70.48859368551865,1026.7184649189162,6265.47434464,14502.471299325498,MANTIENI STATO ATTUALE,ALTO
2023-06-26,30480.24,30662.66,29900.0,30272.18,30272.18,27240.3504,24384.174300000002,68.30261344639663,1007.8571459961365,12491.83081677,14200.509877196,MANTIENI STATO ATTUALE,MEDIO
2023-06-27,30272.24,31020.54,30228.44,30697.38,30697.38,27300.396800000002,24452.00825,70.32780629952666,992.445921282127,11995.526853,13995.5674362935,MANTIENI STATO ATTUALE,ALTO
2023-06-28,30696.06,30716.93,29840.0,30074.94,30074.94,27348.9498,24516.74245,63.892331583577665,984.1947840476893,9391.66542094,14057.1082903595,MANTIENI STATO ATTUALE,MEDIO
2023-06-29,30074.93,30838.0,30036.18,30446.47,30446.47,27405.398999999998,24583.54875,65.89824125366226,971.1680137585686,12261.34048625,14143.3336909565,MANTIENI STATO ATTUALE,MEDIO
2023-06-30,30445.67,31277.0,29417.14,30466.72,30466.72,27475.002200000003,24649.82405,66.0090797619426,1034.6460127758137,26013.22734909,14595.608455638,MANTIENI STATO ATTUALE,MEDIO
2023-07-01,30466.73,30659.33,30312.8,30587.21,30587.21,27550.5696,24713.8942,66.7025620494008,985.4948690061128,4012.76538882,14363.554823277,MANTIENI STATO ATTUALE,MEDIO
2023-07-02,30587.22,30791.75,30165.39,30613.51,30613.51,27627.0502,24777.9369,66.86148802328796,959.8423783628191,4829.83871313,14080.493374731002,MANTIENI STATO ATTUALE,MEDIO
2023-07-03,30613.57,31399.08,30569.0,31161.8,31161.8,27711.6866,24846.9561,70.06884166310095,950.5736370511893,11391.98257522,13930.2551643235,MANTIENI STATO ATTUALE,ALTO
2023-07-04,31162.71,31333.0,30628.3,30771.25,30771.25,27783.689,24917.64915,65.22615237389097,933.0112344046757,7233.95188576,13567.926883935997,MANTIENI STATO ATTUALE,MEDIO
2023-07-05,30772.93,30882.95,30189.56,30499.27,30499.27,27852.9208,24986.234249999998,62.01188773854624,915.8954319471989,8782.6192239,13076.9983992,MANTIENI STATO ATTUALE,MEDIO
2023-07-06,30499.27,31525.1,29850.0,29899.38,29899.38,27902.752999999997,25052.025349999996,55.51387244842096,970.124329665256,17229.92231032,13106.857387705999,MANTIENI STATO ATTUALE,BASSO
2023-07-07,29895.6,30456.0,29715.87,30352.08,30352.08,27973.3848,25121.587049999995,59.00495930565837,953.696163260595,11137.14221055,13303.2432430935,MANTIENI STATO ATTUALE,MEDIO
2023-07-08,30350.35,30388.91,30047.78,30291.69,30291.69,28041.4132,25188.55725,58.34715763194917,909.9414373134097,3856.11078847,13234.364593439997,MANTIENI STATO ATTUALE,MEDIO
2023-07-09,30291.69,30451.78,30066.95,30168.38,30168.38,28102.508599999997,25255.266349999998,56.95102726746855,872.4334775053089,3884.04687903,12946.413563197,MANTIENI STATO ATTUALE,BASSO
2023-07-10,30168.26,31055.75,29955.0,30419.89,30419.89,28175.8534,25323.288249999998,59.100659738803095,888.741800540644,12703.78162563,12146.374996685,MANTIENI STATO ATTUALE,MEDIO
2023-07-11,30419.89,30811.65,30304.45,30626.55,30626.55,28251.2898,25392.53495,60.83137490577131,861.488814787741,10653.5761104,11106.7647305675,MANTIENI STATO ATTUALE,MEDIO
2023-07-12,30624.65,31000.0,30200.0,30381.81,30381.81,28314.461600000002,25460.2584,57.71648715096298,857.0967565886167,14881.70511963,10927.9665936415,MANTIENI STATO ATTUALE,BASSO
2023-07-13,30383.26,31862.21,30250.73,31471.83,31471.83,28417.4702,25533.47245,66.05370799921278,910.9812739751441,26135.6192364,11101.770526204999,ACQUISTA,MEDIO
2023-07-14,31471.83,31645.66,29920.31,30330.52,30330.52,28494.4994,25600.53525,54.03904146519325,969.1504686912051,19272.20339271,11721.216536533,MANTIENI STATO ATTUALE,BASSO
2023-07-15,30330.93,30406.27,30254.67,30301.65,30301.65,28566.2352,25668.54985,53.77259903137488,910.7540066418335,2559.07232743,11535.8964356725,MANTIENI STATO ATTUALE,BASSO
2023-07-16,30302.01,30457.03,30075.93,30247.64,30247.64,28633.8282,25737.089749999996,53.24369603518224,872.9215775959881,4021.41012275,11112.3754009715,MANTIENI STATO ATTUALE,BASSO
2023-07-17,30247.56,30345.45,29668.58,30143.08,30143.08,28675.289,25804.667449999997,52.173795242409746,858.9178934819888,10632.8066781,11044.2393922265,MANTIENI STATO ATTUALE,BASSO
2023-07-18,30143.08,30249.3,29525.0,29861.93,29861.93,28717.6312,25870.9766,49.30485066674805,849.3023296618468,11124.83936583,11130.898089471,MANTIENI STATO ATTUALE,BASSO
2023-07-19,29861.92,30196.24,29757.44,29916.72,29916.72,28761.9626,25937.908450000003,49.8832141114207,819.9807346860008,8804.54675154,10958.0584027355,MANTIENI STATO ATTUALE,BASSO
2023-07-20,29916.69,30421.29,29564.19,29809.13,29809.13,28813.6836,26003.896200000003,48.70807128874922,822.6321107798581,11494.95348803,10232.1447096825,MANTIENI STATO ATTUALE,BASSO
2023-07-21,29809.13,30060.28,29729.48,29907.98,29907.98,28875.2748,26070.10135,49.87640757001052,787.5012457241539,7598.61053359,10411.436966921001,MANTIENI STATO ATTUALE,BASSO
2023-07-22,29907.15,30002.38,29626.86,29795.03,29795.03,28926.161600000003,26135.72915,48.51652086378893,758.0740138867144,3629.48251055,10351.419156792,MANTIENI STATO ATTUALE,BASSO
2023-07-23,29793.62,30350.7,29733.55,30081.61,30081.61,28986.241799999996,26201.915100000002,52.08607244067435,748.0080128948063,4513.83214295,10007.5116351785,MANTIENI STATO ATTUALE,BASSO
2023-07-24,30081.61,30099.99,28850.0,29176.98,29176.98,29027.340599999996,26263.67155,42.15114052950727,783.8638691166059,14484.27557634,10370.027819707499,MANTIENI STATO ATTUALE,BASSO
2023-07-25,29176.98,29376.51,29046.0,29225.14,29225.14,29097.0134,26325.056950000002,42.77691056200297,751.4814498939911,7140.85368901,10287.939542963,MANTIENI STATO ATTUALE,BASSO
2023-07-26,29225.11,29686.41,29089.54,29353.23,29353.23,29139.2054,26387.11125,44.49661134942337,740.4377749015631,9635.09206614,9908.198030754002,MANTIENI STATO ATTUALE,BASSO
2023-07-27,29350.88,29571.42,29075.0,29214.92,29214.92,29196.5756,26447.559949999995,42.99411427774223,723.0079338371656,7327.4507106,9717.713455756499,MANTIENI STATO ATTUALE,BASSO
2023-07-28,29214.93,29532.45,29115.32,29316.15,29316.15,29252.732200000002,26508.2508,44.471994075375044,701.1595099916539,7105.49434797,9880.1826337315,MANTIENI STATO ATTUALE,BASSO
2023-07-29,29316.05,29411.09,29253.44,29355.71,29355.71,29310.1902,26567.811850000002,45.07130258493051,662.3374021351073,2893.05298823,9830.6329391915,MANTIENI STATO ATTUALE,BASSO
2023-07-30,29356.65,29450.0,29033.0,29281.39,29281.39,29378.696,26624.497449999995,44.10815821202332,644.8133019825997,4387.57256615,9414.822486217501,MANTIENI STATO ATTUALE,BASSO
2023-07-31,29280.41,29526.99,29102.65,29230.67,29230.67,29444.569000000003,26676.41205,43.42613263173615,629.0652089838427,8793.83887155,9321.835624275,VENDI,BASSO
2023-08-01,29230.61,29726.73,28477.0,29697.27,29697.27,29520.398,26725.224,50.94143942840929,673.3984083421395,17751.31113096,9465.3159248415,ACQUISTA,BASSO
2023-08-02,29699.25,30033.0,28903.79,29164.22,29164.22,29585.077800000003,26766.26,43.785466000147224,705.9563791748438,17967.34799565,9056.902362804,MANTIENI STATO ATTUALE,BASSO
2023-08-03,29163.87,29399.97,28938.93,29174.18,29174.18,29666.0946,26807.7324,43.94391748913241,688.4623520909265,8920.01477716,8539.2929320265,VENDI,BASSO
2023-08-04,29174.84,29312.28,28747.1,29076.48,29076.48,29736.2244,26847.1773,42.67327437698369,679.6564697987175,7291.14687702,8775.896659506001,VENDI,BASSO
2023-08-05,29077.04,29111.87,28946.17,29047.12,29047.12,29790.574800000006,26886.73125,42.27765109875482,642.9452933845234,2490.84710469,8699.368508603,VENDI,BASSO
2023-08-06,29047.33,29163.24,28955.0,29040.01,29040.01,29841.2438,26928.559849999998,42.17567786928178,611.894915285629,2461.64012073,8290.810180734501,VENDI,BASSO
2023-08-07,29040.01,29246.0,28660.53,29179.21,29179.21,29898.098800000003,26969.0348,44.97399925067057,610.0074213366556,9200.08523317,8194.5724741015,VENDI,BASSO
2023-08-08,29179.28,30222.0,29104.65,29770.01,29770.01,29956.743400000003,27004.535799999998,54.94081270247978,646.2461769554659,15610.25491294,8534.8578821715,VENDI,BASSO
2023-08-09,29770.01,30128.88,29344.16,29562.76,29562.76,29981.59,27038.402749999997,51.422152205044306,656.1371643157898,10451.45167511,8482.6827915255,VENDI,BASSO
2023-08-10,29562.76,29709.38,29306.0,29424.03,29424.03,29970.168999999998,27071.94855,49.1528540673719,638.0830811503763,7104.55622213,8457.980075952499,VENDI,BASSO
2023-08-11,29424.04,29534.14,29213.59,29400.45,29400.45,29960.451800000003,27104.34935,48.75898303259351,615.4021467824922,5961.21744691,8574.5668227705,VENDI,BASSO
2023-08-12,29400.45,29477.31,29349.98,29416.96,29416.96,29934.6388,27138.2533,49.066730730501895,580.5398505837429,1906.1707986,8444.183755553,VENDI,BASSO
2023-08-13,29417.19,29447.6,29247.15,29275.94,29275.94,29909.214,27169.321200000002,46.49793786889778,553.3905755420468,2128.37437697,7826.388695584501,VENDI,BASSO
2023-08-14,29275.78,29665.27,29072.96,29405.49,29405.49,29887.718999999997,27201.2963,49.13258825965026,556.1705344319007,7063.46806345,7822.519414306499,VENDI,BASSO
2023-08-15,29405.49,29464.62,29046.58,29170.14,29170.14,29865.678200000002,27231.725,44.81503520257898,546.3040676867647,5815.32226178,7631.530924088501,VENDI,BASSO
2023-08-16,29170.13,29231.92,28690.37,28700.51,28700.51,29825.740799999996,27260.082799999996,37.69643457842466,545.9644914234243,9669.42535941,7748.629656529,VENDI,BASSO
2023-08-17,28700.51,28751.84,25234.76,26627.57,26627.57,29756.7934,27274.49165,21.478609072101122,758.1870277503227,27723.2108711,8779.5154826855,VENDI,ALTO
2023-08-18,26627.21,26834.37,25610.0,26048.89,26048.89,29668.841800000002,27290.555949999998,19.01874741602299,791.4858114824425,21190.13041519,9694.369354033499,VENDI,ALTO
2023-08-19,26048.9,26269.11,25793.11,26096.42,26096.42,29581.4358,27305.39375,19.830877658579396,768.9511106622681,6554.05344759,9802.6933981055,VENDI,ALTO
2023-08-20,26096.4,26296.78,25975.01,26189.14,26189.14,29493.4744,27317.6596,21.48506152242635,737.0096027578205,4345.07228674,9580.255068865,VENDI,ALTO
2023-08-21,26189.36,26260.25,25814.0,26125.18,26125.18,29403.707800000004,27330.8163,21.160702157929478,716.2410597036906,9936.98111023,9189.5385678285,VENDI,ALTO
2023-08-22,26125.16,26137.99,25350.0,26042.11,26042.11,29301.314,27343.85915,20.723114262921953,721.36598401057,12418.87289323,8912.114812707501,VENDI,ALTO
2023-08-23,26041.94,26818.28,25796.47,26427.54,26427.54,29214.4398,27359.3525,28.14753980019377,742.8262708669577,15743.86437208,9253.307292453499,VENDI,ALTO
2023-08-24,26427.73,26567.38,25850.0,26163.49,26163.49,29127.7242,27375.48825,26.328399974349708,741.0086800907465,10002.33992977,9388.866945091,VENDI,ALTO
2023-08-25,26163.49,26294.53,25750.0,26049.39,26049.39,29050.724400000003,27391.914850000005,25.559685082385982,726.974488655693,10926.33773703,9810.641476708,VENDI,ALTO
2023-08-26,26049.4,26115.44,25971.44,26009.61,26009.61,28963.875,27405.739549999995,25.282528529470227,685.333453751715,1862.15021008,9780.6669811755,VENDI,ALTO
2023-08-27,26009.62,26171.87,25961.81,26091.16,26091.16,28879.8644,27421.37345,27.029401915886282,651.3853499123065,2069.84831133,9424.1551350835,VENDI,ALTO
2023-08-28,26091.16,26232.88,25850.0,26101.04,26101.04,28798.5176,27442.8755,27.2513145735159,632.2063963471419,5460.42038393,8916.663408633,VENDI,ALTO
2023-08-29,26101.03,28184.89,25903.18,27717.98,27717.98,28744.4794,27473.32055,52.63723294919217,750.028082322346,21402.10102797,9464.195876276,VENDI,BASSO
2023-08-30,27717.15,27775.0,27015.75,27306.06,27306.06,28678.0696,27500.532199999998,48.0382812613812,750.6867907278928,9793.95679478,9598.665904908501,VENDI,ALTO
2023-08-31,27306.06,27576.99,25660.61,25932.45,25932.45,28589.0824,27521.24545,36.56542263270975,833.9505913901862,14462.02738125,10023.706401625499,VENDI,ALTO
2023-09-01,25931.51,26142.28,25307.37,25794.88,25794.88,28475.5434,27541.27415,35.647186421041184,834.0191205766016,14995.72610123,10678.184166757,VENDI,ALTO
2023-09-02,25795.61,25982.48,25707.3,25867.83,25867.83,28386.289600000004,27559.58195,36.55700280302354,794.1020405354159,3810.77429103,10762.30416246,VENDI,ALTO
2023-09-03,25867.82,26123.0,25792.29,25969.83,25969.83,28299.653199999997,27567.7859,37.87945812053652,761.0026090686003,3434.5195669,10580.8567376325,VENDI,ALTO
2023-09-04,25969.83,26093.07,25627.0,25816.13,25816.13,28211.023,27579.2858,36.64005713636832,739.9359941351288,4635.8154655,10521.8813978185,VENDI,ALTO
2023-09-05,25816.14,25884.04,25551.36,25783.91,25783.91,28123.8396,27585.317349999998,36.371396273877295,710.8462802683339,6051.14811848,10340.967535772,VENDI,ALTO
2023-09-06,25782.49,26025.78,25358.0,25747.63,25747.63,28041.553600000003,27590.874350000002,36.050850392059154,707.7701173920242,9374.33792185,9423.523888309499,VENDI,ALTO
2023-09-07,25747.63,26440.55,25595.8,26276.3,26276.3,27968.7452,27600.849299999998,43.82063729542132,717.5543947211653,10885.13902329,8908.274318714499,VENDI,ALTO
2023-09-08,26276.38,26460.41,25640.1,25906.34,25906.34,27890.6894,27606.15615,40.144783401886855,724.8940808125108,11149.95850667,9138.0695716685,VENDI,ALTO
2023-09-09,25906.33,25942.69,25791.45,25897.82,25897.82,27810.4862,27613.3731,40.06143915901529,683.9187893259027,2225.82211069,9032.107062865998,VENDI,ALTO
2023-09-10,25897.82,26023.89,25578.01,25831.76,25831.76,27731.2208,27621.609699999997,39.37879779889914,666.9160186597669,4361.60285333,8753.338150021,VENDI,ALTO
2023-09-11,25831.77,25891.6,24900.0,25152.14,25152.14,27632.631400000002,27627.653800000004,33.12511667497897,690.1077316126406,13404.11510617,8802.600260668,VENDI,ALTO
2023-09-12,25152.13,26556.91,25120.76,25840.61,25840.61,27565.904000000002,27640.922450000002,43.000382091639736,743.3964650688806,19789.48058328,9004.881071228,VENDI,ALTO
2023-09-13,25839.95,26413.59,25763.43,26226.65,26226.65,27505.9342,27656.257149999998,47.666912171735966,736.7367175639605,10099.7383701,9009.7509932445,VENDI,ALTO
2023-09-14,26227.16,26869.06,26128.25,26532.76,26532.76,27449.5248,27671.1368,51.08655148814578,737.027666309392,12929.08237721,9109.8882252535,VENDI,ALTO
2023-09-15,26532.5,26892.65,26213.96,26602.42,26602.42,27397.2748,27686.7013,51.85749622962964,732.8606901444356,9345.93913701,9484.0776716,VENDI,ALTO
2023-09-16,26601.71,26777.0,26453.32,26569.69,26569.69,27342.3456,27703.82315,51.44719399797998,703.6334979912616,4132.04817572,9587.1876648195,VENDI,ALTO
2023-09-17,26569.69,26626.49,26405.04,26530.95,26530.95,27285.8504,27718.320300000003,50.93351211011173,669.1918195633144,3252.26976131,9476.7801336885,VENDI,ALTO
2023-09-18,26530.96,27427.34,26382.13,26764.49,26764.49,27235.512400000003,27734.801549999996,53.92045607392934,696.0502610230776,17493.70820354,9281.360492467,VENDI,ALTO
2023-09-19,26764.03,27500.0,26666.93,27216.13,27216.13,27195.221599999997,27759.0913,59.10518607338756,705.8373852357149,14386.07884728,9510.966595091999,MANTIENI STATO ATTUALE,ALTO
2023-09-20,27216.52,27393.78,26798.98,27123.94,27123.94,27143.755,27782.95625,57.678565370041504,697.9061434331638,11590.24027633,9367.377239846,MANTIENI STATO ATTUALE,ALTO
2023-09-21,27122.65,27163.48,26359.7,26564.54,26564.54,27091.761399999996,27803.6155,49.82052018765941,705.4685617593664,11801.98943642,9207.690406605501,VENDI,ALTO
2023-09-22,26564.54,26742.86,26467.94,26578.4,26578.4,27039.8458,27824.455950000003,50.002270766953814,674.7150930622689,8563.0523313,9445.304308619,VENDI,ALTO
2023-09-23,26578.4,26638.58,26513.0,26579.6,26579.6,26989.908199999998,27846.36155,50.01915012729506,635.4911578435356,2597.25705711,9403.4411831295,VENDI,ALTO
2023-09-24,26579.59,26731.1,26118.86,26250.24,26250.24,26933.970599999997,27869.1209,45.4807040986503,633.8303608547114,4587.80529114,9401.040674411499,VENDI,ALTO
2023-09-25,26248.17,26444.95,25983.78,26296.08,26296.08,26879.092,27898.76625,46.212201976499685,621.497477936518,10762.98401397,9636.632469186,VENDI,ALTO
2023-09-26,26296.07,26397.59,26080.0,26208.44,26208.44,26819.676599999995,27928.65805,44.96989994142865,599.7898009410525,7016.42122845,9518.736634516,VENDI,ALTO
2023-09-27,26208.43,26830.0,26088.37,26357.62,26357.62,26751.428799999998,27957.34345,47.55437710458282,609.9212437309774,14123.89690964,9680.6745288335,VENDI,ALTO
2023-09-28,26357.56,27313.86,26321.37,27027.14,27027.14,26700.716399999998,27981.38375,57.25674291299596,637.2475834644791,18975.87763693,10071.970485346501,MANTIENI STATO ATTUALE,ALTO
2023-09-29,27027.44,27238.9,26661.71,26907.0,26907.0,26650.3758,27994.81875,55.28046138150944,632.9577560741593,12712.27177691,10596.2929686575,MANTIENI STATO ATTUALE,ALTO
2023-09-30,26905.57,27097.25,26884.86,26961.0,26961.0,26601.586799999997,28005.8105,56.01533769669857,602.9172020688621,4413.30948101,10598.8783000415,MANTIENI STATO ATTUALE,ALTO
2023-10-01,26961.0,28062.62,26955.25,27995.46,27995.46,26573.156799999997,28023.902,67.15152973545091,638.9495447782291,8747.06888783,10366.0259891245,MANTIENI STATO ATTUALE,ALTO
2023-10-02,27995.46,28613.37,27302.3,27504.04,27504.04,26537.7188,28036.162949999998,59.451034218532605,686.9581487226413,25148.25341854,10633.9646308875,MANTIENI STATO ATTUALE,ALTO
2023-10-03,27504.03,27672.12,27160.47,27428.96,27428.96,26498.188199999997,28036.03965,58.35010219975551,674.4361380995955,14334.10857629,10845.683141197,MANTIENI STATO ATTUALE,ALTO
2023-10-04,27428.96,27842.38,27208.65,27786.75,27786.75,26470.520399999994,28040.071649999994,61.96482596123504,671.5285568067671,10238.17053376,10711.137549024501,MANTIENI STATO ATTUALE,ALTO
2023-10-05,27786.12,28140.0,27358.05,27412.96,27412.96,26444.769400000005,28036.864149999994,56.4525737030739,679.415802749141,14136.04783544,10950.642983946,MANTIENI STATO ATTUALE,ALTO
2023-10-06,27413.15,28288.88,27173.41,27945.17,27945.17,26471.1214,28037.473400000003,61.67959188584154,710.5625311242025,12908.75146274,11389.478148297001,MANTIENI STATO ATTUALE,ALTO
2023-10-07,27945.17,28040.84,27861.2,27976.43,27976.43,26509.672199999997,28036.318900000002,61.96834545703835,672.6394931867594,3489.91595717,11401.36045809,MANTIENI STATO ATTUALE,ALTO
2023-10-08,27976.44,28109.94,27708.6,27933.55,27933.55,26546.4148,28039.3609,61.286148071085236,653.2609579591337,4118.56381073,10732.603238449501,MANTIENI STATO ATTUALE,ALTO
2023-10-09,27933.54,28003.7,27268.63,27596.67,27596.67,26574.5654,28035.579550000002,56.064217972896145,659.1044609620528,10218.62556021,10524.230574096,MANTIENI STATO ATTUALE,ALTO
2023-10-10,27596.67,27739.94,27291.81,27393.29,27393.29,26599.9276,28035.0998,53.12144790718067,644.0348566076203,10265.79357936,10458.0082392475,MANTIENI STATO ATTUALE,ALTO
2023-10-11,27393.28,27478.61,26521.32,26869.19,26869.19,26616.4692,28032.004850000005,46.36726739943399,666.4102239927904,16466.26612207,10691.22207353,MANTIENI STATO ATTUALE,ALTO
2023-10-12,26867.97,26939.55,26537.72,26750.51,26750.51,26622.9286,28025.7929,44.972823723088034,647.5116365647337,7881.21504857,10657.130209393501,MANTIENI STATO ATTUALE,ALTO
2023-10-13,26752.06,27122.24,26662.62,26863.53,26863.53,26636.9294,28024.396200000003,46.61922906117826,634.0908053815386,8694.60097059,10961.9974050675,MANTIENI STATO ATTUALE,ALTO
2023-10-14,26863.54,26988.12,26797.0,26851.71,26851.71,26652.975799999997,28022.284000000003,46.46265837697209,602.4500335685715,2786.76009652,10871.9451453365,MANTIENI STATO ATTUALE,ALTO
2023-10-15,26851.71,27301.37,26806.06,27186.13,27186.13,26676.5062,28016.416950000003,51.43258316709672,594.797174027959,6215.85130529,10644.5885099025,MANTIENI STATO ATTUALE,ALTO
2023-10-16,27186.13,30000.0,27135.92,28520.24,28520.24,26725.0878,28018.840750000003,65.27972750726727,756.8888044545336,36471.7502374,12117.35496035,ACQUISTA,MEDIO
2023-10-17,28520.24,28637.21,28083.19,28408.83,28408.83,26771.2436,28018.512899999994,63.64774516746348,742.398175564924,14171.43180714,12119.731705225,ACQUISTA,MEDIO
2023-10-18,28408.51,28999.98,28151.6,28326.51,28326.51,26783.414200000003,28017.78815,62.40628911103455,749.9683058817153,11820.68114047,11761.971880402,ACQUISTA,MEDIO
2023-10-19,28326.24,28938.96,28122.57,28735.34,28735.34,26811.9998,28020.52315,65.95761395654131,754.71271260445,12662.68000489,11759.492291801002,ACQUISTA,MEDIO
2023-10-20,28734.51,30248.0,28591.85,29684.73,29684.73,26887.0454,28029.88795,72.46306461805662,819.1010902755609,20095.91529217,12543.622582359001,ACQUISTA,ALTO
2023-10-21,29684.73,30369.0,29475.06,29924.84,29924.84,26969.6446,28038.61395,73.82541100471444,824.4467266844493,6369.9347533,12424.7658756325,MANTIENI STATO ATTUALE,ALTO
2023-10-22,29925.91,30275.0,29670.0,30004.15,30004.15,27052.370999999996,28047.75785,74.278076884218,808.771960492703,5720.28965895,11453.367687653,MANTIENI STATO ATTUALE,ALTO
2023-10-23,30004.14,35000.0,29890.89,33087.58,33087.58,27194.726000000002,28072.928449999996,85.0808145313963,1115.938963314653,33228.46734771,12398.085626224001,ACQUISTA,ALTO
2023-10-24,33079.72,35157.23,32851.45,33922.52,33922.52,27356.853799999997,28102.881350000003,86.7086327630902,1200.927608792178,38506.35962554,13811.495080813,ACQUISTA,ALTO
2023-10-25,33921.66,35144.0,33690.91,34506.35,34506.35,27531.3026,28135.619049999998,87.71777775687592,1218.9392081641652,18668.45817435,14038.1155977585,ACQUISTA,ALTO
2023-10-26,34504.33,34843.04,33735.86,34154.71,34154.71,27699.444199999998,28164.68765,83.60068821502992,1210.9564075810106,15867.44697165,14186.050373204,ACQUISTA,ALTO
2023-10-27,34153.35,34249.99,33400.0,33906.09,33906.09,27852.04,28185.91605,80.71609031201154,1185.1730927537953,13879.04330119,14705.506740404997,MANTIENI STATO ATTUALE,ALTO
2023-10-28,33905.96,34500.0,33867.38,34085.42,34085.42,28015.621600000002,28205.207199999997,81.21945776096885,1145.7050146999532,4372.52724873,14718.204912304998,MANTIENI STATO ATTUALE,ALTO
2023-10-29,34085.42,34763.0,33937.31,34534.48,34534.48,28188.3548,28228.318600000002,82.45452679079796,1122.8467993642425,5547.09585659,14484.628427124,MANTIENI STATO ATTUALE,ALTO
2023-10-30,34534.48,34871.0,34077.9,34493.79,34493.79,28361.595400000002,28248.753650000002,81.92876681285068,1099.2934565525109,10183.77616922,14480.527556616998,MANTIENI STATO ATTUALE,ALTO
2023-10-31,34493.51,34732.18,34038.79,34656.4,34656.4,28551.6806,28269.57105,82.41143391409011,1070.3003525130457,9282.02866788,14121.315683907498,MANTIENI STATO ATTUALE,ALTO
2023-11-01,34656.38,35647.19,34079.46,35440.1,35440.1,28743.6704,28295.151,84.55282614624934,1105.8310416192571,16197.45981756,14537.127922357002,ACQUISTA,ALTO
2023-11-02,35440.1,35997.8,34311.73,34950.0,34950.0,28918.137400000003,28318.27055,78.14532995877676,1147.276681503596,13455.65527035,14775.180637345,MANTIENI STATO ATTUALE,ALTO
2023-11-03,34947.92,34954.6,34100.0,34731.27,34731.27,29082.1076,28344.677349999998,75.39911328029486,1126.3712042533389,13961.70014519,15333.9276397785,MANTIENI STATO ATTUALE,ALTO
2023-11-04,34730.32,35278.4,34599.85,35087.01,35087.01,29251.7994,28368.145399999994,76.82554297052305,1094.3839753781006,4696.70148339,15257.9701486835,MANTIENI STATO ATTUALE,ALTO
2023-11-05,35087.43,35410.0,34500.0,35035.42,35035.42,29421.113999999998,28399.2739,76.13608521450428,1081.213691422522,5892.67329337,13729.016301482,MANTIENI STATO ATTUALE,ALTO
2023-11-06,35035.79,35294.12,34753.66,35059.46,35059.46,29591.6842,28433.3303,76.2430758710882,1042.5884277494847,7088.27153194,13374.858287722,MANTIENI STATO ATTUALE,ALTO
2023-11-07,35059.46,35963.0,34530.67,35416.28,35416.28,29764.72,28474.142449999996,77.83175054394961,1070.4271114816645,13841.59195597,13475.903828497001,ACQUISTA,ALTO
2023-11-08,35416.63,36113.59,35103.14,35639.13,35639.13,29933.18,28513.23105,78.7859023102103,1066.1430320901168,12253.15808483,13455.427732494,MANTIENI STATO ATTUALE,ALTO
2023-11-09,35639.13,37999.0,35555.16,36706.59,36706.59,30124.833,28558.7991,82.64026664362126,1164.549958369394,29045.85195583,13902.924565676998,ACQUISTA,ALTO
2023-11-10,36704.01,37548.8,36334.46,37324.83,37324.83,30340.038800000002,28607.847999999998,84.4072815394644,1168.1063899144376,15183.168535,14343.586254762,ACQUISTA,ALTO
2023-11-11,37324.84,37424.03,36701.5,37139.12,37139.12,30551.2532,28652.0215,81.71655187825492,1136.279504920549,5344.45382766,14324.7944631975,MANTIENI STATO ATTUALE,ALTO
2023-11-12,37139.94,37247.0,36740.9,37086.03,37086.03,30761.381800000003,28695.32125,80.92236838455295,1091.2666831405097,3317.50278576,12829.2462351,MANTIENI STATO ATTUALE,ALTO
2023-11-13,37086.5,37442.48,36351.0,36475.67,36475.67,30965.8904,28730.281000000003,72.23092290974638,1091.281920059045,10543.29564712,11431.093036179,MANTIENI STATO ATTUALE,ALTO
2023-11-14,36475.68,36756.16,34758.64,35554.09,35554.09,31151.050600000002,28761.3583,61.49172677673791,1156.0132114833991,16008.49077729,11298.094666326,ACQUISTA,MEDIO
2023-11-15,35554.1,37987.0,35358.45,37885.35,37885.35,31384.588799999998,28804.5383,72.59263019429744,1261.1944106631565,19941.6757032,11501.806102903498,ACQUISTA,ALTO
2023-11-16,37885.35,37958.75,35511.11,36161.15,36161.15,31580.6594,28839.10835,59.03724217678108,1345.9405241872166,18455.96829165,11730.6523524265,MANTIENI STATO ATTUALE,MEDIO
2023-11-17,36161.15,36831.99,35869.0,36630.38,36630.38,31772.7242,28881.873899999995,61.16269430742262,1318.5869153167012,12218.85138403,12122.9685591915,MANTIENI STATO ATTUALE,MEDIO
2023-11-18,36631.56,36857.15,36205.89,36594.89,36594.89,31966.482000000004,28921.42635,60.9052863067233,1270.920707079794,3468.39821362,12019.033677043,MANTIENI STATO ATTUALE,MEDIO
2023-11-19,36596.14,37546.62,36404.52,37391.19,37391.19,32175.0858,28963.18855,64.51396570782325,1261.7192280026663,4366.44892344,11728.167314754,MANTIENI STATO ATTUALE,MEDIO
2023-11-20,37389.06,37784.07,36720.0,37475.64,37475.64,32364.6894,29006.280600000002,64.8841694714253,1247.6014260024758,14114.01039926,11969.766401322999,ACQUISTA,MEDIO
2023-11-21,37472.76,37675.77,35744.9,35751.89,35751.89,32529.6464,29037.35625,52.7805200633755,1296.4063241451558,20837.73934338,12201.780377614,ACQUISTA,MEDIO
2023-11-22,35755.33,37875.0,35633.0,37424.31,37424.31,32729.553400000004,29079.964500000002,60.48280309268635,1363.948729563359,17606.97239528,12409.346233860499,MANTIENI STATO ATTUALE,MEDIO
2023-11-23,37424.31,37653.67,36888.0,37304.05,37304.05,32919.8994,29124.1121,59.72833785678038,1321.2145345945476,7211.31754936,12071.827104069,MANTIENI STATO ATTUALE,MEDIO
2023-11-24,37304.04,38454.0,37257.56,37745.84,37745.84,33126.557,29174.366,61.622276467578864,1312.3020678377945,17507.8900414,12712.3865319695,ACQUISTA,MEDIO
2023-11-25,37746.29,37920.27,37615.91,37805.99,37805.99,33323.7734,29225.1595,61.885100789469554,1240.3062058493801,3567.42244915,12596.1239897585,MANTIENI STATO ATTUALE,MEDIO
2023-11-26,37806.84,37842.17,37156.72,37462.79,37462.79,33513.5006,29274.353400000004,59.38609400642817,1200.6736197172816,6113.0562518,12547.3632257515,MANTIENI STATO ATTUALE,MEDIO
2023-11-27,37462.01,37578.42,36715.1,37241.63,37241.63,33699.6622,29325.62875,57.76724271320741,1176.5769325946187,13510.45476059,12530.8063659825,MANTIENI STATO ATTUALE,MEDIO
2023-11-28,37241.64,38425.96,36873.55,37838.26,37838.26,33904.494,29380.775849999998,60.86647649245535,1203.4221516950029,18156.47258233,12825.9720908575,ACQUISTA,MEDIO
2023-11-29,37838.26,38480.0,37581.93,37863.84,37863.84,34113.905,29436.147650000003,60.99862581657071,1181.6112837167884,15162.68883049,12131.8139345905,ACQUISTA,MEDIO
2023-11-30,37864.79,38152.18,37500.0,37732.27,37732.27,34331.166600000004,29490.1591,59.878598440764044,1143.7947634513034,8081.19248391,11776.715132035999,MANTIENI STATO ATTUALE,MEDIO
2023-12-01,37732.27,39000.0,37618.25,38703.54,38703.54,34570.2272,29547.821150000003,64.98926552871825,1160.7915660619246,16395.90197806,12329.287539556,ACQUISTA,MEDIO
2023-12-02,38706.55,39740.0,38660.03,39478.95,39478.95,34822.5356,29610.0275,68.44503888107107,1155.0185970575017,7540.7688183,12540.450841183,MANTIENI STATO ATTUALE,MEDIO
2023-12-03,39467.42,40221.22,39293.02,39984.81,39984.81,35085.1976,29672.9127,70.49137349641825,1138.817268696252,7153.15663784,12370.943890719,MANTIENI STATO ATTUALE,ALTO
2023-12-04,39984.81,42410.46,39983.6,41987.24,41987.24,35381.2198,29748.74645,76.88231716175878,1230.8203209322342,21993.05995554,12670.172349631499,ACQUISTA,ALTO
2023-12-05,41985.53,45000.0,41384.03,44084.39,44084.39,35692.502799999995,29834.71705,81.4207088009208,1401.1881551513604,24018.76035474,12874.0265822085,ACQUISTA,ALTO
2023-12-06,44086.33,44290.37,43369.0,43764.05,43764.05,35999.6072,29917.96925,78.87355343236825,1366.9154297834064,15977.55938336,12750.106136794002,ACQUISTA,ALTO
2023-12-07,43766.41,44057.23,42846.53,43280.95,43280.95,36298.695999999996,30000.610750000003,75.0599178420528,1355.7571847988777,13055.36691088,12791.931913136501,ACQUISTA,ALTO
2023-12-08,43281.11,44754.99,43087.17,44192.87,44192.87,36607.846600000004,30087.30145,77.2919105320014,1378.0473858846722,13579.40860176,13297.4824325435,ACQUISTA,ALTO
2023-12-09,44192.86,44384.68,43586.14,43723.25,43723.25,36888.617,30169.801600000003,73.63709018707745,1336.6540011786242,5469.40708431,13352.630340587002,MANTIENI STATO ATTUALE,ALTO
2023-12-10,43722.84,44049.51,43562.06,43793.68,43793.68,37165.9938,30257.162999999997,73.83690007617504,1275.9965725230086,3919.09423649,12842.884532448501,MANTIENI STATO ATTUALE,ALTO
2023-12-11,43793.67,43811.81,40150.0,41229.61,41229.61,37390.503000000004,30330.91575,56.922263575226935,1446.4118173427937,25524.67094691,13077.231112625,MANTIENI STATO ATTUALE,MEDIO
2023-12-12,41229.61,42088.56,40636.51,41477.39,41477.39,37558.2992,30404.7284,57.92533291727151,1446.814544675451,13414.86773655,12867.6258796885,MANTIENI STATO ATTUALE,MEDIO
2023-12-13,41477.6,43475.0,40553.15,42885.54,42885.54,37737.5596,30484.81615,63.17348126585029,1552.174220055776,15798.66423037,13296.993213738999,MANTIENI STATO ATTUALE,ALTO
2023-12-14,42887.39,43442.15,41426.76,43027.77,43027.77,37907.988,30559.6048,63.66645094710004,1585.2610614803634,15434.25971384,13193.311697361001,MANTIENI STATO ATTUALE,ALTO
2023-12-15,43027.77,43095.71,41640.51,41933.89,41933.89,38063.571599999996,30630.550150000003,57.31212866068727,1575.9709856603372,10861.72864667,13558.027007237,MANTIENI STATO ATTUALE,MEDIO
2023-12-16,41934.84,42680.2,41626.66,42237.29,42237.29,38230.1956,30703.23585,58.547893350796,1538.6544866845986,5315.65582307,13518.1569858005,MANTIENI STATO ATTUALE,MEDIO
2023-12-17,42235.23,42367.82,41222.0,41349.59,41349.59,38375.479,30773.8684,53.65385321690703,1510.5948804928416,6649.06495765,13175.0874956535,MANTIENI STATO ATTUALE,MEDIO
2023-12-18,41349.59,42754.79,40508.01,42650.01,42650.01,38537.7896,30852.976349999997,59.05360755065028,1563.17953188621,13394.33474824,12936.980603949001,ACQUISTA,MEDIO
2023-12-19,42650.01,43461.86,41780.0,42266.22,42266.22,38693.2382,30928.054000000004,56.94493020749731,1571.6567081800522,13403.93447528,12849.0428861885,ACQUISTA,MEDIO
2023-12-20,42266.25,44324.86,42184.48,43674.77,43674.77,38873.6056,31011.039849999997,62.26987639088893,1612.2798004529054,19307.1089644,13410.338710213002,ACQUISTA,ALTO
2023-12-21,43673.11,44250.0,43295.78,43875.32,43875.32,39042.31,31094.80625,62.97206772877034,1565.2755289919837,13170.9728222,13249.09225242,MANTIENI STATO ATTUALE,ALTO
2023-12-22,43875.56,44424.36,43412.82,44013.73,44013.73,39223.584599999995,31186.1674,63.47726387731961,1525.7229912068422,10733.55348079,13408.7314855445,MANTIENI STATO ATTUALE,ALTO
2023-12-23,44013.65,44033.84,43333.35,43726.35,43726.35,39403.4862,31268.581000000002,61.59807066474447,1466.7777775492104,4075.08953972,13254.8281306385,MANTIENI STATO ATTUALE,MEDIO
2023-12-24,43728.36,43985.67,42614.17,43025.03,43025.03,39562.2466,31351.974099999996,57.1514996348834,1459.9722220099811,4947.00165569,12402.525215646001,MANTIENI STATO ATTUALE,MEDIO
2023-12-25,43025.02,43818.29,42755.35,43589.67,43589.67,39733.3316,31437.38085,59.675378595696245,1431.612777580697,4799.73104807,11441.5737503125,MANTIENI STATO ATTUALE,MEDIO
2023-12-26,43589.67,43605.0,41600.67,42515.53,42515.53,39882.453,31517.544449999998,53.2496340538737,1472.5211506106473,13035.02745535,11294.447153912,ACQUISTA,MEDIO
2023-12-27,42521.21,43709.98,42111.47,43474.4,43474.4,40043.6154,31605.635950000004,57.635120502676386,1481.5203541384585,12917.48404475,11287.5530106055,MANTIENI STATO ATTUALE,MEDIO
2023-12-28,43469.06,43830.34,42265.08,42581.23,42581.23,40182.4574,31688.856999999996,52.678087214956705,1487.5017574142826,13583.91599843,11287.778380439,MANTIENI STATO ATTUALE,MEDIO
2023-12-29,42581.23,43137.1,41300.0,42063.45,42063.45,40289.5946,31769.64515,49.993696627331325,1512.4730604561196,16756.43323881,11852.129688164001,MANTIENI STATO ATTUALE,MEDIO
2023-12-30,42064.22,42593.73,41518.19,42141.03,42141.03,40385.9186,31850.69915,50.401521074083476,1481.2635561378254,11609.82377015,12236.666164847,MANTIENI STATO ATTUALE,MEDIO
2023-12-31,42139.32,42850.0,41964.68,42288.06,42288.06,40488.897399999994,31936.52275,51.21358142666303,1438.6961592708378,11397.57303743,11530.311269373,MANTIENI STATO ATTUALE,MEDIO
2024-01-01,42288.58,44240.8,42175.65,44220.78,44220.78,40631.592399999994,32029.7767,60.39341854473681,1483.442862180064,7977.72851143,11258.454308117001,MANTIENI STATO ATTUALE,MEDIO
2024-01-02,44220.78,45925.82,44195.13,44972.8,44972.8,40801.535,32122.9927,63.28802125519465,1501.1033720243454,29583.38407747,11947.690300471999,ACQUISTA,ALTO
2024-01-03,44972.81,45519.32,40625.68,42862.44,42862.44,40947.702,32204.7721,51.838531456985635,1743.4274168797492,32281.85234351,12790.069931955499,MANTIENI STATO ATTUALE,MEDIO
2024-01-04,42860.58,44800.0,42650.0,44193.29,44193.29,41073.8608,32294.05625,57.108338706672065,1772.468315674053,18193.81684353,13156.674341798498,ACQUISTA,MEDIO
2024-01-05,44198.35,44443.37,42450.0,44186.59,44186.59,41234.3696,32380.800300000003,57.074480234908364,1788.2470074116209,18073.09561495,13794.5463313925,ACQUISTA,MEDIO
2024-01-06,44187.76,44260.95,43436.5,43992.44,43992.44,41381.6108,32459.16035,56.03767962315245,1719.4043640250763,5691.43460343,13746.6648136815,MANTIENI STATO ATTUALE,MEDIO
2024-01-07,43992.79,44510.01,43629.7,43950.28,43950.28,41528.7186,32528.936349999996,55.80062945468007,1659.4690523089998,5931.34650683,13373.515401611,MANTIENI STATO ATTUALE,MEDIO
2024-01-08,43954.52,47330.0,43200.44,46995.1,46995.1,41720.796800000004,32614.4803,66.74257311196976,1835.904120001214,26447.17326625,14025.6773411595,ACQUISTA,ALTO
2024-01-09,46995.09,47901.0,44701.54,46124.08,46124.08,41893.7656,32691.562649999996,62.01309739058036,1933.3009685725558,26305.56366042,14375.6000759605,ACQUISTA,ALTO
2024-01-10,46120.79,47732.5,44320.01,46666.11,46666.11,42112.05,32772.1573,63.73526131447851,2038.9573279602303,36534.39765866,15543.7713177835,ACQUISTA,ALTO
2024-01-11,46678.54,49102.29,45555.55,46342.66,46342.66,42290.417,32851.4694,61.930928248579846,2146.656090248785,38150.89478822,16914.638383155,ACQUISTA,ALTO
2024-01-12,46344.96,46522.2,41444.97,42773.03,42773.03,42399.7966,32913.97365,46.339416429772776,2355.9827980881573,46862.43347199,19054.0055797685,MANTIENI STATO ATTUALE,MEDIO
2024-01-13,42775.1,43250.0,42427.0,42839.33,42839.33,42501.666399999995,32974.6834,46.60827852051974,2246.4840267961463,10998.76404264,19356.593699116,MANTIENI STATO ATTUALE,MEDIO
2024-01-14,42839.32,43064.13,41680.73,41697.33,41697.33,42579.493200000004,33032.79535,42.64479154974164,2184.8351677392784,7834.26155365,19508.320224395,MANTIENI STATO ATTUALE,MEDIO
2024-01-15,41698.13,43331.91,41680.0,42490.16,42490.16,42680.04059999999,33093.0138,46.073386454982014,2146.7690843293303,10869.45830576,19400.0417669155,VENDI,MEDIO
2024-01-16,42481.69,43569.23,42028.02,43130.45,43130.45,42797.817,33156.33245,48.73850136524954,2103.5148640200932,18180.4405406,19663.189591708004,MANTIENI STATO ATTUALE,MEDIO
2024-01-17,43130.35,43185.47,42160.0,42739.49,42739.49,42895.8416,33217.093850000005,47.2044632701649,2026.5116594472295,16381.8407159,19803.0858275815,MANTIENI STATO ATTUALE,MEDIO
2024-01-18,42737.68,42877.22,40600.05,41293.5,41293.5,42964.4348,33270.4938,41.94585659747439,2044.4158266295703,25097.42399202,20220.135365242,VENDI,MEDIO
2024-01-19,41290.57,42159.52,40236.49,41624.07,41624.07,43042.2708,33322.80515,43.49557543575681,2035.7454104417438,22745.55271173,20776.921812320998,VENDI,MEDIO
2024-01-20,41623.94,41846.15,41418.55,41666.67,41666.67,43101.5334,33377.282250000004,43.70413352706312,1920.8778811244763,4836.63124969,20448.874722934,VENDI,MEDIO
2024-01-21,41666.67,41858.59,41472.49,41554.05,41554.05,43143.0354,33432.556150000004,43.24965036765745,1811.2508896155853,3138.26294449,20206.901444587,VENDI,MEDIO
2024-01-22,41553.92,41658.0,39372.44,39524.27,39524.27,43133.8246,33480.6806,35.9861105714637,1845.1301117859005,26539.34338688,20054.699410057503,VENDI,BASSO
2024-01-23,39524.27,40144.49,38501.0,39878.3,39878.3,43091.6458,33528.3117,37.94372519467452,1830.727246658336,21966.56334645,19538.9349602045,VENDI,BASSO
2024-01-24,39878.28,40527.26,39382.15,40077.78,40077.78,43011.51359999999,33577.24215,39.074295367839476,1781.754586182741,17438.97734668,19501.192985362002,VENDI,BASSO
2024-01-25,40079.87,40282.87,39503.0,39941.66,39941.66,42935.065800000004,33626.10855,38.55807582798664,1710.1914014554025,12978.7331205,19246.4748606395,VENDI,BASSO
2024-01-26,39941.66,42243.14,39805.95,41814.8,41814.8,42905.74279999999,33683.0831,48.61785593646334,1762.119872780017,19359.37921096,19929.872091016,VENDI,MEDIO
2024-01-27,41814.96,42199.99,41383.94,42126.55,42126.55,42864.41640000001,33740.583099999996,50.082714019384134,1694.5434532957297,3774.45056434,19822.0272938915,VENDI,MEDIO
2024-01-28,42126.55,42839.07,41617.53,42034.59,42034.59,42830.643200000006,33798.847,49.63321072053225,1660.757492346035,4298.44263812,18714.590762485,VENDI,MEDIO
2024-01-29,42034.57,43326.77,41787.35,43306.18,43306.18,42820.893200000006,33858.01875,55.571236502556,1652.0905286070324,12529.09255982,18025.767207455,MANTIENI STATO ATTUALE,MEDIO
2024-01-30,43303.3,43872.99,42680.2,42942.78,42942.78,42855.1566,33921.080050000004,53.62546695816476,1619.2833479922444,16384.61219735,17018.2779343895,MANTIENI STATO ATTUALE,MEDIO
2024-01-31,42937.72,43741.94,42265.77,42548.08,42548.08,42876.5704,33982.3122,51.515637711459995,1609.0609659927989,15320.62044085,15876.764217020998,MANTIENI STATO ATTUALE,MEDIO
2024-02-01,42545.47,43276.19,41846.04,43078.81,43078.81,42880.4358,34046.46805,54.129034179892464,1596.2816112790276,11526.63383073,14109.974234958,MANTIENI STATO ATTUALE,MEDIO
2024-02-02,43080.38,43700.0,42527.58,43181.66,43181.66,42883.513600000006,34111.660950000005,54.63930258390154,1566.0057819019542,12202.24125895,14170.1480957735,MANTIENI STATO ATTUALE,MEDIO
2024-02-03,43183.62,43358.13,42863.58,43010.67,43010.67,42905.0492,34177.40465,53.572332004380314,1489.4732260518142,2254.45335539,13891.157685860502,MANTIENI STATO ATTUALE,MEDIO
2024-02-04,43007.82,43100.0,42228.01,42568.55,42568.55,42911.674399999996,34240.6638,50.80954903776023,1445.3672813338273,2643.251649,13479.847353022502,MANTIENI STATO ATTUALE,MEDIO
2024-02-05,42571.91,43520.0,42235.0,42657.67,42657.67,42937.835999999996,34304.9065,51.354141703726775,1433.9124755242683,8756.87806894,13008.6692294395,VENDI,MEDIO
2024-02-06,42658.3,43372.79,42516.07,43095.79,43095.79,42946.7516,34370.84555,54.04755027273732,1392.6844415582493,7940.36830921,12586.595609105,MANTIENI STATO ATTUALE,MEDIO
2024-02-07,43097.16,44430.0,42760.44,44343.61,44343.61,42988.299399999996,34443.58845,60.71850406054345,1412.4612671612313,12440.36853251,11953.742836129499,ACQUISTA,MEDIO
2024-02-08,44345.94,45637.38,44335.0,45305.2,45305.2,43020.907999999996,34519.7064,64.94214753972986,1404.5983195068575,19283.80580787,11780.655490936499,ACQUISTA,MEDIO
2024-02-09,45304.83,48230.02,45252.93,47160.41,47160.41,43086.609800000006,34609.62355,71.34396340350845,1516.919153827796,22108.85067543,12644.266462223499,ACQUISTA,ALTO
2024-02-10,47157.01,48179.43,46889.53,47767.06,47767.06,43161.676400000004,34702.33315,73.07536383498929,1500.7034999829534,5663.309891,12770.518809549001,MANTIENI STATO ATTUALE,ALTO
2024-02-11,47767.06,48614.0,47590.3,48316.3,48316.3,43253.4754,34797.1485,74.57325678035599,1466.6318214127423,5243.1260706,11705.707943735,MANTIENI STATO ATTUALE,ALTO
2024-02-12,48321.14,50363.42,47715.67,49941.81,49941.81,43391.81100000001,34900.78295,78.40275189568075,1550.9974055975465,18545.08725852,11534.6341393385,ACQUISTA,ALTO
2024-02-13,49941.95,50423.42,48327.81,49725.36,49725.36,43514.52479999999,35002.829,76.74524670490648,1589.8983051977218,20471.56790372,11686.263667190502,ACQUISTA,ALTO
2024-02-14,49724.55,52111.0,49253.92,51858.59,51858.59,43701.386,35115.3434,81.00694893999307,1680.4112833978847,20249.94369733,12049.824196032,ACQUISTA,ALTO
2024-02-15,51858.51,52890.0,51353.49,51934.29,51934.29,43870.5838,35228.6079,81.13904139381977,1670.132620298036,18465.04404385,12005.107437676501,ACQUISTA,ALTO
2024-02-16,51935.23,52608.2,51597.87,52162.64,52162.64,44062.212,35343.267750000006,81.55575152216497,1623.003861705319,13816.27351282,12507.1985851005,ACQUISTA,ALTO
2024-02-17,52162.65,52214.05,50642.36,51666.22,51666.22,44254.267400000004,35453.1125,77.54472536409875,1619.338585869225,5387.3486576,12561.6438860745,MANTIENI STATO ATTUALE,ALTO
2024-02-18,51666.23,52400.0,51174.38,52153.63,52153.63,44454.519400000005,35568.05955,78.65474848550983,1591.2158297357091,3997.17143898,12135.047830032501,MANTIENI STATO ATTUALE,ALTO
2024-02-19,52153.63,52501.01,51687.98,51787.05,51787.05,44644.4992,35681.1239,75.62680059412394,1535.6311276117299,6009.01451962,11616.267946146001,MANTIENI STATO ATTUALE,ALTO
2024-02-20,51787.05,53000.0,50764.01,52277.52,52277.52,44805.63399999999,35797.1291,76.9077111276345,1585.656761353749,15888.87599974,11644.6807240905,ACQUISTA,ALTO
2024-02-21,52277.53,52394.91,50628.6,51851.67,51851.67,44943.2114,35911.15185,73.30547992931191,1598.560564114196,13735.03407249,11755.1007361785,MANTIENI STATO ATTUALE,ALTO
2024-02-22,51851.46,52076.0,50905.65,51258.7,51258.7,45111.1366,36022.2453,68.49465934555475,1567.9740952488964,13104.51408087,11800.2143772745,MANTIENI STATO ATTUALE,ALTO
2024-02-23,51260.29,51512.68,50513.01,50747.05,50747.05,45242.2118,36130.084500000004,64.55774461390678,1527.380945588261,11679.16625824,12271.450022417,MANTIENI STATO ATTUALE,ALTO
2024-02-24,50746.98,51696.19,50576.55,51570.65,51570.65,45389.89300000001,36239.087700000004,67.7691766896551,1498.2565923319569,3448.96576791,12311.735728362499,MANTIENI STATO ATTUALE,ALTO
2024-02-25,51568.63,51967.82,51275.01,51731.0,51731.0,45544.6642,36349.9289,68.37009112997721,1440.7246928796742,3617.40106809,12054.76187832,MANTIENI STATO ATTUALE,ALTO
2024-02-26,51730.96,54980.0,50901.23,54533.48,54533.48,45756.3282,36475.47615,76.58627283681454,1629.1565005311259,22422.38763854,12778.862844786501,ACQUISTA,ALTO
2024-02-27,54530.32,57646.81,54490.8,57077.07,57077.07,45957.967599999996,36613.85925,81.3272655356525,1738.2174647789022,28791.48651731,13596.4187440265,ACQUISTA,ALTO
2024-02-28,57077.08,64100.0,56723.48,62518.9,62518.9,46285.863999999994,36779.368950000004,87.26741956637605,2140.953360151838,48265.6721171,15045.512059488003,ACQUISTA,ALTO
2024-02-29,62520.06,63675.48,60355.61,61179.03,61179.03,46576.1224,36938.8844,80.47891270019312,2225.161691569564,36825.89535085,15781.364293258997,ACQUISTA,ALTO
2024-03-01,61179.03,63267.18,60788.33,62436.72,62436.72,46898.0036,37104.04055,81.90205102591682,2243.282285028881,24696.65692545,16733.0316449815,ACQUISTA,ALTO
2024-03-02,62439.74,62500.0,61623.39,62045.78,62045.78,47283.458600000005,37268.41875,79.95091418587558,2145.6628360982468,6882.38410251,16814.994546577,MANTIENI STATO ATTUALE,ALTO
2024-03-03,62045.78,63260.0,61388.0,63154.49,63154.49,47689.7618,37440.688650000004,81.31072340797097,2126.1154906626575,7314.17629968,16253.448998635,MANTIENI STATO ATTUALE,ALTO
2024-03-04,63155.74,68602.98,62300.0,68360.14,68360.14,48223.018,37649.3515,86.08336914499058,2424.4629556153245,40600.36656889,17259.888931893503,ACQUISTA,ALTO
2024-03-05,68356.7,69324.58,59224.68,63800.78,63800.78,48649.2304,37838.11095,69.37347310496335,2972.708458785659,65575.09537327,19526.1465156905,ACQUISTA,ALTO
2024-03-06,63802.15,67654.06,62832.39,66122.28,66122.28,49109.067,38038.24025,72.31975261588144,3104.7771403009688,34655.98799427,20335.6937132115,ACQUISTA,ALTO
2024-03-07,66115.48,68098.09,65599.63,66938.21,66938.21,49593.041399999995,38241.9856,73.29223693543224,3061.4687731366134,22228.36739914,20756.2984075275,ACQUISTA,ALTO
2024-03-08,66938.21,70199.0,66157.09,68289.16,68289.16,50132.9546,38452.805499999995,74.86670251091857,3131.5002893411415,33749.52797544,22174.4073734195,ACQUISTA,ALTO
2024-03-09,68289.16,68700.41,68047.62,68480.0,68480.0,50670.073200000006,38664.99494999999,75.09010212442402,2954.4495543882035,9005.50992187,22424.824297564,MANTIENI STATO ATTUALE,ALTO
2024-03-10,68480.01,70000.0,68221.13,69032.12,69032.12,51217.3822,38878.01785,75.76136083437088,2870.4795862176175,12163.05713369,22732.526428267498,MANTIENI STATO ATTUALE,ALTO
2024-03-11,69032.8,72943.98,67112.21,72110.98,72110.98,51828.5208,39107.755300000004,79.13753440518141,3082.0003300592157,32332.72583229,23554.718919895,ACQUISTA,ALTO
2024-03-12,72110.98,73027.63,68603.0,71475.93,71475.93,52467.554000000004,39334.888,76.7625084884588,3177.9024493407005,29420.19277654,24338.976855097502,ACQUISTA,ALTO
2024-03-13,71473.43,73709.99,71337.3,73135.04,73135.04,53132.688799999996,39570.51515,78.57185734655124,3120.3872743877937,21455.92195688,24756.547248897998,MANTIENI STATO ATTUALE,ALTO
2024-03-14,73135.04,73835.57,68454.47,71364.58,71364.58,53758.42480000001,39796.88225,72.11864103839045,3281.866754788666,34226.602618,25883.919066886,ACQUISTA,ALTO
2024-03-15,71364.58,72414.96,65565.7,69506.88,69506.88,54349.7292,40013.91145,65.99390758962144,3536.680558018048,40195.84231178,27721.262894079497,ACQUISTA,ALTO
2024-03-16,69514.87,70050.0,64774.05,65254.22,65254.22,54818.51760000001,40201.59265,54.56894078882655,3660.9140895881874,16532.825303,28367.034105824998,MANTIENI STATO ATTUALE,ALTO
2024-03-17,65254.22,68877.82,64505.0,68343.64,68343.64,55342.859399999994,40406.78055,59.988202660838745,3711.7645117604607,12631.85084112,27877.507265954,MANTIENI STATO ATTUALE,ALTO
2024-03-18,68354.29,68933.71,66562.65,67613.04,67613.04,55854.4284,40615.1835,58.21954618453723,3615.9999037775715,20057.37580028,27440.8017301025,MANTIENI STATO ATTUALE,ALTO
2024-03-19,67609.39,68136.39,61506.0,61906.27,61906.27,56226.430199999995,40795.74045,46.64982180950513,3831.3134820791734,40111.97553957,27033.116901226,MANTIENI STATO ATTUALE,ALTO
2024-03-20,61902.57,68150.0,60771.14,67858.8,67858.8,56724.75060000001,41005.6953,56.38577108379839,4084.7096619306612,38590.78345488,27121.3613064275,MANTIENI STATO ATTUALE,ALTO
2024-03-21,67855.88,68234.56,64525.0,65484.7,65484.7,57183.483,41203.26965,52.28730990824682,4057.9132575070425,18523.96247162,26812.726583736,MANTIENI STATO ATTUALE,ALTO
2024-03-22,65478.98,66651.1,62258.36,63814.56,63814.56,57598.198,41393.2618,49.55829319659098,4081.8294533993967,17807.65930238,27358.990343729507,MANTIENI STATO ATTUALE,ALTO
2024-03-23,63814.56,66029.09,63013.19,63998.86,63998.86,58014.541999999994,41584.33655,49.86922949009491,4005.69163529944,7395.08270425,27363.035663958006,MANTIENI STATO ATTUALE,ALTO
2024-03-24,63998.87,67637.6,63785.57,67204.93,67204.93,58498.4272,41791.62305,55.05909181213367,3994.7158042066235,6535.8276512,25659.8087180735,MANTIENI STATO ATTUALE,ALTO
2024-03-25,67212.69,71269.92,66381.84,69890.28,69890.28,59044.8618,42009.69295,58.89734738415732,4058.527532477579,22228.13803338,23492.460851079002,MANTIENI STATO ATTUALE,ALTO
2024-03-26,69895.6,71582.96,69269.69,69992.4,69992.4,59591.55640000001,42230.123250000004,59.04061237969418,3933.8662801577525,15697.73440865,22544.548171798,MANTIENI STATO ATTUALE,ALTO
2024-03-27,69994.9,71789.85,68369.62,69435.96,69435.96,60118.359800000006,42447.813949999996,57.857243356145226,3897.1779744322,18703.73738295,22368.3166709885,MANTIENI STATO ATTUALE,ALTO
2024-03-28,69437.16,71635.99,68841.01,70801.18,70801.18,60647.5112,42672.66105,59.976823678033625,3818.449547687044,15224.17928189,21442.049236311002,MANTIENI STATO ATTUALE,ALTO
2024-03-29,70804.06,70941.7,69036.95,69903.75,69903.75,61139.4822,42896.4191,57.91477489194201,3681.7567228522553,7365.03204354,21360.0253423945,MANTIENI STATO ATTUALE,ALTO
2024-03-30,69903.74,70363.25,69569.03,69626.87,69626.87,61588.8114,43115.3504,57.26066971951706,3475.50409979138,3262.62331859,20915.003651639498,MANTIENI STATO ATTUALE,ALTO
2024-03-31,69623.86,71399.91,69587.86,71288.9,71288.9,62059.248199999995,43340.66165,60.168798119532596,3356.6859498062818,4424.66955382,19519.600837716,MANTIENI STATO ATTUALE,ALTO
2024-04-01,71291.5,71313.8,68055.15,69681.82,69681.82,62486.558600000004,43556.406950000004,56.187635286715434,3349.683381962977,13916.60016523,18744.4212071505,MANTIENI STATO ATTUALE,ALTO
2024-04-02,69681.85,69711.0,64521.61,65464.14,65464.14,62797.00519999999,43750.71554999999,47.3355284359155,3481.0909975370496,23496.58634089,18846.454426351,MANTIENI STATO ATTUALE,ALTO
2024-04-03,65472.0,66944.06,64500.0,65987.92,65987.92,63122.2564,43947.8067,48.42227443068038,3407.017354855832,14506.55934744,17860.452262823,MANTIENI STATO ATTUALE,ALTO
2024-04-04,65984.18,69367.19,65073.95,68525.23,68525.23,63455.5892,44157.778099999996,53.43505521673038,3470.31897236613,18624.08140025,16781.864217246497,MANTIENI STATO ATTUALE,ALTO
2024-04-05,68528.69,68783.99,66000.0,67856.51,67856.51,63774.0336,44363.23819999999,52.00062137242164,3421.295474339978,15515.82134206,16731.0140191995,MANTIENI STATO ATTUALE,ALTO
2024-04-06,67856.51,69685.0,67469.19,68919.89,68919.89,64109.17860000001,44571.757000000005,54.11021656998164,3335.18936902998,3985.44167764,16298.693561025499,MANTIENI STATO ATTUALE,ALTO
2024-04-07,68919.57,70312.0,68846.23,69350.34,69350.34,64462.861,44782.889,54.97290963022221,3201.6594140992675,5766.41938443,15584.145740233002,MANTIENI STATO ATTUALE,ALTO
2024-04-08,69350.36,72777.0,69037.33,71622.53,71622.53,64852.238999999994,45008.178949999994,59.32026395359561,3240.0887416636056,16648.69284289,14410.981605399002,ACQUISTA,ALTO
2024-04-09,71616.31,71761.37,68200.0,69117.01,69117.01,65198.838200000006,45220.872,53.2185467176305,3263.0374029733475,15143.52341376,13238.618603343002,ACQUISTA,ALTO
2024-04-10,69115.79,71159.6,67463.07,70634.04,70634.04,65565.96860000001,45441.1442,56.15897557023587,3294.0011599038226,16655.987797,13145.219869612,ACQUISTA,ALTO
2024-04-11,70638.4,71305.86,69530.0,70020.73,70020.73,65929.34980000001,45659.99665,54.66307883088136,3185.5625056249783,11001.16448135,12804.8951285605,MANTIENI STATO ATTUALE,ALTO
2024-04-12,70020.71,71265.74,65110.31,67148.61,67148.61,66247.148,45864.2593,48.18953105749543,3397.6958980803374,23509.75554216,13610.628770456,MANTIENI STATO ATTUALE,ALTO
2024-04-13,67148.62,69100.0,60822.01,64024.77,64024.77,66512.70240000001,46053.34095,42.319271135629535,3746.288333931742,27548.47240557,14661.261008174499,MANTIENI STATO ATTUALE,MEDIO
2024-04-14,64021.36,65890.91,62150.0,65777.05,65777.05,66796.83039999999,46250.4381,46.272913039323505,3745.904167222332,21604.05147827,14630.056680418998,VENDI,ALTO
2024-04-15,65764.56,66928.82,62315.08,63452.18,63452.18,67031.254,46432.5633,42.14532927538708,3807.892440992166,21672.73701332,14928.806810652499,VENDI,MEDIO
2024-04-16,63452.18,64400.0,61645.09,63814.94,63814.94,67216.8832,46617.102999999996,42.99971015769451,3732.679409492726,17710.28213211,14879.1340481105,VENDI,MEDIO
2024-04-17,63814.94,64524.14,59648.33,61279.36,61279.36,67300.929,46788.694800000005,38.6979725552821,3814.3315945289596,21812.15297865,15208.5327329485,VENDI,MEDIO
2024-04-18,61275.73,64210.0,60816.07,63513.85,63513.85,67320.828,46966.28675,44.01351254634799,3784.3029092054626,15249.84211445,15602.773236494002,VENDI,MEDIO
2024-04-19,63514.84,65498.99,59573.32,63848.37,63848.37,67374.2148,47148.0084,44.78540150065807,3937.2577014050726,22838.07934159,16581.546037644002,VENDI,MEDIO
2024-04-20,63841.96,65463.08,63121.15,64968.87,64968.87,67424.8578,47335.707949999996,47.401301050551034,3823.3057227332815,5157.40726514,16618.18292321,VENDI,MEDIO
2024-04-21,64960.82,65725.81,64250.0,64952.92,64952.92,67483.0006,47521.5388,47.36689969037037,3655.6274568237613,4487.48723219,16146.727276557998,VENDI,MEDIO
2024-04-22,64952.92,67272.73,64520.0,66859.17,66859.17,67557.09419999999,47718.769850000004,51.863305205556486,3591.13478133635,10977.05178637,15520.750548832002,VENDI,ALTO
2024-04-23,66856.07,67225.66,65823.66,66414.16,66414.16,67518.1746,47911.1148,50.7728381316093,3434.7680112408966,8840.16749844,15237.430956381999,VENDI,MEDIO
2024-04-24,66418.0,67077.97,63542.56,64255.78,64255.78,67527.2746,48092.51155,45.748571016401236,3441.95672472369,15083.5524347,15060.404508104499,VENDI,MEDIO
2024-04-25,64255.77,65287.69,62747.18,64484.44,64484.44,67494.51779999999,48275.265999999996,46.35422389707084,3377.5676729577126,13256.29877715,14947.428379858999,VENDI,MEDIO
2024-04-26,64484.44,64810.0,63287.76,63742.39,63742.39,67430.6014,48455.9946,44.61359002348462,3245.044267746447,10151.96247701,15255.754419827503,VENDI,MEDIO
2024-04-27,63742.39,63900.0,62389.0,63422.0,63422.0,67333.2582,48636.13814999999,43.84799634991571,3121.183962907415,5312.16741262,15233.041821236999,VENDI,MEDIO
2024-04-28,63422.34,64333.33,62743.81,63108.94,63108.94,67225.837,48817.336899999995,43.070243162687014,3011.7793941283144,4415.96831554,14621.405594869499,VENDI,MEDIO
2024-04-29,63109.76,64200.0,61741.01,63844.85,63844.85,67122.0916,49002.808600000004,45.51669838300119,2972.294437404863,10712.13554316,14399.8362013395,VENDI,MEDIO
2024-04-30,63845.01,64727.81,59040.3,60622.1,60622.1,66892.314,49171.60145,37.84644619384153,3166.238406161658,21106.65540758,14622.3695818685,VENDI,MEDIO
2024-05-01,60621.2,60785.49,56500.0,58265.59,58265.59,66628.1072,49328.67085,33.41263702563114,3246.1849485786825,26611.9312734,15402.907921471002,VENDI,BASSO
2024-05-02,58267.81,59641.03,56903.79,59071.89,59071.89,66346.84419999999,49488.09965000001,36.16814342658877,3209.8317379659193,13593.00905888,14907.070597307,VENDI,BASSO
2024-05-03,59070.3,63365.72,58821.05,62913.03,62913.03,66177.81319999999,49660.0636,47.34664977467883,3305.1773281112105,15954.29032707,14327.361493382,VENDI,MEDIO
2024-05-04,62913.03,64546.0,62565.82,63902.88,63902.88,66065.7332,49837.53385,49.78702275791115,3210.534661817553,6414.57464352,13567.887651644498,VENDI,MEDIO
2024-05-05,63902.88,64636.75,62908.34,64023.45,64023.45,66041.11779999999,50016.01855000001,50.090459611273666,3104.668614544871,4474.5195919,12707.976780573501,VENDI,MEDIO
2024-05-06,64023.45,65523.44,62704.48,63162.24,63162.24,65937.48980000001,50188.15305000001,47.86546422186056,3084.2608563630947,11241.77217344,12384.55128264,VENDI,MEDIO
2024-05-07,63161.35,64415.06,62252.64,62315.76,62315.76,65831.5442,50351.3082,45.71597909253345,3018.415080908588,8994.93773002,11743.6905202085,VENDI,MEDIO
2024-05-08,62315.75,63013.05,60851.04,61169.53,61169.53,65816.8094,50507.53165,42.906201221694715,2957.243289415118,7486.42596849,11355.5197129105,VENDI,MEDIO
2024-05-09,61169.53,63424.14,60601.6,63073.57,63073.57,65721.1048,50672.87875,48.56180132906808,2947.621625885467,8360.0553824,10631.618514951,VENDI,MEDIO
2024-05-10,63073.55,63470.0,60150.0,60787.47,60787.47,65627.1602,50811.37820000001,43.04805111178143,2974.2200811793623,11511.12990976,10949.304647182,VENDI,BASSO
2024-05-11,60787.99,61482.0,60450.13,60814.63,60814.63,65567.1616,50945.83875,43.13066435655266,2835.480789666551,2338.06810837,10841.833690991,VENDI,BASSO
2024-05-12,60814.64,61843.45,60576.05,61453.02,61453.02,65516.24480000001,51080.5721,45.144849973168455,2723.475018976083,2694.97577935,10427.72989064,VENDI,MEDIO
2024-05-13,61453.01,63456.18,60738.51,62932.37,62932.37,65430.7936,51224.4604,49.59961435939081,2723.0603747635055,9170.80865115,10444.2619482755,VENDI,MEDIO
2024-05-14,62927.44,63103.02,61024.51,61539.84,61539.84,65263.7848,51362.62915,45.82696264980589,2677.021062280398,13456.61307634,10362.9149803575,VENDI,BASSO
2024-05-15,61539.7,66480.0,61299.57,66244.69,66244.69,65188.830599999994,51523.4255,57.56972273512448,2855.8359864032263,21821.38858725,10791.1694708625,ACQUISTA,MEDIO
2024-05-16,66244.68,66772.83,64588.5,65252.18,65252.18,65105.155,51677.013999999996,54.86776788704375,2807.87127308871,12012.70197182,10884.206445603,ACQUISTA,MEDIO
2024-05-17,65252.17,67500.0,65113.46,67046.33,67046.33,65030.058,51839.7767,58.646170428761124,2777.776182153802,11710.00723895,11204.0984369195,ACQUISTA,MEDIO
2024-05-18,67046.34,67407.79,66624.06,66923.87,66923.87,64970.4604,52001.114050000004,58.28748238708215,2635.344311999959,3880.58113972,11177.3290781285,MANTIENI STATO ATTUALE,MEDIO
2024-05-19,66923.87,67701.91,65852.02,66261.62,66261.62,64903.1554,52155.22165,56.28271194511571,2579.24043257139,3565.11346165,10819.977974053001,MANTIENI STATO ATTUALE,MEDIO
2024-05-20,66260.04,71560.9,66057.03,71432.17,71432.17,64906.0208,52337.6325,66.08943371866727,2788.1425445305763,20415.88691709,10785.4395495285,ACQUISTA,MEDIO
2024-05-21,71432.16,71980.0,69146.01,70142.84,70142.84,64915.24119999999,52514.69034999999,62.33442762610735,2791.417362778393,16102.06132545,10259.946052131,ACQUISTA,MEDIO
2024-05-22,70142.88,70659.99,68887.52,69109.93,69109.93,64988.157,52684.80495,59.421655947350665,2718.635408294222,10889.10300904,10124.750749638999,ACQUISTA,MEDIO
2024-05-23,69109.93,70066.95,66259.0,67940.45,67940.45,65027.20760000001,52849.3301,56.21853741294825,2796.443593416063,14340.27843589,10044.05015508,ACQUISTA,MEDIO
2024-05-24,67932.79,69278.75,66587.91,68547.8,68547.8,65027.65900000001,53016.77180000001,57.499834392751204,2788.9004796006298,10374.95988085,10242.069416946499,ACQUISTA,MEDIO
2024-05-25,68545.52,69605.03,68487.44,69289.67,69289.67,65056.322199999995,53186.13875,59.07533343397109,2669.521159629156,2501.11901959,10143.399388331,MANTIENI STATO ATTUALE,MEDIO
2024-05-26,69289.69,69522.0,68097.38,68473.72,68473.72,65047.398799999995,53350.3117,56.59053183880822,2580.599648227073,2037.67329089,9683.194444203498,MANTIENI STATO ATTUALE,MEDIO
2024-05-27,68470.8,70613.39,68210.12,69368.72,69368.72,65047.76639999999,53513.622350000005,58.64526283536656,2567.933244782282,5384.62278063,9502.678696734,MANTIENI STATO ATTUALE,MEDIO
2024-05-28,69366.31,69533.96,67194.59,68321.98,68321.98,64981.7554,53668.608100000005,55.34571105989709,2551.6072987264056,11975.93086328,9727.1539414735,MANTIENI STATO ATTUALE,MEDIO
2024-05-29,68321.99,68864.11,67081.66,67569.45,67569.45,64950.8042,53820.75975,53.03546584589807,2496.6674916745196,8970.02059069,9757.652201888,MANTIENI STATO ATTUALE,MEDIO
2024-05-30,67569.44,69536.89,67092.91,68338.58,68338.58,64904.895,53977.0225,55.098450751505666,2492.9040994120537,11841.26381893,9774.1588973465,ACQUISTA,MEDIO
2024-05-31,68338.58,69024.71,66584.47,67472.41,67472.41,64853.92859999999,54132.0062,52.31160978525016,2489.142378025479,10690.85876224,10191.79843004,MANTIENI STATO ATTUALE,MEDIO
2024-06-01,67473.07,67837.33,67371.28,67719.29,67719.29,64865.3422,54292.8322,53.04066792616026,2344.635779595088,1949.57008052,10154.5281450985,MANTIENI STATO ATTUALE,MEDIO
2024-06-02,67719.29,68411.0,67260.0,67735.52,67735.52,64939.557199999996,54442.08305000001,53.09143929861713,2259.376081052582,2997.15241527,9845.8453333045,MANTIENI STATO ATTUALE,MEDIO
2024-06-03,67731.14,70295.78,67568.0,68791.0,68791.0,64999.83619999999,54605.2323,56.39335399039618,2292.8335038345404,11884.90882705,9767.26012084,MANTIENI STATO ATTUALE,MEDIO
2024-06-04,68791.04,71108.9,68542.37,70542.32,70542.32,65141.639,54774.791999999994,61.26541612170964,2312.383253560645,18042.19396496,9578.3003897255,ACQUISTA,MEDIO
2024-06-05,70541.68,71804.13,70356.49,71121.11,71121.11,65287.7624,54947.42310000001,62.74678785798428,2250.615878306313,10123.1802918,9483.8243057245,ACQUISTA,MEDIO
2024-06-06,71120.65,71650.56,70093.98,70773.64,70773.64,65477.648,55114.335349999994,61.23277324356546,2201.0418869987193,7716.5079994,9284.149343747,MANTIENI STATO ATTUALE,MEDIO
2024-06-07,70773.63,71974.04,68298.55,69324.53,69324.53,65593.8616,55273.57980000001,55.24580943728479,2306.359609355953,13768.98185265,9778.569379393499,ACQUISTA,MEDIO
2024-06-08,69326.71,69546.58,69126.22,69304.05,69304.05,65702.9752,55441.340599999996,55.16371957486401,2171.645351544814,2631.94610412,9731.911011516999,MANTIENI STATO ATTUALE,MEDIO
2024-06-09,69303.8,69848.94,69123.99,69637.87,69637.87,65796.35519999999,55602.4084,56.30345582602554,2068.3099692916126,1826.03995531,8802.418663428,MANTIENI STATO ATTUALE,MEDIO
2024-06-10,69641.08,70187.53,69141.51,69497.73,69497.73,65887.2514,55763.376800000005,55.66374798489156,1995.2892571993548,6088.40363232,8301.735778771501,MANTIENI STATO ATTUALE,MEDIO
2024-06-11,69495.97,69547.82,66018.69,67316.53,67316.53,65896.3986,55911.23025,46.75885767881602,2104.849310256544,17354.68915468,8625.015086053501,MANTIENI STATO ATTUALE,MEDIO
2024-06-12,67316.52,70032.0,66883.32,68248.6,68248.6,65933.0874,56063.4433,50.40968052171422,2179.408645238219,17140.01139413,8765.001733965499,MANTIENI STATO ATTUALE,MEDIO
2024-06-13,68248.59,68474.49,66200.0,66738.85,66738.85,65982.7488,56209.823599999996,45.02413208828981,2186.2001705783464,11916.13211129,8842.0603454875,MANTIENI STATO ATTUALE,BASSO
2024-06-14,66746.46,67322.72,65005.0,66004.39,66004.39,66013.1478,56353.6374,42.63765590390106,2195.5944441084644,11520.15791899,9293.0122904575,MANTIENI STATO ATTUALE,BASSO
2024-06-15,66004.36,66428.57,65800.86,66192.0,66192.0,66062.14,56495.4061,43.46203027638907,2083.6026981007176,2004.1421548,9291.335733653,MANTIENI STATO ATTUALE,BASSO
2024-06-16,66192.0,66931.18,65999.0,66628.75,66628.75,66126.275,56639.23065,45.42822831711493,2001.3582196649515,2118.65163435,9128.037176339,MANTIENI STATO ATTUALE,BASSO
2024-06-17,66629.38,67274.96,65050.0,66481.81,66481.81,66193.73240000001,56782.97835,44.86294440112343,2017.3297754031698,14487.64060903,9253.6226636265,MANTIENI STATO ATTUALE,BASSO
2024-06-18,66481.81,66574.33,64010.01,65152.8,65152.8,66219.8914,56915.22465,40.01321832609149,2056.400505731515,15937.73176483,9602.008222333501,MANTIENI STATO ATTUALE,BASSO
2024-06-19,65150.9,65709.26,64635.48,64943.79,64943.79,66306.32519999999,57042.54885,39.29380737002873,1986.2133267506917,4958.38361329,9257.8642120515,VENDI,BASSO
2024-06-20,64945.67,66455.52,64500.0,64840.88,64840.88,66437.831,57166.8292,38.92274050857066,1984.0209462684998,9346.70807899,9190.656677889001,VENDI,BASSO
2024-06-21,64840.89,65017.1,63300.93,64120.28,64120.28,66538.7988,57277.4944,36.335256622135006,1964.8887358207496,9816.79599936,9584.017973831,VENDI,BASSO
2024-06-22,64120.28,64523.91,63910.01,64235.01,64235.01,66565.2384,57378.2475,37.05275086047552,1868.389540404982,2324.21500373,9550.371103254,VENDI,BASSO
2024-06-23,64235.0,64499.95,63125.75,63171.43,63171.43,66550.6094,57475.2844,33.305496379219264,1833.0902875189117,2054.79092364,9058.8652080835,VENDI,BASSO
2024-06-24,63169.36,63343.91,58414.28,60263.0,60263.0,66475.4004,57560.19465,25.662484041829828,2054.2716955532755,21418.04594647,9227.657807159,VENDI,BASSO
2024-06-25,60262.16,62400.0,60217.36,61789.71,61789.71,66447.9498,57648.178850000004,34.19870605288288,2063.440860156613,15201.5824773,9481.577916434002,VENDI,BASSO
2024-06-26,61794.47,62470.0,60656.8,60816.68,60816.68,66417.9682,57733.64600000001,31.70023403901942,2045.5665130025689,11392.79835017,9665.392433972502,VENDI,BASSO
2024-06-27,60818.86,62346.16,60546.94,61615.39,61615.39,66426.8854,57822.75454999999,35.843591775331944,2027.9703335023855,10530.35898848,9503.461290764,VENDI,BASSO
2024-06-28,61611.43,62170.62,59868.0,60313.35,60313.35,66371.681,57918.17325,32.39364121200343,2047.5881668236439,11381.0258738,9940.915279248,VENDI,BASSO
2024-06-29,60312.36,61122.66,60273.8,60885.67,60885.67,66373.645,58015.21465,35.33968011780715,1961.9647263362408,3199.03650127,10009.565106546,VENDI,BASSO
2024-06-30,60884.44,62942.67,60611.01,62668.26,62668.26,66410.7176,58114.12825,43.58558378438876,1988.3715315979375,4263.22924826,9918.306387342998,VENDI,BASSO
2024-07-01,62669.14,63801.26,62448.46,62830.13,62830.13,66438.2598,58213.14005,44.28046010718762,1942.973565055228,12326.70696465,9666.9072778415,VENDI,BASSO
2024-07-02,62830.94,63223.57,61000.0,62040.22,62040.22,66420.4168,58313.6717,41.5883953194752,1963.0161675512832,10688.64132628,9344.338774449,VENDI,BASSO
2024-07-03,62039.44,62197.01,59332.76,60145.01,60145.01,66392.5202,58403.210300000006,35.94235109543705,2027.3900127261916,12066.71677065,9351.868007417,VENDI,BASSO
2024-07-04,60145.01,60429.27,56709.73,57042.14,57042.14,66208.46919999999,58481.67305,29.000587330978675,2148.2578689600346,17969.35692426,9674.3279576805,VENDI,ALTO
2024-07-05,57036.45,57515.6,53499.9,56639.43,56639.43,66036.2142,58551.620149999995,28.23830562172911,2281.6465926057463,28052.41501655,10976.741600767999,VENDI,ALTO
2024-07-06,56634.53,58481.97,56020.32,58244.75,58244.75,65860.1826,58631.512800000004,35.514806690195314,2294.503978848193,6449.32501293,11193.275269697,VENDI,ALTO
2024-07-07,58240.36,58448.89,55717.23,55854.09,55854.09,65638.787,58692.4094,30.54724919011143,2325.729408930465,5320.91645368,10734.939061929499,VENDI,ALTO
2024-07-08,55852.61,58200.0,54278.93,56699.43,56699.43,65447.5432,58756.529950000004,34.05948809933156,2439.682308292575,19043.04861272,10890.204904324,VENDI,ALTO
2024-07-09,56701.18,58295.31,56276.37,58047.86,58047.86,65179.857,58826.700600000004,39.32997169463073,2409.6292862716764,11757.76025902,11230.173736610499,VENDI,ALTO
2024-07-10,58047.86,59481.93,57157.28,57712.59,57712.59,64931.252,58896.6318,38.50587881275907,2403.5593372522712,11619.63229345,11343.8199473335,VENDI,ALTO
2024-07-11,57713.4,59533.06,57036.41,57340.77,57340.77,64695.8688,58968.2105,37.56579230946249,2410.2086703056802,11433.53379518,11424.6568371245,VENDI,ALTO
2024-07-12,57343.66,58550.0,56538.33,57909.03,57909.03,64495.2404,59039.80729999999,39.977655967194345,2381.7416224267026,10516.60400149,11834.276287012499,VENDI,ALTO
2024-07-13,57908.61,59875.0,57770.92,59224.58,59224.58,64308.776,59123.352549999996,45.25061446885819,2361.908649396224,4255.10545721,11944.292013691,VENDI,BASSO
2024-07-14,59224.58,61428.67,59209.2,60808.42,60808.42,64139.151000000005,59210.02265,50.84899523749648,2351.734460153637,6132.37403058,11180.0084178965,VENDI,BASSO
2024-07-15,60804.97,64943.61,60666.59,64757.16,64757.16,64064.8198,59320.902299999994,61.436460294182446,2489.254855856949,20601.73387957,11450.01598801,ACQUISTA,MEDIO
2024-07-16,64757.16,65405.89,62410.33,65088.99,65088.99,63979.22520000001,59436.03,62.17384408945887,2525.4195090100234,14691.92002303,11614.972071653,ACQUISTA,MEDIO
2024-07-17,65086.55,66139.0,63853.99,64085.81,64085.81,63894.501800000005,59545.7539,58.530131602048414,2508.2474012235934,10647.79709095,11620.8439767765,MANTIENI STATO ATTUALE,BASSO
2024-07-18,64085.82,65130.88,63222.6,63982.86,63982.86,63822.77,59654.2279,58.15347617402596,2465.39258685048,7637.52760383,11433.669063278001,MANTIENI STATO ATTUALE,BASSO
2024-07-19,63977.64,67504.22,63289.15,66707.61,66707.61,63790.15059999999,59766.66205,64.63936851760869,2590.3695449325883,15163.05745737,12031.870111082999,ACQUISTA,MEDIO
2024-07-20,66707.61,67635.0,66271.0,67163.83,67163.83,63783.97900000001,59877.6172,65.600741196584,2502.7717202945464,4671.38885135,12052.278091237498,MANTIENI STATO ATTUALE,MEDIO
2024-07-21,67163.82,68380.0,65820.18,68181.28,68181.28,63793.21880000001,60004.21140000001,67.70924050518067,2506.846597416365,6027.86201344,11737.335843677,MANTIENI STATO ATTUALE,MEDIO
2024-07-22,68181.16,68495.0,66569.42,67558.22,67558.22,63789.6728,60121.036049999995,65.07858512646573,2465.327554743768,11844.79119584,11795.143337155,ACQUISTA,MEDIO
2024-07-23,67560.03,67786.84,65444.3,65939.24,65939.24,63732.63760000001,60229.7993,58.697004631049495,2456.557015119213,10791.03782177,11731.359389711,MANTIENI STATO ATTUALE,BASSO
2024-07-24,65939.24,67131.17,65090.61,65366.4,65366.4,63629.1192,60336.6691,56.58278075985275,2426.8429426106977,7702.25551129,11218.0043190625,MANTIENI STATO ATTUALE,BASSO
2024-07-25,65358.86,66161.98,63412.46,65795.42,65795.42,63522.6054,60445.894799999995,57.80849418849613,2449.8913038527908,10452.25571747,10337.9963541085,ACQUISTA,BASSO
2024-07-26,65795.52,68216.66,65705.6,67924.08,67924.08,63465.614199999996,60550.539699999994,63.33877690405061,2454.2604964347343,9315.20918753,10481.290562838502,MANTIENI STATO ATTUALE,MEDIO
2024-07-27,67921.46,69418.15,66635.28,67899.41,67899.41,63437.1118,60659.41635,63.23532711461706,2477.732603832253,10233.62198513,10726.925839411,MANTIENI STATO ATTUALE,MEDIO
2024-07-28,67901.81,68308.82,67021.8,68244.3,68244.3,63415.9168,60767.30730000001,64.11766865608597,2392.681703558521,3505.5483691,9950.05082723,MANTIENI STATO ATTUALE,MEDIO
2024-07-29,68244.3,70000.0,66400.01,66771.45,66771.45,63358.5884,60869.45125,57.74418499560246,2478.918010447198,13641.48475825,10044.2370521915,MANTIENI STATO ATTUALE,BASSO
2024-07-30,66767.14,66994.15,65283.68,66169.68,66169.68,63292.0274,60986.4345,55.32442250355329,2424.028866843826,8733.57157991,9899.9340165145,MANTIENI STATO ATTUALE,BASSO
2024-07-31,66169.68,66837.4,64500.0,64609.62,64609.62,63237.8892,61095.285950000005,49.52978372946875,2417.8410906406953,8986.37529253,9777.576091382,MANTIENI STATO ATTUALE,BASSO
2024-08-01,64609.61,65593.56,62212.81,65288.18,65288.18,63178.6808,61213.24020000001,51.89012781862684,2486.620298452074,15636.72205775,10033.581994195,MANTIENI STATO ATTUALE,BASSO
2024-08-02,65293.48,65557.86,61150.0,61418.06,61418.06,63072.265,61307.8797,40.310819047150446,2623.8517057054974,15390.00963957,10590.327203313,MANTIENI STATO ATTUALE,BASSO
2024-08-03,61418.06,62171.58,59819.13,60674.93,60674.93,62965.6758,61395.6021,38.53273307947948,2604.4658695836765,8019.39450918,10684.678227243001,VENDI,ALTO
2024-08-04,60674.93,61082.3,57123.0,58130.95,58130.95,62804.45480000001,61472.559400000006,33.14311450014051,2701.2397360419855,10319.01091658,10170.542079093499,VENDI,ALTO
2024-08-05,58131.31,58282.83,49050.01,54029.12,54029.12,62552.462199999994,61536.2375,26.666561970219647,3167.781183467558,59125.78926672,12392.235541278,VENDI,ALTO
2024-08-06,54037.9,57091.16,53965.57,56048.08,56048.08,62343.787599999996,61608.35755,33.549639443947314,3164.76752750559,16897.67519536,12704.729446498499,VENDI,ALTO
2024-08-07,56048.07,57757.15,54564.15,55148.1,55148.1,62143.693600000006,61675.76470000001,32.10314101854951,3166.784132683762,13971.5151871,13021.428825661998,VENDI,ALTO
2024-08-08,55144.14,62755.24,54737.32,61705.58,61705.58,62078.9294,61776.52235000001,49.26683800495192,3513.2938374920645,20623.04985861,13294.428445724,VENDI,ALTO
2024-08-09,61704.05,61764.38,59552.46,60862.13,60862.13,61999.3544,61883.21165,47.600067617218876,3420.338563385488,11569.80744379,13639.349375346,VENDI,ALTO
2024-08-10,60864.71,61500.0,60255.61,60935.02,60935.02,61935.6492,61988.49524999999,47.76453502307248,3264.9136660008103,3157.63609699,13495.838079523499,VENDI,ALTO
2024-08-11,60935.01,61868.69,58312.63,58722.49,58722.49,61825.39880000001,62081.7188,43.31984098303951,3285.709832715039,5229.37008498,13165.0670239805,VENDI,ALTO
2024-08-12,58717.44,60721.77,57653.31,59358.78,59358.78,61749.1458,62178.8044,44.90757879908423,3270.1919875211074,12183.92944247,13234.711605015498,VENDI,ALTO
2024-08-13,59358.78,61615.43,58402.01,60603.19,60603.19,61755.9496,62272.74635,47.976864597899606,3266.136845555314,10879.76363828,13393.587011364998,VENDI,ALTO
2024-08-14,60603.19,61827.2,58453.56,58690.62,58690.62,61693.967800000006,62355.566699999996,43.926359247890296,3273.815642301363,12938.61473824,13517.9049624035,VENDI,ALTO
2024-08-15,58690.62,59883.49,56120.0,57543.61,57543.61,61628.5064,62433.111800000006,41.65503369820798,3308.7923821369795,14506.63316989,13777.4761615215,VENDI,ALTO
2024-08-16,57543.57,59871.61,57096.56,58888.99,58888.99,61573.9784,62511.02585,45.2322215602695,3270.6679262700527,11930.21788221,13862.3059563755,VENDI,ALTO
2024-08-17,58888.99,59711.02,58803.45,59497.49,59497.49,61557.6612,62593.799399999996,46.82034469310227,3101.8752172507634,2787.56355634,13826.406715737501,VENDI,ALTO
2024-08-18,59497.49,60284.99,58422.0,58437.9,58437.9,61508.70579999999,62673.248499999994,44.4056658062864,3013.383416018566,4325.64817169,13360.614886409501,VENDI,ALTO
2024-08-19,58436.2,59639.81,57820.0,59452.67,59452.67,61444.394,62755.11779999999,47.21344253379492,2928.1281720172396,8539.29378706,13350.900996766999,VENDI,ALTO
2024-08-20,59455.81,61457.03,58571.96,59017.59,59017.59,61368.143200000006,62834.29745,46.13754066640152,2925.0525883017226,11062.05279919,13454.684872100002,VENDI,ALTO
2024-08-21,59017.59,61849.98,58793.89,61163.28,61163.28,61350.6044,62925.06050000001,51.95266300919211,2934.4124034230285,13380.11101719,13341.854320071998,VENDI,ALTO
2024-08-22,61167.54,61430.48,59750.0,60383.29,60383.29,61355.37,63014.1342,49.84593176316061,2844.8458031785267,9608.6955368,13052.788614933499,VENDI,ALTO
2024-08-23,60383.28,64987.0,60343.2,64086.72,64086.72,61496.2616,63121.27945,58.459331339380135,2973.342531522918,17852.77117167,13544.457448058,ACQUISTA,BASSO
2024-08-24,64091.63,64529.78,63564.22,64179.63,64179.63,61647.065599999994,63226.69864999999,58.65118693873784,2829.9294935569947,5020.91676004,13279.552740231,MANTIENI STATO ATTUALE,BASSO
2024-08-25,64179.63,65050.08,63793.74,64251.93,64251.93,61767.2092,63326.240249999995,58.8106084394854,2717.5302440172095,4012.30764642,10523.878659216,MANTIENI STATO ATTUALE,BASSO
2024-08-26,64250.01,64509.36,62806.8,62840.0,62840.0,61906.9274,63413.91425,54.39958858110203,2645.0323694445515,10741.96651081,10216.093224988499,MANTIENI STATO ATTUALE,ALTO
2024-08-27,62840.09,63226.26,58025.49,59439.64,59439.64,61961.73159999999,63475.3104,45.54069626374147,2827.5850573413695,14195.89496578,10227.3122139225,MANTIENI STATO ATTUALE,ALTO
2024-08-28,59437.68,60236.98,57851.62,59045.88,59045.88,61981.692,63531.7045,44.63424720369712,2795.9975532455574,10001.12169866,9696.215805925001,VENDI,ALTO
2024-08-29,59047.94,61194.09,58729.39,59364.47,59364.47,62014.7296,63586.945349999995,45.57809657528514,2772.333442299446,10933.22040343,9664.386453907,VENDI,ALTO
2024-08-30,59353.12,59929.63,57700.0,59112.77,59112.77,62050.1696,63632.80015,44.92646889214251,2733.568910706628,9382.9124508,9975.6502715975,VENDI,ALTO
2024-08-31,59117.59,59446.99,58739.31,58968.37,58968.37,62071.3564,63679.015199999994,44.533104562578764,2588.8625599418688,1368.21775121,9782.592654908998,VENDI,ALTO
2024-09-01,58968.37,59070.55,57200.0,57299.0,57299.0,62032.844800000006,63706.217249999994,40.15576089890259,2537.554519946021,4411.05388122,9393.9488768465,VENDI,ALTO
2024-09-02,57291.21,59423.0,57119.01,59139.83,59139.83,61999.473,63742.24495,46.411066708639815,2520.8713399498765,4318.6544603,9065.8934179475,VENDI,ALTO
2024-09-03,59138.89,59825.7,57394.49,57468.84,57468.84,61853.706600000005,63768.775949999996,42.10838129186194,2514.4669585248853,8264.44971184,8832.1851666275,VENDI,ALTO
2024-09-04,57460.5,58531.25,55555.0,57971.0,57971.0,61711.3468,63800.29985,43.79473243738525,2547.4514614873938,13715.96171494,8792.651593879998,VENDI,ALTO
2024-09-05,57971.0,58326.12,55628.04,56156.82,56156.82,61552.76699999999,63820.315800000004,39.336608157733174,2558.210642809723,12281.57828747,8810.219614143,VENDI,ALTO
2024-09-06,56156.82,56995.0,52530.0,53950.01,53950.01,61352.11,63831.1306,34.70820012644961,2694.409882609029,18495.45064356,9595.613968504,VENDI,ALTO
2024-09-07,53950.0,54847.0,53733.1,54156.33,54156.33,61101.08440000001,63840.52465,35.47263367372891,2581.516319565527,3284.57722628,9543.5604212335,VENDI,ALTO
2024-09-08,54159.6,55315.95,53623.95,54881.11,54881.11,60855.43,63855.67185,38.20949260945283,2517.9794395965605,3684.86816392,9300.8391400765,VENDI,ALTO
2024-09-09,54881.1,58119.97,54565.56,57053.9,57053.9,60632.882399999995,63884.64785,45.651532787084626,2592.0101939110923,10203.03329517,9257.888164875501,VENDI,ALTO
2024-09-10,57047.82,58050.35,56377.76,57645.59,57645.59,60434.6298,63919.14055,47.50567797764925,2526.3373229174426,6433.21371111,8910.5432995715,VENDI,ALTO
2024-09-11,57641.15,58014.35,55534.41,57352.79,57352.79,60262.90079999999,63948.05125,46.65739941168308,2523.0232284233393,11678.94297124,9014.0556712935,VENDI,ALTO
2024-09-12,57352.92,58600.0,57311.15,58137.54,58137.54,60118.323599999996,63980.08394999999,49.27188718042039,2434.8679978216724,10175.62390483,8630.198307951501,VENDI,ALTO
2024-09-13,58137.33,60670.0,57630.01,60543.35,60543.35,60013.282199999994,64010.1333,56.33730224482257,2478.090997977267,11935.95544754,8975.950242326498,MANTIENI STATO ATTUALE,ALTO
2024-09-14,60543.35,60660.0,59436.8,60012.35,60012.35,59855.0476,64024.809700000005,54.5319663760701,2388.455926693176,3147.39019631,8932.704369821,MANTIENI STATO ATTUALE,ALTO
2024-09-15,60012.34,60402.34,58695.75,59122.33,59122.33,59679.50600000001,64007.826850000005,51.55014396199708,2339.751217643663,3975.3568185,8594.3738852055,MANTIENI STATO ATTUALE,ALTO
2024-09-16,59122.7,59214.15,57477.0,58208.75,58208.75,59478.795,63992.975450000005,48.61179242557808,2296.708273526259,7654.10991835,8267.284632834,VENDI,ALTO
2024-09-17,58209.76,61373.41,57620.27,60312.6,60312.6,59349.61800000001,63982.35485,54.976340014684375,2400.739111131527,11701.89074715,8352.3230852585,MANTIENI STATO ATTUALE,ALTO
2024-09-18,60317.38,61800.0,59174.5,61769.18,61769.18,59261.608,63980.97185,58.7825235029956,2416.793460336418,11471.50683029,8379.2374066015,MANTIENI STATO ATTUALE,ALTO
2024-09-19,61770.38,63891.82,61569.16,62960.14,62960.14,59228.6184,63980.000100000005,61.63811683685019,2410.069641740959,15075.86835522,8663.885201822499,MANTIENI STATO ATTUALE,ALTO
2024-09-20,62956.04,64140.67,62340.0,63210.69,63210.69,59187.068600000006,63954.252850000004,62.23095060030028,2366.541095902319,10636.1082809,9127.279728307,MANTIENI STATO ATTUALE,ALTO
2024-09-21,63210.94,63575.63,62755.0,63362.74,63362.74,59225.96220000001,63952.06265000001,62.608593663919976,2256.118874766439,1960.85712028,9004.769890259999,MANTIENI STATO ATTUALE,ALTO
2024-09-22,63362.74,64000.0,62380.55,63577.66,63577.66,59284.0168,63939.339550000004,63.16916655948025,2210.6425265688363,2882.2341982,8932.948877154999,MANTIENI STATO ATTUALE,ALTO
2024-09-23,63580.39,64739.67,62566.28,63338.87,63338.87,59388.1752,63921.34285,62.05598008349559,2207.9816318139196,7014.74459935,8870.4636215305,MANTIENI STATO ATTUALE,ALTO
2024-09-24,63338.85,64700.0,62689.15,64272.93,64272.93,59593.051400000004,63901.2617,64.67808653420681,2193.9008009700683,8933.46473574,8631.3387725705,ACQUISTA,MEDIO
2024-09-25,64272.93,64811.0,62932.8,63130.89,63130.89,59734.707599999994,63874.51615,59.283797431832305,2171.3507437579206,5909.09510453,8312.714613423499,MANTIENI STATO ATTUALE,ALTO
2024-09-26,63131.13,65865.0,62652.99,65177.21,65177.21,59935.289800000006,63855.241599999994,64.9281333601603,2245.683547775212,12789.85035505,8027.434598997999,ACQUISTA,MEDIO
2024-09-27,65176.39,66550.0,64827.85,65789.0,65789.0,60016.9582,63823.6317,66.42662424825261,2208.2882943626973,9529.0168808,8339.656581724,ACQUISTA,MEDIO
2024-09-28,65787.53,66266.39,65400.0,65858.99,65858.99,60116.8954,63795.54699999999,66.60242811444245,2112.438416193933,2755.22680581,8293.174513818502,MANTIENI STATO ATTUALE,MEDIO
2024-09-29,65857.33,66059.0,65433.29,65600.01,65600.01,60210.195199999995,63757.871849999996,65.24107915713381,2006.2435293229378,2721.35197741,7919.0904479305,MANTIENI STATO ATTUALE,MEDIO
2024-09-30,65600.01,65624.95,62833.95,63301.25,63301.25,60301.770399999994,63717.555199999995,54.57745624617016,2062.297562942728,10629.74147917,8128.916836333499,MANTIENI STATO ATTUALE,ALTO
2024-10-01,63305.52,64106.75,60150.89,60790.0,60790.0,60330.3948,63673.97079999999,45.77518490948475,2197.5520227325333,15970.80295516,8343.509835529501,MANTIENI STATO ATTUALE,ALTO
2024-10-02,60792.63,62380.34,59969.2,60631.37,60631.37,60330.958399999996,63650.856550000004,45.27841788115428,2212.8083068230667,8764.03050337,8272.9301654565,MANTIENI STATO ATTUALE,ALTO
2024-10-03,60631.36,61474.92,59824.87,60744.99,60744.99,60372.0458,63612.8633,45.732688974555906,2172.6112849071333,7834.55718072,8067.8602521155,MANTIENI STATO ATTUALE,ALTO
2024-10-04,60745.0,62481.0,60454.5,62090.71,62090.71,60462.9878,63585.25165,50.92868444145864,2162.174764556624,7884.21831808,8304.701658204,MANTIENI STATO ATTUALE,ALTO
2024-10-05,62090.7,62380.04,61686.34,62051.29,62051.29,60526.2338,63585.97675,50.77531822232278,2057.283709945437,1783.56564961,8195.1120997595,MANTIENI STATO ATTUALE,ALTO
2024-10-06,62051.29,62978.75,61805.85,62810.86,62810.86,60592.5012,63560.73705,53.67040523949971,1994.1134449493343,2086.21821773,7916.7175147285,MANTIENI STATO ATTUALE,ALTO
2024-10-07,62810.93,64467.02,62113.28,62200.28,62200.28,60667.74880000001,63544.31494999999,51.070210889833874,2019.8010560243818,10707.1500015,7866.980477446001,MANTIENI STATO ATTUALE,ALTO
2024-10-08,62203.82,63191.05,61824.48,62122.02,62122.02,60721.13579999999,63535.85225,50.7309561408043,1973.141694879783,6566.33034742,7621.7216533025,MANTIENI STATO ATTUALE,ALTO
2024-10-09,62118.44,62507.68,60255.0,60578.28,60578.28,60752.3496,63518.74935,44.45730438254936,1993.1087166740842,7582.36723494,7247.0465972884995,MANTIENI STATO ATTUALE,ALTO
2024-10-10,60578.28,61271.59,58863.9,60279.53,60279.53,60734.6746,63484.12234999999,43.34029288817815,2022.721665483078,10462.57962276,7238.3701643815,VENDI,ALTO
2024-10-11,60279.53,63416.7,60029.98,62518.75,62518.75,60777.383799999996,63447.2647,52.89386017378786,2120.150117948572,11454.9900534,7713.076811037501,MANTIENI STATO ATTUALE,ALTO
2024-10-12,62518.75,63474.25,62464.15,63187.47,63187.47,60759.398799999995,63413.24005,55.31693289633026,2040.8608238093884,3943.90648994,7766.1604256245,MANTIENI STATO ATTUALE,ALTO
2024-10-13,63183.08,63270.18,62033.0,62845.3,62845.3,60732.712199999994,63380.28675000001,53.79221103149418,1983.4550506801465,2257.61460657,7528.303925985501,MANTIENI STATO ATTUALE,ALTO
2024-10-14,62847.89,66500.0,62426.67,66065.65,66065.65,60768.986600000004,63356.609099999994,63.882362749885594,2132.731832774422,13638.71106556,7763.5662424765005,ACQUISTA,MEDIO
2024-10-15,66065.64,67944.76,64778.44,67056.6,67056.6,60853.31859999999,63342.37335,66.31957536297435,2206.55955900482,16324.01191342,8284.312082921,ACQUISTA,MEDIO
2024-10-16,67056.62,68399.0,66743.0,67608.44,67608.44,61016.6946,63332.2812,67.62956754851723,2167.2338762187615,12465.75691229,8268.107410783,ACQUISTA,MEDIO
2024-10-17,67608.45,67926.99,66629.97,67402.33,67402.33,61183.823599999996,63312.84835,66.58783410908158,2105.075742203136,7912.22639285,8187.267886385499,MANTIENI STATO ATTUALE,MEDIO
2024-10-18,67399.86,69000.62,67149.24,68426.11,68426.11,61365.05640000001,63306.5698,69.13132531230359,2086.9546177600546,11802.74441943,8639.6437670665,ACQUISTA,MEDIO
2024-10-19,68426.11,68689.29,68005.83,68363.73,68363.73,61550.075600000004,63321.06775,68.78771994586943,1986.7050022057645,1868.86958754,8597.019647573,MANTIENI STATO ATTUALE,MEDIO
2024-10-20,68363.73,69380.0,68083.18,69014.86,69014.86,61751.0054,63336.202450000004,70.43932578175944,1937.4275020482105,2632.89214855,8197.177181042,MANTIENI STATO ATTUALE,ALTO
2024-10-21,69014.87,69498.0,66802.0,67346.15,67346.15,61951.9484,63330.30705,61.4631098616919,1991.6112519019098,10226.59346669,7909.966706618501,ACQUISTA,MEDIO
2024-10-22,67346.15,67800.0,66535.0,67380.08,67380.08,62116.7534,63327.924900000005,61.57034380438236,1939.7104481946305,8598.06472763,7901.6684178315,ACQUISTA,MEDIO
2024-10-23,67389.7,67415.65,65149.51,66601.11,66601.11,62299.398799999995,63316.331,57.60707960421504,1963.0268447521564,9021.17140157,7960.999128874001,MANTIENI STATO ATTUALE,BASSO
2024-10-24,66601.1,68800.0,66445.32,68156.84,68156.84,62503.115600000005,63310.3635,62.7624588563718,1991.002070127002,10016.19830413,8067.598128176501,ACQUISTA,MEDIO
2024-10-25,68156.84,68742.38,65500.01,66564.51,66564.51,62711.269400000005,63285.07340000001,55.34388446403825,2080.3854936893595,14485.49253537,8702.6944724645,MANTIENI STATO ATTUALE,BASSO
2024-10-26,66564.51,67365.18,66331.95,67012.56,67012.56,62972.5204,63274.55114999999,56.888058257713375,2005.5886727115478,2949.2199701,8745.844560083,MANTIENI STATO ATTUALE,BASSO
2024-10-27,67008.15,68261.37,66836.78,67943.19,67943.19,63248.2576,63261.096900000004,59.98328136399744,1964.0887675178658,2819.59766921,8351.4669434685,MANTIENI STATO ATTUALE,BASSO
2024-10-28,67943.18,70235.98,67532.48,69924.5,69924.5,63549.1254,63260.615750000004,65.63936276329582,2016.903855552304,16140.14013624,8830.157432909498,ACQUISTA,MEDIO
2024-10-29,69924.49,73624.98,69705.76,72724.35,72724.35,63862.534400000004,63288.494450000006,71.72197657781308,2152.783580155711,20616.91187006,9481.8846646655,ACQUISTA,ALTO
2024-10-30,72724.35,72948.6,71400.01,72322.91,72322.91,64156.08079999999,63329.98515000001,69.8137045656012,2109.6268958588757,13543.49337837,9635.930352446001,ACQUISTA,MEDIO
2024-10-31,72322.91,72684.02,69559.33,70197.83,70197.83,64412.9816,63352.08905,60.619030467449775,2182.131403297528,14726.78460342,9799.520079947,ACQUISTA,MEDIO
2024-11-01,70198.02,71620.0,68720.0,69467.29,69467.29,64639.5766,63382.1646,57.80076039979925,2233.4077316334187,15295.28781188,10367.089146044,ACQUISTA,BASSO
2024-11-02,69466.64,69891.92,69000.0,69358.94,69358.94,64815.888399999996,63409.8846,57.37470732496594,2137.587179373889,2203.99644104,10364.408237767499,MANTIENI STATO ATTUALE,BASSO
2024-11-03,69360.95,69364.65,67444.0,68738.18,68738.18,64990.405,63447.178700000004,54.87887808386871,2122.0916665614677,6758.88506466,10020.4169377225,MANTIENI STATO ATTUALE,BASSO
2024-11-04,68736.4,69453.94,66783.77,67807.48,67807.48,65164.108,63468.64685,51.27732035785501,2161.240118949934,12431.01371517,9825.767027810001,MANTIENI STATO ATTUALE,BASSO
2024-11-05,67810.15,70557.67,67427.53,69380.73,69380.73,65387.5476,63496.30865,56.47700108858758,2230.447253310653,12867.66127618,9845.8622460045,MANTIENI STATO ATTUALE,BASSO
2024-11-06,69380.64,76509.56,69285.82,75646.55,75646.55,65694.2266,63549.69705,70.14332717744799,2587.11102093132,45398.11837369,11720.156845046502,ACQUISTA,ALTO
2024-11-07,75646.55,76999.0,74463.96,75920.0,75920.0,65977.243,63604.53245,70.57753408842359,2583.3916622933684,21932.40207681,12226.6397279155,ACQUISTA,ALTO
2024-11-08,75925.0,77312.18,75654.26,76566.73,76566.73,66249.37479999999,63653.07025,71.6284504213969,2517.286543558128,18378.39876264,13052.116186670499,ACQUISTA,ALTO
2024-11-09,76566.72,76952.67,75758.58,76716.06,76716.06,66519.4822,63704.57975,71.87822061565006,2422.772504732547,4836.57005338,13162.300081912,MANTIENI STATO ATTUALE,ALTO
2024-11-10,76716.06,81534.28,76535.33,80428.92,80428.92,66860.8058,63785.44545,77.24266902427358,2606.7851829659367,16728.21105103,13487.380961129,ACQUISTA,ALTO
2024-11-11,80427.69,89666.0,80277.34,88770.73,88770.73,67364.66720000001,63906.8769,84.42931666373171,3091.2048127540843,35560.11866694,14835.483658094501,ACQUISTA,ALTO
2024-11-12,88770.74,90100.0,85010.0,88035.43,88035.43,67858.5984,64028.3421,81.97200885886369,3233.975897557364,40111.80924643,16390.015550337503,ACQUISTA,ALTO
2024-11-13,88035.43,93495.0,86220.5,90493.82,90493.82,68383.0162,64163.7012,83.68203653833562,3522.5847620175523,42318.6909168,18005.140180971,ACQUISTA,ALTO
2024-11-14,90499.4,91831.25,86672.07,87340.4,87340.4,68867.20640000001,64284.8585,73.98744422891649,3639.484421873441,23422.75915863,18452.003512133997,ACQUISTA,ALTO
2024-11-15,87338.96,91934.62,87100.83,91058.36,91058.36,69384.82939999999,64420.926049999995,77.32314919023756,3724.791963168195,20388.33115227,19323.9590712425,ACQUISTA,ALTO
2024-11-16,91058.36,91820.73,90069.21,90636.24,90636.24,69881.7742,64570.99675,76.12950872421455,3583.843965799037,6598.0269304,19512.880534302,MANTIENI STATO ATTUALE,ALTO
2024-11-17,90638.54,91439.82,88713.64,89886.69,89886.69,70362.3282,64729.102249999996,73.9466195474086,3522.5822539562496,5574.55122824,18984.601088902,MANTIENI STATO ATTUALE,ALTO
2024-11-18,89877.11,92674.8,89372.65,90520.3,90520.3,70860.734,64886.3443,74.60938219826622,3506.8370929593752,17340.77166451,18820.794078624498,MANTIENI STATO ATTUALE,ALTO
2024-11-19,90521.32,94105.84,90403.24,92435.89,92435.89,71443.4268,65033.95859999999,76.55149448090833,3520.820157747991,18267.16111244,19056.977465327996,MANTIENI STATO ATTUALE,ALTO
2024-11-20,92445.04,94989.99,91600.0,94393.15,94393.15,72115.4898,65186.40995,78.37183015739366,3511.475146480278,20329.039987,19337.090234507,ACQUISTA,ALTO
2024-11-21,94384.15,99073.53,94127.2,98439.09,98439.09,72871.6442,65358.48815,81.5588196299277,3613.964778874544,31188.09394751,20131.7305412885,ACQUISTA,ALTO
2024-11-22,98439.1,99860.0,97209.52,99024.03,99024.03,73637.225,65537.7971,81.97241435492258,3545.1444375263623,29936.62215019,21518.361826746,ACQUISTA,ALTO
2024-11-23,99024.03,99044.11,97215.01,97778.77,97778.77,74350.9862,65715.11215,77.96363848935039,3422.5698348459086,12072.47203722,21784.041175374,MANTIENI STATO ATTUALE,ALTO
2024-11-24,97778.78,98700.0,95780.77,98028.18,98028.18,75070.52399999999,65899.4054,78.19365836691594,3386.616989499772,8654.77135767,21595.229057499,MANTIENI STATO ATTUALE,ALTO
2024-11-25,98032.06,98999.0,92534.93,93000.01,93000.01,75674.307,66049.0376,63.74703792456651,3606.4350616783604,20695.912495,21986.64161844,MANTIENI STATO ATTUALE,ALTO
2024-11-26,93001.48,95004.92,90682.58,91929.54,91929.54,76268.8922,66204.74795,61.15651928626691,3657.5711287013346,17848.01962899,20609.136681205,MANTIENI STATO ATTUALE,MEDIO
2024-11-27,91929.53,97386.06,91747.46,95951.19,95951.19,76945.4756,66380.43075,66.64120255032947,3799.0731909369533,15213.90946356,20273.212050542497,MANTIENI STATO ATTUALE,ALTO
2024-11-28,95951.19,96676.31,94671.59,95665.53,95665.53,77647.2206,66551.4933,65.92910346731207,3670.9051058700284,5586.55288339,19633.619756580003,MANTIENI STATO ATTUALE,ALTO
2024-11-29,95665.53,98750.0,95383.46,97490.56,97490.56,78391.4412,66724.28425,68.26243506841067,3649.164741165026,12587.02498942,20021.142503382,MANTIENI STATO ATTUALE,ALTO
2024-11-30,97489.8,97509.6,96129.73,96465.42,96465.42,79070.3746,66898.91215,65.54697506359304,3487.072259653239,3476.04255853,19358.534078757,MANTIENI STATO ATTUALE,ALTO
2024-12-01,96464.95,97895.9,95753.42,97263.18,97263.18,79751.8888,67054.0046,66.65850326651713,3391.0299553922932,4039.27591451,17782.4919411355,MANTIENI STATO ATTUALE,ALTO
2024-12-02,97259.17,98200.0,94400.63,95862.89,95862.89,80412.2406,67207.05815,62.82699447505935,3420.1971014357005,15554.61486745,16554.6322221865,MANTIENI STATO ATTUALE,ALTO
2024-12-03,95862.89,96310.1,93571.3,95924.52,95924.52,81009.418,67351.4491,62.927993974006135,3371.5258799045796,17898.7046212,15333.6329074065,ACQUISTA,ALTO
2024-12-04,95924.85,99263.2,94634.85,98746.24,98746.24,81643.2108,67510.56095,67.30768656945376,3461.2990313399664,17528.92050771,15038.9409748605,ACQUISTA,ALTO
2024-12-05,98746.24,104000.0,92055.86,97044.23,97044.23,82231.9266,67664.474,62.51053303331859,4067.2162433871117,36399.8182427,15839.515329381999,ACQUISTA,ALTO
2024-12-06,97049.47,102104.12,96424.2,99891.35,99891.35,82881.707,67806.7699,66.77628409411975,4182.40936885946,17801.21293952,16399.674629838,ACQUISTA,ALTO
2024-12-07,99885.37,100583.27,99012.73,99929.32,99929.32,83511.77119999999,67955.7023,66.8304897756405,3995.847271083785,4774.3508777,16359.664612311002,MANTIENI STATO ATTUALE,ALTO
2024-12-08,99919.2,101435.05,98729.66,101174.99,101174.99,84167.99639999999,68116.0276,68.63826242945704,3903.6717517206575,4230.35225168,15704.143641669501,MANTIENI STATO ATTUALE,ALTO
2024-12-09,101175.0,101290.73,94220.8,97324.81,97324.81,84734.1954,68262.9494,58.098467882243106,4129.8330551691815,20103.05073464,15795.9381227795,ACQUISTA,ALTO
2024-12-10,97330.66,98338.17,94273.38,96660.76,96660.76,85320.4876,68403.5142,56.48737099856866,4125.187122657097,20620.53877488,15810.5130621735,ACQUISTA,ALTO
2024-12-11,96660.75,101984.98,95722.79,101202.11,101202.11,85996.92820000001,68563.07639999999,63.86693433624467,4277.8301853244475,21190.23753294,15310.620241445,ACQUISTA,ALTO
2024-12-12,101211.61,102595.0,99298.39,100030.47,100030.47,86665.51539999999,68720.86015000001,60.992921671880055,4207.743029229844,14796.92456547,14553.635362209001,ACQUISTA,ALTO
2024-12-13,100024.75,101959.13,99220.81,101428.75,101428.75,87330.9536,68881.1603,63.12558539162044,4102.784241427713,13327.59954074,14616.391737384998,MANTIENI STATO ATTUALE,ALTO
2024-12-14,101428.74,102650.0,100600.0,101399.99,101399.99,88027.66320000001,69046.55034999999,63.049230271160475,3956.156795611448,4181.40180281,14392.723259641998,MANTIENI STATO ATTUALE,ALTO
2024-12-15,101400.0,105100.0,101221.34,104447.76,104447.76,88776.36720000001,69230.9419,67.53127307905507,3950.621310210631,7796.33358128,13747.744313956,MANTIENI STATO ATTUALE,ALTO
2024-12-16,104445.15,107857.79,103289.21,106099.81,106099.81,89539.4996,69419.74805,69.67827344361443,3994.7612166241565,22575.87902891,13984.137283951999,ACQUISTA,ALTO
2024-12-17,106099.98,108388.88,105337.97,106136.99,106136.99,90263.7494,69613.07095,69.72679069651818,3927.343272579574,11994.58863972,13823.17124276,MANTIENI STATO ATTUALE,ALTO
2024-12-18,106145.83,106528.13,99939.82,100150.73,100150.73,90812.27700000002,69775.22815000001,54.58311048481773,4117.412324538176,22294.42835455,14658.565016318,MANTIENI STATO ATTUALE,ALTO
2024-12-19,100148.6,102796.22,95539.67,97372.21,97372.21,91313.263,69923.41159999999,49.23779897717673,4341.636444214021,23522.12863874,15205.320198784,MANTIENI STATO ATTUALE,MEDIO
2024-12-20,97372.2,98132.47,92115.66,97765.0,97765.0,91864.6064,70068.28159999999,49.983491332162686,4461.291698198734,21766.62386138,16119.849263926499,MANTIENI STATO ATTUALE,MEDIO
2024-12-21,97762.75,99596.57,96368.0,97230.08,97230.08,92419.8622,70201.7204,48.92934299751197,4373.240148327396,6451.43271418,16240.457103910001,MANTIENI STATO ATTUALE,MEDIO
2024-12-22,97230.09,97387.98,94182.98,95087.75,95087.75,92934.4384,70321.5536,44.849745310851205,4289.794423446868,4933.50127735,15709.401424405,MANTIENI STATO ATTUALE,MEDIO
2024-12-23,95091.15,96430.08,92360.91,94764.56,94764.56,93454.966,70441.5082,44.25033971885654,4274.035536057806,13476.98947566,15488.315667127998,MANTIENI STATO ATTUALE,MEDIO
2024-12-24,94767.88,99444.0,93426.25,98594.47,98594.47,94070.7058,70587.8579,52.37349665883344,4398.586569196534,13355.36314305,15279.637798895,MANTIENI STATO ATTUALE,MEDIO
2024-12-25,98594.47,99484.92,97557.48,99346.28,99346.28,94670.0168,70738.06905,53.79667734070848,4222.076099968211,5254.2370598,13722.35873975,MANTIENI STATO ATTUALE,ALTO
2024-12-26,99358.67,99887.0,95083.93,95669.49,95669.49,95070.4756,70868.22714999999,46.48132493164663,4263.575664256196,11403.37268934,13402.466727241,MANTIENI STATO ATTUALE,MEDIO
2024-12-27,95669.4,97340.47,93234.31,94171.89,94171.89,95435.5134,70991.59795,43.86489799127605,4252.331688237897,13169.12897588,13822.205632149999,MANTIENI STATO ATTUALE,MEDIO
2024-12-28,94171.7,95534.17,94002.72,95130.82,95130.82,95806.7952,71130.6694,45.96239785105597,4057.982996220904,2722.6591363,13746.820976380997,VENDI,MEDIO
2024-12-29,95125.59,95170.06,92841.48,93563.35,93563.35,96143.741,71257.24315000001,43.12577650067504,3934.454210776554,3417.52751094,12912.544815196,VENDI,MEDIO
2024-12-30,93563.35,94910.48,91271.19,92620.71,92620.71,96387.5768,71386.65245,41.468304212449574,3913.371052863943,15271.24432744,12645.080092824,VENDI,MEDIO
2024-12-31,92620.7,96148.94,91887.13,93354.22,93354.22,96479.2466,71523.4016,43.29463058289449,3938.259549087947,10348.6325655,12102.999844452,VENDI,MEDIO
2025-01-01,93347.59,94960.91,92743.63,94383.59,94383.59,96606.20980000001,71664.35955,45.848214954891425,3815.332438438808,6871.73848196,11706.7405402765,VENDI,MEDIO
2025-01-02,94383.59,97776.99,94177.0,96903.19,96903.19,96734.39719999999,71815.73174999999,51.594243930590864,3799.950835693179,10912.47383962,11585.9842552205,MANTIENI STATO ATTUALE,MEDIO
2025-01-03,96905.48,98969.92,96016.63,98136.51,98136.51,96950.31940000001,71974.00524999999,54.158395551747056,3739.475061715095,9021.88538159,11828.008434159501,MANTIENI STATO ATTUALE,MEDIO
2025-01-04,98139.85,98761.02,97516.65,98209.85,98209.85,97093.3492,72139.2905,54.31337908110357,3561.2532715925886,2742.08960614,11575.2962354025,MANTIENI STATO ATTUALE,MEDIO
2025-01-05,98209.85,98814.0,97250.0,98345.33,98345.33,97247.531,72306.2982,54.61860579218528,3418.5923236216895,2377.92175899,10565.3983719065,MANTIENI STATO ATTUALE,MEDIO
2025-01-06,98347.65,102500.0,97900.0,102279.41,102279.41,97495.38540000001,72493.49085,62.46130191637732,3502.97858622014,15173.55606778,10724.346743309501,ACQUISTA,ALTO
2025-01-07,102279.41,102735.99,96105.11,96941.98,96941.98,97623.81899999999,72657.59934999999,49.86930616811404,3726.400115775845,16587.2869223,10438.989671697,ACQUISTA,MEDIO
2025-01-08,96941.98,97254.35,92500.0,95036.63,95036.63,97675.8338,72811.60745,46.282349049108575,3799.825107506142,14182.29739458,9971.998109488999,VENDI,MEDIO
2025-01-09,95033.18,95363.26,91187.0,92547.44,92547.44,97638.91960000001,72958.4875,42.02918802470917,3826.713314112846,9712.37853215,9369.2858430275,VENDI,MEDIO
2025-01-10,92547.44,95862.92,92209.25,94701.18,94701.18,97564.16139999998,73130.6784,46.601592557449315,3814.3530773904995,12634.03407823,9678.41591123,VENDI,MEDIO
2025-01-11,94701.48,94983.65,93804.05,94565.02,94565.02,97474.98120000001,73294.55494999999,46.35267757293196,3626.1564290054635,2638.69956767,9563.675825745999,VENDI,MEDIO
2025-01-12,94569.91,95383.84,93670.3,94509.62,94509.62,97409.59820000001,73463.01965,46.24444580122901,3489.540969790787,2025.81612971,8991.1171584485,VENDI,MEDIO
2025-01-13,94507.24,95900.0,89028.64,94506.45,94506.45,97339.1636,73627.47495,46.237792897827426,3731.0994719485884,13094.86359481,8978.0921810365,VENDI,MEDIO
2025-01-14,94507.35,97353.29,94311.36,96534.96,96534.96,97409.86260000002,73808.583,51.08707903905411,3681.8730810951174,11210.74226727,9275.917441410002,VENDI,MEDIO
2025-01-15,96534.97,100716.45,96400.0,100510.23,100510.23,97581.4764,74006.7058,58.90912362619316,3727.2000038740375,13610.74729401,9386.2861716435,ACQUISTA,MEDIO
2025-01-16,100504.27,100880.0,97277.58,99981.78,99981.78,97662.0882,74193.2734,57.59065244472026,3718.2871464544633,12312.37366854,9343.4484062765,ACQUISTA,MEDIO
2025-01-17,99981.46,105970.0,99937.81,104107.0,104107.0,97830.9176,74399.65775,64.30655572728611,3883.565921707716,20518.30949325,10233.230924124,ACQUISTA,MEDIO
2025-01-18,104107.0,104933.15,102233.45,104435.0,104435.0,97969.8064,74611.63165,64.78407765813336,3799.0040701571647,7835.29991824,10454.119544489,MANTIENI STATO ATTUALE,MEDIO
2025-01-19,104435.01,106314.44,99518.0,101211.13,101211.13,98064.7206,74816.96225,56.74800551158258,4013.10663657451,13312.63685598,10356.189170916,ACQUISTA,MEDIO
2025-01-20,101217.78,109358.01,99416.27,102145.43,102145.43,98162.3656,75042.4787,58.3600579856975,4436.580448247759,32342.18311338,11455.86669831,ACQUISTA,MEDIO
2025-01-21,102145.42,107291.1,100051.0,106159.26,106159.26,98368.29299999999,75290.07785,64.4842805025259,4636.831844801491,19411.23488978,12082.841518701,ACQUISTA,ALTO
2025-01-22,106159.27,106431.34,103100.0,103667.11,103667.11,98523.14480000001,75517.18965,58.71054548130301,4543.58242731567,10730.018962,12073.71877482,MANTIENI STATO ATTUALE,MEDIO
2025-01-23,103659.6,106870.87,101200.01,103926.36,103926.36,98626.74720000001,75757.55099999999,59.12059548568049,4624.102253935979,25064.86499945,12875.867755713001,ACQUISTA,MEDIO
2025-01-24,103926.36,107200.0,102751.92,104850.27,104850.27,98782.86799999999,75998.3052,60.62149789181801,4611.529235797695,12921.99361413,13384.862956112502,MANTIENI STATO ATTUALE,MEDIO
2025-01-25,104866.13,105294.0,104104.0,104733.56,104733.56,98879.71220000001,76231.7337,60.32021542294661,4367.134290383574,3404.85308291,13436.209522308502,MANTIENI STATO ATTUALE,MEDIO
2025-01-26,104729.92,105478.8,102452.24,102563.0,102563.0,98932.3858,76455.98574999999,54.85952391560476,4271.378983927604,4575.36611531,12906.300024685,MANTIENI STATO ATTUALE,MEDIO
2025-01-27,102565.28,103228.46,97715.03,102062.42,102062.42,98950.13440000001,76679.594,53.653192306379914,4360.096913647061,23647.14111877,13259.292734508499,MANTIENI STATO ATTUALE,MEDIO
2025-01-28,102063.92,103770.85,100213.8,101290.0,101290.0,99029.4382,76896.49885,51.76177006252636,4302.736419815128,9488.53429464,13024.6045795115,MANTIENI STATO ATTUALE,MEDIO
2025-01-29,101290.01,104829.64,101275.6,103747.25,103747.25,99171.168,77119.1122,56.959895538883096,4249.2581041140475,11403.20278905,13109.1457923565,MANTIENI STATO ATTUALE,MEDIO
2025-01-30,103747.25,106484.77,103289.74,104742.64,104742.64,99241.97859999999,77338.7833,58.89233890810358,4173.95609667733,13061.34881233,13130.511529061501,MANTIENI STATO ATTUALE,MEDIO
2025-01-31,104742.63,106090.0,101506.0,102411.26,102411.26,99289.5944,77527.0538,52.901273483053025,4203.244946914663,13313.68104489,13664.260602922499,MANTIENI STATO ATTUALE,MEDIO
2025-02-01,102414.05,102781.65,100250.0,100623.85,100623.85,99273.4964,77704.7281,48.80224565651427,4083.84530784933,3390.25555744,13732.482574308999,MANTIENI STATO ATTUALE,MEDIO
2025-02-02,100623.88,101459.84,96179.0,97676.52,97676.52,99199.02699999999,77872.68165,42.899474138617535,4169.344928717235,10366.65062753,13596.071925944998,MANTIENI STATO ATTUALE,MEDIO
2025-02-03,97676.53,102599.85,91178.01,101460.2,101460.2,99139.2758,78060.06835,51.07986623239769,4687.38029095172,31328.72219576,14601.970922369499,MANTIENI STATO ATTUALE,MEDIO
2025-02-04,101460.15,101812.23,96145.76,97795.05,97795.05,98973.1806,78215.50555,44.43852645947274,4757.315270169454,14168.7031661,14629.868715973998,MANTIENI STATO ATTUALE,MEDIO
2025-02-05,97795.06,99230.49,96161.01,96638.33,96638.33,98783.2074,78362.87805,42.55788021595938,4636.755608014494,9308.59185883,14479.679625488501,VENDI,MEDIO
2025-02-06,96635.62,99182.15,95674.96,96564.62,96564.62,98711.4852,78504.79475,42.43464045768488,4556.072350299172,9168.94674634,13912.211488142999,VENDI,MEDIO
2025-02-07,96575.24,100235.79,95614.96,96537.08,96537.08,98694.78259999999,78649.68905,42.38525400326698,4560.697896706373,12171.82534167,14129.0377593145,VENDI,MEDIO
2025-02-08,96536.93,96919.05,95682.33,96476.25,96476.25,98669.0076,78802.3741,42.26823940556971,4323.270904084489,2972.45715184,13612.0287741075,VENDI,MEDIO
2025-02-09,96476.24,97342.28,94730.67,96475.82,96475.82,98653.9224,78957.9212,42.26735109340895,4201.009410935598,3417.87009701,12165.813123289,VENDI,MEDIO
2025-02-10,96481.47,98367.23,95257.2,97444.41,97444.41,98701.05559999999,79116.16615,45.06784292901544,4123.082310154484,6375.72539123,11514.0376483615,VENDI,MEDIO
2025-02-11,97451.66,98500.0,94831.07,95774.08,95774.08,98721.246,79255.41615,41.343363215190486,4090.642859429163,7737.05105717,11364.38925312,VENDI,MEDIO
2025-02-12,95770.95,98119.98,94066.92,97862.53,97862.53,98706.60720000001,79405.23174999999,47.21690639506865,4087.9583694699368,9078.50356189,10565.071181242,VENDI,MEDIO
2025-02-13,97864.28,98100.0,95220.0,96625.29,96625.29,98652.1874,79547.1367,44.38159681671084,4001.6756287935127,6803.6078927,10259.1518951705,VENDI,MEDIO
2025-02-14,96625.29,98890.11,96268.56,97509.03,97509.03,98688.9782,79700.82459999999,46.83724247125988,3903.095226736834,7744.67640105,10476.1430610775,VENDI,MEDIO
2025-02-15,97507.94,97997.85,97225.01,97596.94,97596.94,98757.4792,79857.9609,47.08750961463007,3679.5055676842035,1626.51929078,10328.700719851,VENDI,MEDIO
2025-02-16,97596.54,97738.22,96057.68,96119.88,96119.88,98777.26039999998,80015.5122,43.391402371292855,3536.7223128496184,2174.29326885,9255.058327355,VENDI,MEDIO
2025-02-17,96119.88,97050.64,95200.0,95781.8,95781.8,98821.62940000002,80167.9803,42.567784214376964,3416.2878619317885,3533.01273263,8957.2822492545,VENDI,BASSO
2025-02-18,95781.8,96730.0,93333.0,95607.4,95607.4,98881.3632,80338.927,42.12360377523091,3414.9101575080895,8867.39878431,8830.492049017499,VENDI,BASSO
2025-02-19,95612.97,96880.0,95000.01,96632.03,96632.03,98946.9194,80518.7125,45.708026974694285,3305.2730034003694,6945.44897339,8524.6970570705,VENDI,MEDIO
2025-02-20,96632.03,98768.54,96419.07,98347.2,98347.2,99026.1916,80719.79375,51.16072892827191,3237.001360300342,10582.84622768,8388.15531621,VENDI,MEDIO
2025-02-21,98347.2,99517.52,94721.92,96157.03,96157.03,99011.2684,80930.4333,44.952278947650754,3348.329834564604,19298.23921958,9183.554499317,VENDI,BASSO
2025-02-22,96157.03,96982.52,95767.95,96582.12,96582.12,98980.18059999999,81133.10350000001,46.31402172436705,3195.91841780999,7324.02366243,9031.423151062,VENDI,BASSO
2025-02-23,96578.49,96679.93,95243.91,96265.98,96265.98,98941.30320000001,81338.6929,45.414252468131814,3070.2113879664184,3787.84705335,7654.3793939415,VENDI,BASSO
2025-02-24,96266.23,96515.41,91300.0,91510.82,91510.82,98804.61300000001,81487.71909999999,34.543580805074996,3223.4398602545316,12644.0435007,7578.146410671499,VENDI,BASSO
2025-02-25,91509.88,92549.99,85836.18,88583.74,88583.74,98530.69959999999,81626.32715,29.81291008396441,3472.7520130934945,31587.91715546,8692.112675503,VENDI,BASSO
2025-02-26,88583.17,89305.68,82111.12,84111.78,84111.78,98274.0956,81742.21095000001,24.330676343144603,3738.5954407296736,21568.55463119,9312.0930697455,VENDI,BASSO
2025-02-27,84111.77,86993.87,82554.11,84625.19,84625.19,98065.86680000002,81871.72445000001,26.012811163913284,3788.6786235346967,16836.55524727,9545.3295650255,VENDI,BASSO
2025-02-28,84627.5,85116.19,78167.81,84297.73,84297.73,97900.8726,81996.4192,25.621587069640483,4014.3715789965045,30755.74245077,10934.493829972,VENDI,BASSO
2025-03-01,84297.74,86534.96,83772.54,86018.76,86018.76,97727.2242,82123.49705,31.456315138239063,3924.946466211041,6852.5441262,11106.227531431501,VENDI,BASSO
2025-03-02,86018.82,95128.88,85003.35,94265.48,94265.48,97721.2334,82301.37135,51.20786005997148,4367.845290053109,16751.22972996,11625.002748367999,VENDI,BASSO
2025-03-03,94265.47,94415.61,85007.01,86161.1,86161.1,97554.26299999999,82444.4588,39.24064722650335,4727.899197906459,22691.67068614,12372.733729816498,VENDI,BASSO
2025-03-04,86161.09,88977.27,81444.0,87249.96,87249.96,97409.13319999998,82586.26365000001,41.2279505291339,4928.282826627426,23130.37098654,13075.327101049,VENDI,BASSO
2025-03-05,87247.93,91000.0,86329.22,90603.73,90603.73,97290.5086,82741.79485,46.980167769528705,4909.88976758261,14900.93396554,13480.193404691,VENDI,BASSO
2025-03-06,90607.73,92817.29,87790.5,89921.85,89921.85,97078.741,82899.2146,45.99450188750079,4918.239784183852,13303.43744669,13758.131456972998,VENDI,BASSO
2025-03-07,89915.02,91280.0,84608.27,86756.98,86756.98,96814.245,83035.73615,41.628912973639686,5043.489085313577,27137.2022302,15033.665603943999,VENDI,BASSO
2025-03-08,86753.3,86863.38,85200.0,86206.69,86206.69,96456.23879999999,83171.68165,40.901967978464654,4802.052722076894,3023.2478665,15076.113333826497,VENDI,BASSO
2025-03-09,86206.64,86480.0,80000.0,80699.17,80699.17,95981.52219999999,83269.3611,34.42301871803889,4921.9060990714015,7565.44749561,15277.735071975501,VENDI,ALTO
2025-03-10,80708.21,84033.66,77389.0,78544.71,78544.71,95528.1938,83360.1682,32.269634821652744,5044.959949137731,21375.10120997,15903.120193258499,VENDI,ALTO
2025-03-11,78548.18,83600.0,76555.0,82914.51,82914.51,95143.57540000002,83454.30715,40.41181112543043,5187.81995277075,17096.37980265,16410.6667347215,VENDI,ALTO
2025-03-12,82911.81,84442.69,80572.21,83659.43,83659.43,94693.5788,83551.70615,41.69848847812959,5093.724241858554,12617.220582,16512.3854524375,VENDI,BASSO
2025-03-13,83659.45,84310.8,79890.0,81073.43,81073.43,94241.7052,83635.81365,38.58377729162924,5045.658224582943,10506.80043483,16072.813513199999,VENDI,ALTO
2025-03-14,81071.5,85318.61,80771.17,83980.49,83980.49,93842.78779999999,83741.51610000001,43.677007966182416,5010.071208541305,10857.45703924,16249.485182040498,VENDI,BASSO
2025-03-15,83989.86,84690.43,83612.24,84351.46,84351.46,93432.8116,83866.0752,44.311672018128796,4729.222550788354,2331.92028578,16176.688843662001,VENDI,BASSO
2025-03-16,84351.45,85092.35,81969.44,82562.57,82562.57,92989.3918,83983.65865,41.86200136386384,4614.485940017758,4059.89765099,15747.481551176501,VENDI,ALTO
2025-03-17,82562.5,84758.46,82416.98,84011.4,84011.4,92618.35979999999,84106.8933,44.53634097141227,4452.128372873633,7785.97733364,14557.384560085502,VENDI,ALTO
2025-03-18,84011.39,84029.67,81125.0,82698.76,82698.76,92231.0866,84224.82324999999,42.62333302526923,4341.595631954088,7316.63296603,13844.7884768275,VENDI,ALTO
2025-03-19,82699.53,87045.45,82535.53,86877.96,86877.96,91942.8458,84364.3712,49.98882119541535,4353.618801100225,13056.03519886,13655.762474407,VENDI,BASSO
2025-03-20,86877.97,87492.87,83596.75,84183.42,84183.42,91551.5692,84498.79329999998,45.89777818115397,4320.940315307352,9880.31696275,12611.991200006,VENDI,ALTO
2025-03-21,84183.41,84809.72,83100.0,84061.96,84061.96,91137.9556,84623.40394999999,45.7161579600827,4134.424578499684,6257.63558757,12582.2457730745,VENDI,ALTO
2025-03-22,84061.96,84517.75,83659.69,83852.03,83852.03,90766.77100000001,84755.3199,45.38190048464432,3900.398537178278,2108.51345069,11850.109959111,VENDI,ALTO
2025-03-23,83852.06,86128.99,83804.67,86092.94,86092.94,90476.1528,84895.9296,49.616697761184795,3787.8214988084014,3467.46945277,10888.899897442501,VENDI,BASSO
2025-03-24,86092.95,88804.64,85533.06,87523.62,87523.62,90273.0948,85052.76359999999,52.166636438048094,3750.947106036373,13107.50391644,10387.7565439375,VENDI,BASSO
2025-03-25,87518.09,88584.34,86321.97,87427.88,87427.88,89992.4484,85220.15295,51.97705736447432,3644.6201698909176,10153.98312373,10150.409001847,VENDI,BASSO
2025-03-26,87432.82,88304.1,85850.0,86926.01,86926.01,89775.0676,85384.00134999999,50.93216349348957,3559.5830148987097,6885.71986041,9829.523122532999,VENDI,BASSO
2025-03-27,86926.01,87790.12,85784.0,87217.48,87217.48,89586.65060000001,85545.6832,51.54144536712899,3448.621370977373,6904.09386105,8817.8677040755,VENDI,BASSO
2025-03-28,87214.07,87498.15,83533.4,84381.8,84381.8,89342.9942,85682.32269999999,45.60795803743731,3485.487701621846,10031.80008987,9168.295315243999,VENDI,ALTO
2025-03-29,84381.81,84584.13,81608.99,82616.83,82616.83,89064.5892,85807.17889999998,42.340750174468056,3449.0342943631426,3194.24303663,8949.735092295,VENDI,ALTO
2025-03-30,82624.06,83508.98,81538.88,82379.98,82379.98,88782.6638,85932.31485,41.906897388691846,3343.3961304800605,2472.72302228,8004.616182910499,VENDI,ALTO
2025-03-31,82379.98,83920.8,81265.16,82534.32,82534.32,88503.8338,86054.29875,42.321647469543514,3294.2706925886278,6887.94694226,7494.194539891,VENDI,ALTO
2025-04-01,82534.31,85566.53,82403.32,85170.37,85170.37,88258.353,86177.43385,49.01664130343437,3284.9092145465825,9130.97692565,7319.882357073499,VENDI,ALTO
2025-04-02,85166.92,88530.0,82283.01,82490.08,82490.08,87992.67300000001,86289.8225,43.489115993115156,3496.4864135075413,16748.28262337,7631.9564665005,VENDI,ALTO
2025-04-03,82490.1,83953.45,81177.7,83174.33,83174.33,87698.909,86410.0825,45.18844327821898,3445.005241114146,11800.91106566,7679.1291678215,VENDI,ALTO
2025-04-04,83178.68,84720.67,81643.54,83860.16,83860.16,87443.6064,86538.33955,46.911623608963026,3418.728438177422,14593.03092888,8292.1846999765,VENDI,ALTO
2025-04-05,83859.78,84238.35,82346.61,83498.25,83498.25,87163.3908,86654.26780000002,46.08821152586819,3309.6578354504636,2836.42920662,8231.011277758002,VENDI,ALTO
2025-04-06,83505.88,83773.58,77058.99,78370.75,78370.75,86778.86700000001,86737.27565000001,36.35262153125595,3552.8672757754302,11014.8594773,8392.455384941,VENDI,ALTO
2025-04-07,78370.15,81223.67,74420.69,79140.01,79140.01,86439.26960000001,86818.175,38.45315862254632,3785.0181846486134,26706.52930797,9361.950202037999,VENDI,ALTO
2025-04-08,79140.02,80849.98,76167.35,76251.64,76251.64,86048.66639999999,86883.37975,33.925805584951746,3849.133314316569,14917.02351692,9454.999617940999,VENDI,ALTO
2025-04-09,76258.8,83583.35,74553.01,82594.75,82594.75,85788.4134,86979.5398,48.31693046805361,4219.2195061511,23584.94464084,10140.2310018455,VENDI,ALTO
2025-04-10,82593.15,82730.93,78387.24,79552.34,79552.34,85446.8196,87059.41320000001,43.43084231820145,4228.110255711735,11876.12778689,10421.1556118115,VENDI,ALTO
2025-04-11,79552.34,84299.0,78919.94,83380.47,83380.47,85147.485,87159.6212,50.248314593070674,4310.320951732325,9964.68703141,10813.9642908475,VENDI,ALTO
2025-04-12,83379.64,85909.97,82765.26,85271.01,85271.01,84929.76460000001,87264.6116,53.24509372222778,4227.063026608588,3972.49282052,10839.215459235002,MANTIENI STATO ATTUALE,ALTO
2025-04-13,85271.02,86092.99,83010.0,83733.07,83733.07,84672.7836,87367.6225,50.576199656295366,4145.343524707975,3904.15929557,10379.0482281915,MANTIENI STATO ATTUALE,ALTO
2025-04-14,83733.07,85818.06,83655.27,84590.36,84590.36,84439.27119999999,87464.68824999999,52.019928650249526,4003.732558657405,7247.02343319,10233.7002436645,MANTIENI STATO ATTUALE,ALTO
2025-04-15,84590.36,86491.4,83592.77,83629.78,83629.78,84281.65040000001,87553.89215,50.248738570071744,3924.796661610447,6461.77024421,10212.502762854501,MANTIENI STATO ATTUALE,ALTO
2025-04-16,83622.52,85526.4,83088.02,84028.72,84028.72,84190.55,87644.7408,50.995005997166665,3818.6240429239856,8246.73748903,10279.634944253501,VENDI,ALTO
2025-04-17,84028.71,85494.94,83711.69,84961.97,84961.97,84207.55380000001,87741.55059999999,52.779424681864114,3673.24018271513,5865.70077325,10071.3299784225,MANTIENI STATO ATTUALE,ALTO
2025-04-18,84961.97,85150.94,84287.06,84466.47,84466.47,84204.37939999999,87847.3767,51.70295420395887,3472.571598235478,1884.07668707,10005.821660944499,MANTIENI STATO ATTUALE,ALTO
2025-04-19,84466.47,85625.0,84353.45,85074.99,85074.99,84219.92460000001,87968.80165,52.97152369132086,3315.3557697900874,1683.30746873,9966.350883267,MANTIENI STATO ATTUALE,ALTO
2025-04-20,85074.59,85319.21,83972.82,85177.34,85177.34,84203.09619999999,88091.5315,53.19420868923517,3174.715357662224,1812.14325365,9712.5606988365,MANTIENI STATO ATTUALE,ALTO
2025-04-21,85177.33,88575.62,85135.98,87522.07,87522.07,84068.228,88225.4169,58.09014628205075,3193.6385464006366,12603.75828155,9886.1997666315,MANTIENI STATO ATTUALE,ALTO
2025-04-22,87513.53,93952.62,87077.17,93489.1,93489.1,84214.78799999999,88382.40884999999,67.42772771906226,3456.625078800591,19460.09432868,10021.790351897,ACQUISTA,MEDIO
2025-04-23,93486.57,94686.0,91902.19,93740.92,93740.92,84344.60719999998,88540.85699999999,67.7542459808681,3408.5668588862627,12538.32136507,10058.6608668675,ACQUISTA,MEDIO
2025-04-24,93740.93,94061.02,91685.18,94021.96,94021.96,84412.9718,88696.9125,68.13812410299555,3334.8006546801016,9320.8086182,9795.0497513335,MANTIENI STATO ATTUALE,MEDIO
2025-04-25,94021.97,95976.34,92880.01,94708.79,94708.79,84508.71059999999,88859.45504999999,69.10608880763591,3317.7670364886662,14148.6339475,10360.6599883775,ACQUISTA,MEDIO
2025-04-26,94707.79,95273.52,93903.01,94666.64,94666.64,84666.90379999999,89022.17814999999,68.96761539476807,3178.677248168048,2253.98942317,9922.616485670998,MANTIENI STATO ATTUALE,MEDIO
2025-04-27,94666.64,95351.11,93654.77,93780.57,93780.57,84818.38140000001,89188.18959999998,65.97477776770245,3072.7960161560445,2304.93789541,8702.536915043,MANTIENI STATO ATTUALE,MEDIO
2025-04-28,93780.56,95652.66,92829.44,95042.57,95042.57,85105.2494,89362.00480000001,68.09816689553185,3054.9691578591846,7348.4883725,8324.110157822,MANTIENI STATO ATTUALE,MEDIO
2025-04-29,95042.56,95499.0,93761.26,94271.09,94271.09,85419.77699999999,89520.7665,65.41079336108044,2960.8813608692435,5979.94472886,7443.860162223001,MANTIENI STATO ATTUALE,MEDIO
2025-04-30,94271.08,95263.74,92911.88,94182.54,94182.54,85645.1376,89675.74184999999,65.09326883766315,2917.379835092869,6511.31778605,7175.6196621809995,MANTIENI STATO ATTUALE,MEDIO
2025-05-01,94182.55,97546.99,94136.79,96524.98,96524.98,85902.44859999999,89844.14025,69.33407582740243,2952.5812754433796,8334.02681063,7094.086651142,ACQUISTA,MEDIO
2025-05-02,96524.98,97948.56,96369.69,96929.81,96929.81,86219.5762,89998.46104999998,70.01214442601939,2854.459041483138,5709.61012071,7180.9425161515,MANTIENI STATO ATTUALE,ALTO
2025-05-03,96929.81,96974.78,95765.13,95861.33,95861.33,86457.19299999998,90142.4847,65.87216749273706,2736.9726813771995,2077.55675998,7089.612389372,MANTIENI STATO ATTUALE,MEDIO
2025-05-04,95865.47,96312.51,94151.67,94272.55,94272.55,86655.61479999998,90275.80525,60.17423656130495,2695.8203469931136,2834.39686495,6868.981060960001,MANTIENI STATO ATTUALE,MEDIO
2025-05-05,94272.54,95218.82,93500.01,94733.99,94733.99,86899.0432,90412.46355,61.223348167865964,2626.0338936364633,5181.01206583,6804.943152041,MANTIENI STATO ATTUALE,MEDIO
2025-05-06,94733.99,96916.25,93363.28,96839.17,96839.17,87155.5986,90554.52885,65.66689121392858,2692.2436155195733,6164.34738969,6700.823647073999,MANTIENI STATO ATTUALE,MEDIO
2025-05-07,96843.84,97738.05,95800.0,97058.32,97058.32,87442.7898,90698.00180000001,66.1023683553469,2638.372642982461,8328.69875473,6823.9735461479995,ACQUISTA,MEDIO
2025-05-08,97058.33,104176.05,96888.25,103253.49,103253.49,87770.30040000001,90869.19494999999,75.54536531667381,2970.4745970551426,15379.43544074,7498.7414838315,ACQUISTA,ALTO
2025-05-09,103252.2,104352.6,102330.76,102986.96,102986.96,88146.37120000001,91047.399,74.5827419620679,2902.714982979776,7318.60440182,7780.506330486,MANTIENI STATO ATTUALE,ALTO
2025-05-10,102986.94,104997.0,102831.41,104821.19,104821.19,88561.5558,91234.60454999999,76.77594572612051,2850.0631984812203,3104.17143581,7845.107739593999,MANTIENI STATO ATTUALE,ALTO
2025-05-11,104817.83,104980.89,103360.22,104137.62,104137.62,88967.26759999999,91422.28709999999,74.20611873030309,2762.2493985897045,3055.22813204,7367.681232118501,MANTIENI STATO ATTUALE,ALTO
2025-05-12,104137.58,105787.37,100703.71,102800.21,102800.21,89301.41299999999,91595.50395,69.3174822194438,2928.064441547582,11005.40673978,6944.9468526735,ACQUISTA,MEDIO
2025-05-13,102800.22,105038.53,101447.78,104131.06,104131.06,89633.56180000001,91783.3367,71.34078790867882,2975.3991242941834,8727.89105836,6754.425337338001,ACQUISTA,ALTO
2025-05-14,104131.2,104373.0,102603.27,103545.38,103545.38,89955.9118,91966.0008,69.17876987753657,2889.279901130313,7628.70177301,6669.8199950785,ACQUISTA,MEDIO
2025-05-15,103540.91,104200.0,101400.01,103786.43,103786.43,90293.12019999999,92145.217,69.58728489761684,2882.902051049577,7563.00946962,6340.538771184501,ACQUISTA,MEDIO
2025-05-16,103786.4,104616.71,103125.51,103500.03,103500.03,90618.77120000002,92313.09465,68.42681219239665,2783.494761688894,6881.65708111,6571.922154081501,ACQUISTA,MEDIO
2025-05-17,103500.03,103741.98,102612.0,103161.07,103161.07,90994.3566,92465.27824999999,67.00265742889223,2665.3865644254015,1848.95251021,6549.1228848215,MANTIENI STATO ATTUALE,MEDIO
2025-05-18,103162.53,106692.97,103130.95,106473.46,106473.46,91471.48920000001,92636.031,72.93153188849736,2729.4318098235876,4130.60889099,6388.228910746,MANTIENI STATO ATTUALE,ALTO
2025-05-19,106488.77,107137.68,102105.0,105616.18,105616.18,91936.2132,92813.12275000001,69.45334917348067,2893.949537693331,10104.32339011,6594.447843808501,ACQUISTA,MEDIO
2025-05-20,105616.21,107355.0,104209.18,106883.24,106883.24,92423.1916,93000.2025,71.60853181485425,2911.9402850009506,8804.38724819,6709.101316915499,ACQUISTA,ALTO
2025-05-21,106883.24,110788.98,106128.14,109699.54,109699.54,92913.775,93201.90550000001,75.71060654125998,3036.861693215168,18333.91491262,7209.095722014999,ACQUISTA,ALTO
2025-05-22,109697.19,112000.0,109217.23,111722.53,111722.53,93498.424,93416.82725,78.15245072519245,3018.712286556942,11250.38756124,7486.134594041499,ACQUISTA,ALTO
2025-05-23,111722.54,111824.07,106800.01,107329.61,107329.61,93981.52960000001,93614.4379,63.2764102124291,3161.951408945733,9638.23489571,7864.168500828001,ACQUISTA,MEDIO
2025-05-24,107332.08,109517.79,106895.77,107794.01,107794.01,94460.2066,93806.5043,64.05534775747591,3123.3848797353226,2611.3560546,7853.016460310499,MANTIENI STATO ATTUALE,MEDIO
2025-05-25,107794.01,109371.04,106632.35,109048.68,109048.68,94971.21520000002,93973.51495,66.14467507379644,3095.9066740399417,2996.9984274,7743.815778389,MANTIENI STATO ATTUALE,MEDIO
2025-05-26,109048.41,110474.41,108706.04,109464.32,109464.32,95593.0866,94141.23654999999,66.83246823849409,3001.0826258942325,4641.38117417,7667.667467613001,MANTIENI STATO ATTUALE,MEDIO
2025-05-27,109464.33,110829.42,107536.41,108978.46,108978.46,96189.85560000001,94303.2952,65.16587508328139,3021.9345811875014,8827.06917845,7692.585988798999,ACQUISTA,MEDIO
2025-05-28,108978.45,109344.89,106790.16,107819.29,107819.29,96821.2086,94458.81135,61.24202585069754,2988.562825388394,6474.20131287,7247.3242824055005,MANTIENI STATO ATTUALE,MEDIO
2025-05-29,107819.26,108943.35,105315.0,105572.58,105572.58,97280.7652,94584.52965,54.404325291899966,3034.2619092892232,9305.58410478,7346.6732675535,MANTIENI STATO ATTUALE,BASSO
2025-05-30,105572.58,106377.66,103634.48,104033.26,104033.26,97770.3836,94660.8423,50.26356231497322,3013.470344339994,7866.16241154,7584.77281634,MANTIENI STATO ATTUALE,BASSO
2025-05-31,104033.0,104965.5,103110.01,104645.87,104645.87,98195.6916,94743.8945,51.83472389329328,2930.7574626014234,2403.60824408,7552.1918219419995,MANTIENI STATO ATTUALE,BASSO
2025-06-01,104645.87,105937.46,103800.81,105697.94,105697.94,98604.23019999999,94819.91510000001,54.49340213078589,2874.035500987037,2369.92891564,7120.4179307350005,MANTIENI STATO ATTUALE,BASSO
2025-06-02,105697.93,106000.0,103685.23,105904.94,105904.94,99047.6676,94912.73779999999,55.01949982565271,2834.0879652022486,5818.90812007,6974.968783820499,MANTIENI STATO ATTUALE,BASSO
2025-06-03,105909.79,106901.68,104910.01,105447.82,105447.82,99464.8168,94984.6851,53.547275562926586,2773.915253402088,6486.4597778,6917.856684060001,MANTIENI STATO ATTUALE,BASSO
2025-06-04,105443.95,106058.47,104202.0,104753.38,104753.38,99887.2888,95055.2708,51.30144930135214,2708.3834495876536,4505.03599201,6764.9580101795,MANTIENI STATO ATTUALE,BASSO
2025-06-05,104753.37,105999.68,100345.73,101570.2,101570.2,100238.11839999999,95113.68835000001,42.501936167179046,2918.7810603313924,10627.57339852,6952.2538260500005,MANTIENI STATO ATTUALE,BASSO
2025-06-06,101570.2,105439.01,101132.91,104397.99,104397.99,100626.83880000001,95183.0768,50.60713811553739,3017.8752703077207,9677.25748525,7343.669074801999,ACQUISTA,BASSO
2025-06-07,104398.0,106000.0,103969.7,105619.02,105619.02,101049.8898,95248.99244999999,53.64567652174509,2947.334179571455,4141.10124271,7344.193692388,MANTIENI STATO ATTUALE,BASSO
2025-06-08,105619.02,106548.9,105028.3,105784.4,105784.4,101464.07800000001,95305.94870000001,54.05791881093074,2845.4245953163504,1998.61011035,6938.908028399999,MANTIENI STATO ATTUALE,BASSO
2025-06-09,105784.41,110651.12,105368.27,110301.15,110301.15,101966.5542,95365.259,63.58344372770916,3019.526409936611,6581.24781856,6827.751056918501,MANTIENI STATO ATTUALE,MEDIO
2025-06-10,110299.69,110420.08,108362.14,110300.24,110300.24,102422.1176,95421.64004999999,63.58058348567971,2950.8416663697103,5433.6716937,6182.738895972499,MANTIENI STATO ATTUALE,MEDIO
2025-06-11,110300.25,110435.05,108091.74,108669.37,108669.37,102725.72300000001,95476.09305,58.501467466681135,2907.4465473433024,4603.3324446,5850.386140140499,MANTIENI STATO ATTUALE,BASSO
2025-06-12,108673.77,108853.74,105706.78,105721.05,105721.05,102965.32560000001,95514.5574,50.62755572644344,2924.554651104496,5734.67136139,5655.2079634245,ACQUISTA,BASSO
2025-06-13,105716.45,106233.0,102746.01,106118.7,106118.7,103207.26039999998,95580.15084999999,51.574253077514385,2964.7286045970322,7441.52465913,5896.716393651,ACQUISTA,BASSO
2025-06-14,106114.53,106264.36,104351.72,105465.42,105465.42,103422.39300000001,95647.83025,49.882044702840915,2889.5794185543873,2256.48702523,5859.6908235425,MANTIENI STATO ATTUALE,BASSO
2025-06-15,105465.42,106184.13,104505.05,105599.25,105599.25,103641.0452,95696.07055,50.242225569479984,2803.1151743719315,1722.80945227,5713.7622374475,MANTIENI STATO ATTUALE,BASSO
2025-06-16,105600.21,109000.0,104982.26,106853.38,106853.38,103902.5014,95752.0098,53.606982362380805,2889.8740904882225,5952.98369341,5570.0579631955,MANTIENI STATO ATTUALE,BASSO
2025-06-17,106853.38,107792.9,103363.3,104590.44,104590.44,104093.45880000001,95787.5092,47.38094635304294,2999.854512596206,7688.94642443,5630.795218773501,MANTIENI STATO ATTUALE,BASSO
2025-06-18,104590.44,105603.63,103512.38,104915.6,104915.6,104306.349,95829.7601,48.309925960908004,2934.9541902679057,4918.14382744,5411.4232049065,MANTIENI STATO ATTUALE,BASSO
2025-06-19,104915.6,105266.61,103916.37,104671.9,104671.9,104516.13620000001,95866.8037,47.63119490352598,2821.760319534484,2279.05842007,5132.068005333,MANTIENI STATO ATTUALE,BASSO
2025-06-20,104671.4,106553.86,102357.25,103317.8,103317.8,104651.9926,95904.07824999999,43.93737788561229,2919.963868139164,5047.63626176,5264.269406216999,MANTIENI STATO ATTUALE,BASSO
2025-06-21,103317.79,104013.64,100919.19,102160.03,102160.03,104756.59700000001,95935.2558,41.00904909368391,2932.4271632720806,3287.51327489,5310.1486241795,VENDI,BASSO
2025-06-22,102160.36,103417.0,98225.01,100996.87,100996.87,104859.30780000001,95946.50894999999,38.250832042703436,3093.8245087526466,7872.25874446,5412.816155399,VENDI,BASSO
2025-06-23,100996.87,106135.47,99677.07,105419.39,105419.39,105082.2446,95988.38475000001,51.58446522507108,3334.1513295560285,8910.86676597,5534.0365048075,MANTIENI STATO ATTUALE,BASSO
2025-06-24,105418.4,106366.29,104681.83,106141.0,106141.0,105310.3848,96019.633,53.35435380798153,3216.3162345877404,5773.20907668,5597.445159041001,ACQUISTA,BASSO
2025-06-25,106141.01,108206.0,105875.0,107400.22,107400.22,105521.6058,96056.9875,56.35283279770619,3153.0793606886164,7072.65636297,5419.6993072635,ACQUISTA,BASSO
2025-06-26,107400.22,108345.0,106605.88,107029.64,107029.64,105721.0322,96086.26075000002,55.22767939288094,3052.082263496572,4900.22231656,5180.8475488290005,MANTIENI STATO ATTUALE,BASSO
2025-06-27,107029.63,107804.2,106413.79,107113.38,107113.38,105798.23,96135.2036,55.444168575826616,2933.3913875325316,6310.43715745,5289.314344566,ACQUISTA,BASSO
2025-06-28,107119.17,107599.81,106868.94,107352.2,107352.2,105885.53480000001,96188.6608,56.09617426174239,2776.0684312802073,1227.76803255,5250.7722406759995,MANTIENI STATO ATTUALE,BASSO
2025-06-29,107352.2,108550.0,107230.0,108386.44,108386.44,105956.8398,96224.58245000002,58.901045474497025,2672.063543331621,2154.86170312,5029.452934904,MANTIENI STATO ATTUALE,BASSO
2025-06-30,108386.44,108800.0,106724.76,107173.21,107173.21,106017.5516,96260.29615000001,54.50227141660901,2629.4332902365054,4839.04838063,4999.7217692505,MANTIENI STATO ATTUALE,BASSO
2025-07-01,107173.21,107579.3,105262.0,105711.78,105711.78,106075.78300000001,96281.7113,49.688513792168926,2607.1380552196124,5152.72760186,5027.1915271135,MANTIENI STATO ATTUALE,BASSO
2025-07-02,105711.77,109823.08,105119.7,108888.32,108888.32,106170.92820000001,96319.15295,58.308032252189,2756.8696227039263,7995.79258367,5140.2475882275,ACQUISTA,BASSO
2025-07-03,108887.03,110590.0,108574.31,109628.83,109628.83,106292.59719999999,96345.0583,60.02728902344016,2703.9282210822175,6434.57921608,5089.900316075,ACQUISTA,MEDIO
2025-07-04,109628.83,109812.94,107268.84,108028.6,108028.6,106377.4406,96354.70225,54.77104475946311,2692.5119195763455,3129.21859997,5133.536894811999,MANTIENI STATO ATTUALE,BASSO
2025-07-05,108028.6,108454.19,107783.1,108246.65,108246.65,106472.37299999999,96365.25055,55.34483984839347,2548.1246396066067,1513.15428554,5123.0541364755,MANTIENI STATO ATTUALE,BASSO
2025-07-06,108246.66,109736.64,107837.7,109217.98,109217.98,106593.5112,96410.58680000002,57.90666230940028,2501.754308206135,1651.18120197,4907.9640119035,MANTIENI STATO ATTUALE,BASSO
2025-07-07,109217.98,109741.64,107507.0,108269.84,108269.84,106629.43879999999,96465.07495000001,54.613109493126444,2482.67471476284,4455.08353019,4746.2708671915,MANTIENI STATO ATTUALE,BASSO
2025-07-08,108271.49,109255.99,107438.33,108958.04,108958.04,106696.276,96521.04015,56.54508615111021,2435.173663708352,3785.3907416,4689.6332128995,MANTIENI STATO ATTUALE,BASSO
2025-07-09,108953.58,112152.91,108329.87,111282.85,111282.85,106784.2682,96591.304,62.37201700285091,2534.3069734434703,7683.83239574,4959.871911683,ACQUISTA,MEDIO
2025-07-10,111282.84,116842.0,110541.87,116031.3,116031.3,106910.9034,96696.02174999999,70.94254583385202,2803.2943324832227,12920.20742934,5353.500470062,ACQUISTA,ALTO
2025-07-11,116031.29,118909.74,115211.74,117582.16,117582.16,107028.09600000002,96810.10975,73.09776045789013,2867.201880162993,10116.886206,5694.9691166175,ACQUISTA,ALTO
2025-07-12,117582.16,118244.51,116940.82,117472.65,117472.65,107230.9568,96904.50065000002,72.68778274079023,2755.5224601513496,2397.72381256,5421.2423700225,MANTIENI STATO ATTUALE,ALTO
2025-07-13,117472.65,119500.0,117238.69,119130.81,119130.81,107457.69280000002,97003.4233,74.97635239821616,2720.221570140539,3461.0430314,5148.751183294,MANTIENI STATO ATTUALE,ALTO
2025-07-14,119130.81,123231.07,118949.18,119863.71,119863.71,107673.99339999999,97124.39439999999,75.93614064723482,2831.769315130501,13536.79954839,5536.9307068795,ACQUISTA,ALTO
2025-07-15,119863.71,119973.3,115697.37,117781.64,117781.64,107840.3398,97242.44315,67.96130385919915,2934.9236497640372,23726.31356081,6369.6135667715,ACQUISTA,MEDIO
2025-07-16,117781.63,120134.8,117033.23,118681.68,118681.68,108034.4042,97360.19745,69.45467974189424,2946.826960495178,9250.98642597,6587.151772242,ACQUISTA,MEDIO
2025-07-17,118681.67,120998.76,117469.0,119273.69,119273.69,108263.49220000001,97488.74914999999,70.43097943822698,2988.465034745522,8360.35130892,6689.6474798155,ACQUISTA,ALTO
2025-07-18,119273.7,120918.68,116892.42,118023.05,118023.05,108512.5016,97615.76084999999,65.65672415582473,3062.5932465494134,8735.40386401,7065.029271388501,ACQUISTA,MEDIO
2025-07-19,118023.06,118564.59,117337.59,117914.17,117914.17,108790.1198,97738.56060000001,65.2420850852155,2931.4794432244557,1700.0997198,7042.291172222501,MANTIENI STATO ATTUALE,MEDIO
2025-07-20,117914.17,118921.76,116525.0,117312.7,117312.7,109043.45640000001,97853.20615,62.87969306607183,2893.285197279851,2504.59032125,6925.5682692535,MANTIENI STATO ATTUALE,MEDIO
2025-07-21,117315.68,119745.93,116565.01,117428.79,117428.79,109278.0734,97955.83415,63.15698980661292,2913.83054033129,5450.55450292,6940.459614306499,MANTIENI STATO ATTUALE,MEDIO
2025-07-22,117428.79,120300.0,116185.0,120026.42,120026.42,109560.50300000001,98065.28370000001,68.77741559675097,2999.628358879055,7564.58852928,6918.899411586999,ACQUISTA,MEDIO
2025-07-23,120034.21,120180.93,117342.21,118810.44,118810.44,109827.75540000001,98168.28665,63.86588482761823,2988.1349046734076,5526.13819924,6873.477360745,MANTIENI STATO ATTUALE,MEDIO
2025-07-24,118810.44,119557.7,117190.0,118397.04,118397.04,110100.6286,98268.54520000001,62.23861467848494,2943.818125768164,7137.01277011,7073.867069252,MANTIENI STATO ATTUALE,MEDIO
2025-07-25,118400.0,118518.2,114750.0,117633.27,117633.27,110421.89,98345.31450000001,59.23564693608059,3002.702545356152,24633.33644271,8229.8761771105,MANTIENI STATO ATTUALE,BASSO
2025-07-26,117633.27,118371.35,117095.73,117969.63,117969.63,110693.3228,98450.45275,60.14759830620176,2879.339506402142,6974.42930567,8496.0385822955,MANTIENI STATO ATTUALE,MEDIO
2025-07-27,117981.73,119800.0,117849.99,119465.52,119465.52,110970.25280000002,98572.5972,64.0043457141654,2812.958827373417,4999.42180703,8523.2554961375,MANTIENI STATO ATTUALE,MEDIO
2025-07-28,119465.52,119839.0,117380.6,118070.59,118070.59,111215.9766,98700.21295,58.33499527151381,2787.633196846744,7647.38438521,8716.355178318,MANTIENI STATO ATTUALE,BASSO
2025-07-29,118074.43,119284.78,116900.0,117933.39,117933.39,111368.6214,98816.37400000001,57.79276508109962,2758.857968500548,6070.86335715,8635.7067263885,MANTIENI STATO ATTUALE,BASSO
2025-07-30,117933.39,118809.43,115728.49,117830.15,117830.15,111519.21960000001,98932.69965,57.36070161002119,2781.863827893365,4647.7410138,8222.0834056115,MANTIENI STATO ATTUALE,BASSO
2025-07-31,117830.15,118920.0,115500.0,115761.13,115761.13,111661.0548,99038.9572,49.39129689025177,2827.444983043839,4647.6521388,7948.6217022515,MANTIENI STATO ATTUALE,BASSO
2025-08-01,115756.12,116065.12,112659.0,113248.73,113248.73,111811.6084,99132.66859999999,41.797329289278274,2868.778912826421,9196.58441635,8288.564732441,MANTIENI STATO ATTUALE,BASSO
2025-08-02,113248.83,114023.58,112000.0,112542.74,112542.74,111940.0892,99212.7075,39.93905203584025,2808.4075619102487,2946.5811158,8262.841636661,MANTIENI STATO ATTUALE,BASSO
2025-08-03,112542.75,114794.99,111903.68,114215.73,114215.73,112115.0954,99281.235,46.0591609972777,2814.329164630946,2212.37278435,7696.620298459,MANTIENI STATO ATTUALE,BASSO
2025-08-04,114215.7,115756.06,114118.18,115051.85,115051.85,112304.1474,99356.58535000001,48.86366779285615,2730.2970814430214,4655.53866243,6743.081553540001,MANTIENI STATO ATTUALE,BASSO
2025-08-05,115056.14,115112.75,112622.14,114112.95,114112.95,112449.33880000001,99406.61510000001,45.97313231122494,2713.176575625663,4943.38930608,6527.701697545499,MANTIENI STATO ATTUALE,BASSO
2025-08-06,114112.95,115749.99,113347.87,115028.83,115028.83,112658.1066,99459.58425000001,49.134119450098304,2690.95824879526,4481.39474697,6333.753869448,MANTIENI STATO ATTUALE,BASSO
2025-08-07,115028.83,117687.0,114268.6,117515.49,117515.49,112910.10440000001,99541.10605,56.56463476533762,2742.9183738813126,5804.23960803,6187.195656649,MANTIENI STATO ATTUALE,BASSO
2025-08-08,117515.69,117687.0,115800.0,116683.79,116683.79,113150.34219999998,99613.79785,53.73713949202257,2681.7813471755044,4870.3042426,6345.705882789,MANTIENI STATO ATTUALE,BASSO
2025-08-09,116683.79,117937.89,116343.34,116492.51,116492.51,113413.8364,99665.4641,53.07997340753637,2604.121965234397,2586.17129292,6349.7849313725,MANTIENI STATO ATTUALE,BASSO
2025-08-10,116492.5,119324.08,116480.0,119309.37,119309.37,113756.8232,99743.6754,60.70172026181565,2621.2618248605118,2850.61404026,6219.787908239499,MANTIENI STATO ATTUALE,MEDIO
2025-08-11,119309.37,122319.14,118050.0,118701.84,118701.84,114110.92259999999,99817.55279999999,58.49473125651579,2738.9674087990466,7220.80819945,6202.598891748,ACQUISTA,BASSO
2025-08-12,118701.83,120327.0,118190.81,120113.18,120113.18,114404.7984,99893.86735,61.95525952975595,2695.911879599115,4615.45835079,6157.0648993255,MANTIENI STATO ATTUALE,MEDIO
2025-08-13,120109.04,123740.24,118931.34,123365.63,123365.63,114749.291,99987.02769999999,68.47783199576416,2846.839602484893,8512.8860955,6225.858565595,ACQUISTA,MEDIO
2025-08-14,123365.63,124533.0,117208.97,118389.79,118389.79,114969.0824,100066.16165000001,53.395475362965264,3166.638916593115,10154.04939662,5501.8942132905,ACQUISTA,BASSO
2025-08-15,118389.79,119339.57,116859.32,117436.96,117436.96,115177.22879999998,100143.03434999999,51.07559117616115,3117.611136836464,4990.799358,5402.712715907,MANTIENI STATO ATTUALE,BASSO
2025-08-16,117436.95,118028.68,117222.01,117455.68,117455.68,115384.07479999999,100223.86275,51.12052397737133,2952.5439127767168,1781.69438526,5241.826344818501,MANTIENI STATO ATTUALE,BASSO
2025-08-17,117455.69,118641.6,117249.49,117488.6,117488.6,115586.80279999999,100292.5695,51.20539284334106,2841.08434757838,2021.61751952,4960.538001534,MANTIENI STATO ATTUALE,BASSO
2025-08-18,117488.59,117633.8,114703.26,116286.76,116286.76,115744.8092,100350.2901,47.93326417290101,2847.474037037068,6762.85366719,4995.137517036,MANTIENI STATO ATTUALE,BASSO
2025-08-19,116286.75,116792.87,112696.56,112856.19,112856.19,115858.4688,100402.51475,40.063406790843906,2936.6766058201342,7918.58452813,5158.6796927525,MANTIENI STATO ATTUALE,BASSO
2025-08-20,112853.66,114627.37,112344.11,114276.0,114276.0,116029.7532,100470.77549999999,44.15035297177626,2890.003991118696,5764.27605073,5214.510888349,VENDI,BASSO
2025-08-21,114276.0,114812.0,111964.0,112480.3,112480.3,116101.5928,100544.7944,40.3983851474641,2887.0037060387895,6033.74435365,5056.368885214,VENDI,BASSO
2025-08-22,112480.29,117416.73,111649.75,116908.68,116908.68,116247.18980000001,100622.0368,51.37318340639515,3092.7162984645897,8547.72089091,5336.425873969501,MANTIENI STATO ATTUALE,BASSO
2025-08-23,116911.9,116999.03,114505.0,115383.87,115383.87,116394.2952,100709.9809,48.089620060540256,3049.952991431405,2245.41925268,5338.078197386,MANTIENI STATO ATTUALE,BASSO
2025-08-24,115383.87,115616.53,110635.0,113478.0,113478.0,116498.9222,100794.17925,44.28002347251237,3187.9227777577335,4602.76322486,5335.4394255075,VENDI,BASSO
2025-08-25,113478.0,113645.32,109275.74,110127.74,110127.74,116517.1174,100861.99484999999,38.50545165835976,3272.3268650607524,8509.20658676,5513.7302895415,VENDI,BASSO
2025-08-26,110127.74,112399.99,108670.0,111788.01,111788.01,116587.4808,100938.24949999999,42.50685992480082,3305.017088984985,7735.56524843,5676.4388146145,VENDI,BASSO
2025-08-27,111788.04,112683.39,110351.11,111253.21,111253.21,116633.3842,101012.13429999999,41.56856653088968,3235.5358683432005,5151.42127925,5643.7978981755,VENDI,BASSO
2025-08-28,111253.22,113480.0,110858.78,112574.85,112574.85,116659.2242,101092.62945000001,44.81077114628151,3191.6561634615437,4637.29182209,5632.147277149999,VENDI,BASSO
2025-08-29,112574.84,112642.53,107469.13,108378.32,108378.32,116506.16459999999,101147.299,37.66438331902065,3333.2092946428616,7806.0938333,5893.143404169,VENDI,BASSO
2025-08-30,108378.32,108928.79,107369.69,108827.93,108827.93,116331.08,101212.56825,38.79067803209231,3206.487202168371,2828.67461609,5892.0464329605,VENDI,BASSO
2025-08-31,108827.92,109489.79,108060.79,108247.95,108247.95,116146.586,101264.49534999998,37.840864028358034,3079.5238305849157,2702.50957636,5666.131501806,VENDI,BASSO
2025-09-01,108247.95,109907.51,107250.0,109240.55,109240.55,115948.78080000001,101327.57165,40.524923553679635,3049.3799855431357,5396.96365977,5705.206767254999,VENDI,BASSO
2025-09-02,109240.55,111801.86,108400.0,111247.94,111247.94,115776.46539999999,101396.26620000001,45.63738108721728,3074.557129432912,7398.40595759,5649.4827603594995,VENDI,BASSO
2025-09-03,111247.94,112600.0,110533.77,111756.41,111756.41,115655.9608,101467.06355,46.88289158125489,3002.533763044847,5205.45031255,5402.052806156,VENDI,BASSO
2025-09-04,111756.4,112235.6,109321.0,110720.79,110720.79,115496.743,101540.0681,44.63959328068453,2996.2527799702157,5253.71408228,5415.198542370001,VENDI,BASSO
2025-09-05,110714.48,113390.0,110202.36,110670.02,110670.02,115324.6696,101614.5092,44.52710984771658,3009.923295686629,7218.59124481,5687.0433853475,VENDI,BASSO
2025-09-06,110670.02,111317.65,109993.0,110212.6,110212.6,115168.4606,101687.5352,43.46444780218099,2889.546631709012,1621.65017738,5667.0450182405,VENDI,BASSO
2025-09-07,110214.21,111600.0,110200.01,111129.61,111129.61,115032.76939999999,101760.0231,46.23468200318931,2783.1497294440833,1646.11764246,5411.208217003999,VENDI,BASSO
2025-09-08,111120.38,112940.84,110600.0,112072.57,112072.57,114927.9668,101828.64995,49.00195652984479,2751.556177340934,5158.43294831,5273.200638013,VENDI,BASSO
2025-09-09,112072.57,113292.96,110765.72,111549.32,111549.32,114810.3774,101905.61140000001,47.539753753325996,2735.5335932451535,5158.45733241,5242.909702097,VENDI,BASSO
2025-09-10,111546.61,114362.1,110919.55,113983.97,113983.97,114689.5284,101992.62065,54.36344024072431,2786.0347651562142,7249.99346721,5303.722157775,VENDI,BASSO
2025-09-11,113983.98,115554.53,113433.92,115540.0,115540.0,114624.11959999999,102088.99075,58.113426586843666,2738.504424787913,5575.3607407,5155.1041502645,ACQUISTA,BASSO
2025-09-12,115540.01,116833.25,114774.19,116106.03,116106.03,114578.29940000002,102211.9668,59.41971200863264,2689.972680160205,6493.57632751,5367.512004006,ACQUISTA,BASSO
2025-09-13,116106.03,116378.04,115177.53,115968.35,115968.35,114545.00099999999,102348.88984999999,58.93823399958563,2583.58248872019,2173.49651785,5246.0486686555,MANTIENI STATO ATTUALE,BASSO
2025-09-14,115968.33,116226.61,115166.0,115314.13,115314.13,114491.891,102504.9016,56.591650997906655,2474.798739525891,1967.88683794,4918.9826812145,MANTIENI STATO ATTUALE,BASSO
2025-09-15,115314.12,116802.0,114395.84,115381.08,115381.08,114410.20219999999,102658.68105,56.78128756027578,2469.895972416899,6142.67859527,4839.3383485565,ACQUISTA,BASSO
2025-09-16,115381.07,117000.0,114750.0,116832.56,116832.56,114385.4416,102821.35520000002,60.78151577208027,2454.1891172442633,6012.58313417,4882.3964413025,ACQUISTA,MEDIO
2025-09-17,116832.56,117327.24,114724.57,116484.4,116484.4,114356.46179999999,102973.6834,59.36221147768718,2464.7948945839585,7151.30033814,5008.0968671050005,ACQUISTA,BASSO
2025-09-18,116484.4,117998.17,116125.08,117117.99,117117.99,114342.2186,103087.94595,61.14055128247721,2422.5302592565326,7140.41942024,4974.813146451999,ACQUISTA,MEDIO
2025-09-19,117117.99,117516.36,115132.71,115690.55,115690.55,114340.80699999999,103235.5932,55.27208317840774,2419.7530978810655,5874.11552075,5127.085191685001,MANTIENI STATO ATTUALE,BASSO
2025-09-20,115690.55,116194.63,115463.22,115752.4,115752.4,114390.88040000001,103378.10540000001,55.471517462414205,2299.1571623181326,2830.8502542,5133.502225577,MANTIENI STATO ATTUALE,BASSO
2025-09-21,115752.9,115900.02,115237.16,115282.27,115282.27,114445.671,103501.49810000001,53.51814464257304,2182.2787935811234,2071.01892785,4967.2049889810005,MANTIENI STATO ATTUALE,BASSO
2025-09-22,115282.26,115441.37,111761.22,112736.59,112736.59,114416.08819999998,103615.57179999999,44.400659862285046,2289.2695940396143,8494.39097785,5022.004239994,MANTIENI STATO ATTUALE,BASSO
2025-09-23,112736.59,113357.0,111502.08,112017.21,112017.21,114355.39540000001,103741.87295000002,42.21213948386064,2258.2446230367846,4512.04618772,4987.3340337525,VENDI,BASSO
2025-09-24,112017.21,113999.98,111066.07,113348.17,113348.17,114340.09980000001,103877.58035,47.379919368684675,2306.5064356770135,4932.88303511,4971.292481394,VENDI,BASSO
2025-09-25,113348.16,113561.35,108623.7,109035.72,109035.72,114220.2376,104019.26309999998,36.11162516117084,2494.4452617000843,9197.26639402,5070.2262388545005,VENDI,BASSO
2025-09-26,109036.0,110369.99,108645.02,109697.29,109697.29,114063.8736,104175.02600000001,38.52700077179924,2439.4827430072214,6826.16968974,5330.4522144725,VENDI,BASSO
2025-09-27,109697.29,109815.08,109116.0,109681.16,109681.16,113923.82100000001,104308.85925000001,38.48879399629753,2315.168261363849,1950.48703402,5345.6706840505,VENDI,BASSO
2025-09-28,109681.15,112385.84,109230.98,112197.67,112197.67,113837.9242,104451.55045,47.27394862341262,2375.146242695003,2397.09714427,5207.603893848501,VENDI,BASSO
2025-09-29,112197.66,114490.0,111582.65,114365.07,114365.07,113739.03819999998,104618.00865,53.44158105800726,2413.1607967882173,5553.41779958,5227.351917207,ACQUISTA,BASSO
2025-09-30,114361.66,114850.0,112695.85,114067.71,114067.71,113646.35559999998,104768.44475,52.533637460989674,2394.6600255890585,5044.09158186,5117.0568229395,MANTIENI STATO ATTUALE,BASSO
2025-10-01,114067.71,118718.8,113975.5,118659.97,118659.97,113617.2914,104939.98730000001,62.9908753741835,2562.4200237612686,9687.1228881,5322.6449303095,ACQUISTA,MEDIO
2025-10-02,118662.72,121111.0,118336.01,120621.32,120621.32,113562.4052,105130.28105,66.39601648798936,2577.603593492607,8816.90252269,5438.8112400685,ACQUISTA,MEDIO
2025-10-03,120621.33,123996.81,119327.83,122318.4,122318.4,113640.9774,105321.81604999998,69.04955332823798,2726.9876225288494,11835.08733617,5921.8907809844995,ACQUISTA,MEDIO
2025-10-04,122318.39,122896.0,121572.64,122458.56,122458.56,113741.40939999999,105520.61505000001,69.2654113636694,2626.728506633932,2705.28818527,5958.760848351,MANTIENI STATO ATTUALE,MEDIO
2025-10-05,122458.55,125750.0,122195.28,123520.79,123520.79,113862.7116,105703.8292,70.92066635748603,2693.013613302937,5820.77013157,5942.665425166,MANTIENI STATO ATTUALE,ALTO
2025-10-06,123520.8,126296.0,123115.77,124720.09,124720.09,114007.3414,105906.51255000001,72.70785009659478,2727.8147837812985,9135.3086452,6098.8017007175,ACQUISTA,ALTO
2025-10-07,124723.57,125226.34,120636.0,121393.95,121393.95,114109.4852,106093.1725,61.431396944785625,2860.852299225491,8699.84065383,6176.228716502001,ACQUISTA,MEDIO
2025-10-08,121393.96,124254.31,121090.06,123343.25,123343.25,114319.22639999999,106290.6286,64.87007329371991,2882.5235635665276,6727.94848453,6155.6051697165,ACQUISTA,MEDIO
2025-10-09,123343.24,123822.08,119713.65,121714.51,121714.51,114467.9966,106468.73645,60.05231601034494,2970.088309026062,6980.15210285,6210.9069988215,ACQUISTA,MEDIO
2025-10-10,121714.51,122600.0,107000.0,112980.28,112980.28,114477.9962,106596.01974999999,42.02689613110636,3872.224858381343,22432.34375511,7190.981673867,MANTIENI STATO ATTUALE,BASSO
2025-10-11,112976.01,113439.99,109683.96,110768.89,110768.89,114355.20040000002,106712.72479999998,38.847503632979226,3863.925225639818,10041.88198008,7589.5248264785,VENDI,BASSO
2025-10-12,110768.9,115847.0,109687.46,115067.98,115067.98,114348.8826,106853.43465,47.208810376189064,4027.897709522688,9699.03564495,7649.757059833499,MANTIENI STATO ATTUALE,BASSO
2025-10-13,115067.96,116077.51,113700.27,115274.03,115274.03,114384.80320000001,106993.71740000001,47.57876459370372,3909.9935874139237,8147.76104518,7831.542802706499,MANTIENI STATO ATTUALE,BASSO
2025-10-14,115274.03,115514.91,109945.86,113068.0,113068.0,114443.6084,107137.1484,44.02181313408474,4028.497616884358,11955.35437582,8182.666369741999,MANTIENI STATO ATTUALE,BASSO
2025-10-15,113072.18,113671.99,110185.87,110804.12,110804.12,114423.9306,107278.08485000001,40.6622496525411,3989.756358535476,7440.03782479,8094.8049412805,VENDI,BASSO
2025-10-16,110804.11,112021.07,107464.53,108198.0,108198.0,114362.8264,107407.17495000002,37.14767884151184,4030.240904354371,14792.78754529,8493.135834058001,VENDI,BASSO
2025-10-17,108197.99,109269.97,103516.75,106463.3,106463.3,114240.59539999999,107526.81985,34.98037402124942,4153.310839757631,13824.34463474,9086.828714094,VENDI,ALTO
2025-10-18,106462.09,107535.68,106357.69,107208.91,107208.91,114217.2072,107637.01254999998,36.69012093154802,3940.787922632085,3552.60959467,9144.604336614,VENDI,ALTO
2025-10-19,107208.91,109499.0,106091.25,108676.78,108676.78,114214.1842,107767.94605,40.03328851979935,3902.713785301222,4841.63812975,9109.015353122499,VENDI,BASSO
2025-10-20,108676.77,111748.6,107449.91,110568.06,110568.06,114260.5864,107904.9147,44.12721379495304,3930.997800636849,6286.43529012,9171.1325385355,VENDI,BASSO
2025-10-21,110568.05,114082.29,107444.6,108362.27,108362.27,114243.02079999998,108027.42525,40.642233980871346,4124.3329577342165,12890.45189253,9331.298988757,VENDI,BASSO
2025-10-22,108357.99,109188.27,106639.0,107585.98,107585.98,114169.7816,108147.86389999998,39.461078096601135,4011.8284607532014,9311.33986567,9356.020855906001,VENDI,ALTO
2025-10-23,107588.02,111342.6,107511.46,110116.03,110116.03,114136.974,108306.5903,45.064724799343395,3998.9221421279726,6881.35851313,9108.334414754001,VENDI,BASSO
2025-10-24,110116.02,112158.39,109725.51,111042.13,111042.13,114143.4008,108466.1009,46.998636192563616,3887.061989118832,5915.09477083,9268.824744032001,VENDI,BASSO
2025-10-25,111042.13,111968.52,110693.01,111666.21,111666.21,114163.3246,108643.17375,48.31896925431591,3700.5225613246307,1478.94798996,9051.7336369515,VENDI,BASSO
2025-10-26,111666.22,115542.0,111260.33,114548.09,114548.09,114250.03439999999,108802.94045,54.01570760640389,3742.0330926585857,3808.17193597,8785.37680149,MANTIENI STATO ATTUALE,BASSO
2025-10-27,114561.69,116410.06,113833.12,114087.06,114087.06,114309.1834,108975.61405000002,53.009046986540895,3658.812157468687,5491.52581938,8624.961059767502,MANTIENI STATO ATTUALE,BASSO
2025-10-28,114087.06,116114.13,112203.0,112906.75,112906.75,114325.867,109123.24545000002,50.41842601568311,3676.8348605066385,5342.86134585,8555.7067028335,VENDI,BASSO
2025-10-29,112906.75,113690.17,109000.0,110032.13,110032.13,114295.5232,109247.05105000001,44.690023778550305,3749.215941899022,6110.48087693,8512.2231415375,VENDI,BASSO
2025-10-30,110031.65,111629.2,106279.33,108308.18,108308.18,114182.0074,109369.9266,41.63488791545539,3863.54837462052,8481.34743643,7814.673325603499,VENDI,ALTO
2025-10-31,108308.02,111066.1,108266.11,109555.27,109555.27,114062.3128,109494.75115,44.58607453474773,3787.5799192904833,6858.47522213,7655.502987706001,VENDI,BASSO
2025-11-01,109555.63,110500.0,109342.47,110052.25,110052.25,113941.23719999999,109626.86349999999,45.76304203419196,3599.7192107697347,1707.44713625,7255.923562271001,VENDI,BASSO
2025-11-02,110052.25,111221.99,108800.0,110536.01,110536.01,113832.59040000002,109759.39995,46.94432282948594,3515.595695714754,3777.57822519,7037.414421271501,VENDI,BASSO
2025-11-03,110533.83,110749.0,105271.67,106557.98,106557.98,113657.46740000001,109867.38,39.35386467723273,3655.719574592272,8657.30683772,6872.5120443665,VENDI,ALTO
2025-11-04,106557.98,107269.85,98892.97,101468.15,101468.15,113379.20880000001,109952.3884,32.18354257882592,3992.9453192642527,17052.82209797,7353.1512580255,VENDI,ALTO
2025-11-05,101468.16,104550.0,98950.0,103869.0,103869.0,113119.9376,110046.35845,37.92853797864887,4107.734939316806,10844.84576039,7155.754168780501,VENDI,ALTO
2025-11-06,103866.67,104191.19,100235.02,101290.5,101290.5,112816.05960000001,110126.92425000001,34.54389629296503,4096.908872222748,9488.56911128,6938.9653926075,VENDI,ALTO
2025-11-07,101290.5,104041.99,99170.0,103284.27,103284.27,112539.38519999999,110205.73525,39.071415387581794,4152.271809921123,9981.70774039,7260.4202998935,VENDI,ALTO
2025-11-08,103281.79,103350.0,101422.74,102285.57,102285.57,112271.2856,110249.7176,37.666001202564466,3993.342394926757,4365.22006206,7236.599396508999,VENDI,ALTO
2025-11-09,102285.58,105471.04,101372.58,104694.95,104694.95,112050.1366,110304.48775,42.99351279244622,4000.850795289131,5545.42134633,7199.548699319499,VENDI,ALTO
2025-11-10,104694.23,106653.0,104240.76,105979.38,105979.38,111864.0788,110364.27484999999,45.65982072559352,3887.378595625622,7737.06153627,6941.879181506501,VENDI,ALTO
2025-11-11,105979.38,107482.0,102422.43,103009.35,103009.35,111669.534,110405.77765,40.896525338064485,3971.106553080935,6574.79380402,6805.051878424,VENDI,ALTO
2025-11-12,103017.21,105316.64,100803.2,101639.01,101639.01,111461.97,110440.6395,38.88111180855901,4009.844656432297,6053.08600012,6763.6382527734995,VENDI,ALTO
2025-11-13,101636.03,104050.0,97870.0,99614.54,99614.54,111187.29739999998,110469.80935000001,36.05426605523281,4164.855752401419,12710.66743459,7103.4168859615,VENDI,ALTO
2025-11-14,99610.49,99836.1,93951.32,94503.96,94503.96,110896.66219999999,110467.11630000001,30.104059645153583,4287.707484372746,19645.40043753,8011.73950834,VENDI,ALTO
2025-11-15,94501.08,96747.02,94222.2,95544.94,95544.94,110613.6152,110473.48555,32.546026624890516,4161.786949774693,5157.02031554,8079.1819273185,VENDI,ALTO
2025-11-16,95544.94,96559.61,92943.83,94183.97,94183.97,110303.67139999999,110473.4927,31.02013942347817,4122.786453362215,7161.13750207,8162.662511453001,VENDI,ALTO
2025-11-17,94182.03,95950.0,91158.35,92100.6,92100.6,109901.73,110451.3708,28.79458691665012,4170.5624209791995,13319.956338,8561.5172610605,VENDI,ALTO
2025-11-18,92100.6,93775.0,89183.48,92914.46,92914.46,109472.71780000001,110431.29405000001,30.880809880678186,4200.630819480686,16182.4672286,9065.116578644,VENDI,ALTO
2025-11-19,92914.45,92948.0,88483.12,91461.6,91461.6,109020.5956,110409.29539999999,29.234175038983977,4219.505760946352,15642.23320328,9423.1608669865,VENDI,ALTO
2025-11-20,91465.04,93080.91,85980.7,86536.88,86536.88,108378.1338,110370.61705,24.470942582145625,4425.270349450185,18857.80134874,10023.127173317,VENDI,ALTO
2025-11-21,86531.87,87395.93,80524.65,85068.88,85068.88,107667.085,110322.2915,23.254618385551353,4599.9853244894575,31211.5604643,11498.3328397195,VENDI,ALTO
2025-11-22,85068.85,85547.11,83441.91,84684.0,84684.0,106914.397,110261.51565,22.932778915643624,4421.786372740211,7330.52185107,11675.9800210135,VENDI,ALTO
2025-11-23,84683.99,88100.0,84614.11,86808.28,86808.28,106201.39140000001,110210.26545,28.79063004289432,4354.936631830195,9786.06365257,11732.417861756,VENDI,ALTO
2025-11-24,86808.28,89225.6,85213.17,88266.2,88266.2,105496.29960000001,110135.329,32.5783232640447,4330.471872413754,14868.61469913,11623.207491814,VENDI,ALTO
2025-11-25,88264.0,88486.82,86067.02,87325.01,87325.01,104748.39799999999,110057.01924999998,31.416542103885646,4193.995310098486,10484.73675809,11605.202041699002,VENDI,ALTO
2025-11-26,87325.0,90628.53,86266.95,90468.84,90468.84,104129.8958,109985.2575,39.21419989513055,4205.965645091452,11351.8707199,11698.36712213,VENDI,ALTO
2025-11-27,90468.83,91925.4,90067.81,91316.7,91316.7,103489.36480000001,109921.15290000002,41.157265295045974,4038.2245275849195,8201.73046924,11609.3682585725,VENDI,ALTO
2025-11-28,91316.7,93161.86,90220.5,90902.7,90902.7,102873.1286,109861.66535,40.476882666998996,3959.877061328854,9580.37061817,11870.125786378,VENDI,ALTO
2025-11-29,90902.69,91199.99,90200.0,90828.06,90828.06,102430.0842,109795.15035,40.34738020648691,3748.456556948222,3143.58444031,11750.033941077,VENDI,ALTO
2025-11-30,90829.68,91980.8,90353.96,90369.51,90369.51,102022.0966,109729.271,39.51102831147284,3596.912517166206,3513.48557284,11538.8551429055,VENDI,ALTO
2025-12-01,90364.0,90433.7,83800.0,86282.36,86282.36,101446.3842,109641.75065,32.954083798373105,3813.825908797191,16664.36191777,12043.333548593,VENDI,ALTO
2025-12-02,86282.35,92342.0,86181.38,91308.05,91308.05,100967.06459999998,109580.79075000001,45.033388668244115,3981.4540581688198,13162.85699748,12398.822098460998,VENDI,ALTO
2025-12-03,91308.05,94181.41,91024.47,93453.84,93453.84,100574.7814,109532.25460000001,49.23852472619391,3922.560196871047,9741.98216681,12250.387835072,VENDI,ALTO
2025-12-04,93452.02,94087.05,90904.73,92093.54,92093.54,100200.5698,109460.355,46.79448679745355,3869.6858970945445,6198.20707297,11578.028166844,VENDI,ALTO
2025-12-05,92093.7,92716.42,88099.05,89345.29,89345.29,99823.5156,109379.00055,42.23342995337855,3923.0919044449342,8310.94183595,11735.7242428645,VENDI,ALTO
2025-12-06,89345.29,90296.32,88932.0,89267.97,89267.97,99479.609,109290.9242,42.1090739434545,3740.322482698868,3017.16860213,11528.5257978675,VENDI,ALTO
2025-12-07,89262.8,91779.99,87733.18,90402.29,90402.29,99143.4766,109194.43794999999,44.68244169885442,3762.2144482203785,4070.57697141,11066.056829538,VENDI,ALTO
2025-12-08,90402.3,92291.96,89599.0,90653.86,90653.86,98783.01819999999,109089.09460000001,45.26357495727639,3685.839130490352,6661.98775031,10590.0328556235,VENDI,ALTO
2025-12-09,90653.86,94640.66,89537.55,92690.0,92690.0,98425.457,109015.89654999999,49.85525506991398,3787.0727640267555,9862.67083813,10301.054737366,VENDI,ALTO
2025-12-10,92690.0,94500.0,91556.64,92035.99,92035.99,98098.9314,108937.10644999999,48.44938589569059,3726.8075665962733,8904.69319331,9803.3993295945,VENDI,ALTO
2025-12-11,92035.85,93594.76,89257.98,92542.0,92542.0,97798.0518,108854.57304999999,49.63281178741769,3770.377026125111,9119.99377433,8698.820995095999,VENDI,ALTO
2025-12-12,92539.63,92791.26,89500.0,90278.0,90278.0,97401.29119999999,108758.64145,44.68953359455257,3736.1543814018887,6137.8902612,8639.189415602501,VENDI,ALTO
2025-12-13,90278.0,90657.0,89777.79,90255.32,90255.32,96985.555,108665.02574999999,44.64156721756809,3532.0869255874686,1542.14542217,8226.9935040825,VENDI,ALTO
2025-12-14,90255.32,90496.16,87565.38,88171.61,88171.61,96515.663,108566.78735000001,40.35591252853483,3489.1364309026494,3643.36533229,7665.731035740499,VENDI,ALTO
2025-12-15,88174.37,90064.74,85129.63,86417.5,86417.5,95953.05120000002,108471.01195,37.12484097050817,3592.420257266746,9868.30482589,7634.9094391305,VENDI,ALTO
2025-12-16,86417.5,88148.0,85250.0,87854.01,87854.01,95428.3902,108390.11570000001,41.271736339239816,3542.8188103191214,7734.132664,7454.022536335498,VENDI,ALTO
2025-12-17,87854.0,90336.36,85267.69,86209.77,86209.77,94894.45059999998,108297.93519999999,38.16866215657982,3651.8081810106128,10021.43107061,7545.007566404,VENDI,ALTO
2025-12-18,86209.79,89447.75,84400.0,85460.02,85460.02,94403.00839999999,108196.74559999998,36.80960861710569,3751.5183109384266,9840.74407994,7558.026239492499,VENDI,ALTO
2025-12-19,85460.85,89365.85,85052.78,88092.65,88092.65,93998.6978,108107.68415000002,44.308188273985856,3791.6291458713968,8046.9179144,7803.192913197,VENDI,ALTO
2025-12-20,88092.65,88530.6,87780.0,88324.0,88324.0,93574.0724,108022.06505,44.92667956215193,3574.412778309155,1807.74517583,7717.9058933465,VENDI,ALTO
2025-12-21,88322.01,89046.44,87501.01,88639.95,88639.95,93145.8264,107941.49790000002,45.81175615652766,3429.4854370013586,2361.91088803,7002.783341859499,VENDI,ALTO
2025-12-22,88639.87,90541.8,87846.17,88556.77,88556.77,92706.24160000001,107876.43075,45.60396482006974,3377.067191501262,8901.70507789,6789.7257458799995,VENDI,ALTO
2025-12-23,88555.03,88896.63,86533.86,87429.32,87429.32,92323.6684,107791.5874,42.77209015733297,3304.6173921083155,7050.61151888,6655.1572134835005,VENDI,ALTO
2025-12-24,87429.32,88001.2,86350.0,87609.03,87609.03,92046.48599999999,107701.53745,43.37566919037577,3186.5161498148645,5007.9834145,6595.64603056,VENDI,ALTO
2025-12-25,87609.02,88534.4,86899.0,87171.68,87171.68,91712.53959999999,107608.47385,42.20893421496329,3075.7221391138023,2819.32696132,6321.065286828501,VENDI,ALTO
2025-12-26,87171.46,89496.07,86569.53,87296.01,87296.01,91432.6498,107493.44815,42.680949974641415,3065.0662720342457,8673.64195064,6603.888954254,VENDI,ALTO
2025-12-27,87296.17,87914.62,86944.24,87808.0,87808.0,91123.12440000002,107380.98695,44.6845564329105,2915.445824031799,1955.01185796,6498.1106985815,VENDI,ALTO
2025-12-28,87806.75,88000.0,87349.52,87877.29,87877.29,90834.9588,107277.02655000001,44.964936205538564,2753.6625508866705,1859.62245916,6257.992434024,VENDI,ALTO
2025-12-29,87877.28,90325.0,86675.0,87110.78,87110.78,90483.27539999998,107183.9752,42.40433200703819,2817.686654394766,10415.66618294,6285.6422012645,VENDI,ALTO
2025-12-30,87110.77,89343.52,86704.98,88397.5,88397.5,90131.6378,107095.3692,47.780267222296864,2804.8904647951404,8725.01685173,6276.6583841855,VENDI,ALTO
2025-12-31,88397.24,89100.0,87082.64,87497.94,87497.94,89821.40960000001,107005.5318,44.64302136938566,2748.6382887383447,7261.18123917,6183.717757427499,VENDI,ALTO
2026-01-01,87497.95,88798.99,87361.74,88738.34,88738.34,89563.39620000002,106921.22725,49.56095991564163,2654.967696685606,4001.39765552,6076.8931271435,VENDI,ALTO
2026-01-02,88742.0,90935.22,88272.08,89957.99,89957.99,89370.26520000001,106836.7503,53.89795614521934,2655.5514326366338,11442.48043957,6571.9098780135,MANTIENI STATO ATTUALE,ALTO
2026-01-03,89958.0,90697.0,89284.13,90598.02,90598.02,89292.14640000001,106766.78819999998,56.0343697234089,2566.788473162588,2951.65444679,6537.3243337385,MANTIENI STATO ATTUALE,ALTO
2026-01-04,90598.01,91764.64,90598.01,91494.0,91494.0,89211.12759999999,106699.6802,58.905367886963184,2466.7771536509754,3198.89444605,6203.853814746501,MANTIENI STATO ATTUALE,ALTO
2026-01-05,91489.03,94825.27,91479.28,93870.06,93870.06,89204.8494,106645.671,65.36463382931291,2529.5780712473347,12349.57555407,6434.62595925,MANTIENI STATO ATTUALE,ALTO
2026-01-06,93870.06,94439.63,91203.13,93722.01,93722.01,89237.2776,106597.69205,64.68242077418148,2580.072494729668,9651.48547871,6416.128679655,MANTIENI STATO ATTUALE,ALTO
2026-01-07,93722.01,93722.01,90576.24,91279.73,91279.73,89204.58299999998,106543.29054999999,54.56513235157853,2620.4794593918336,9317.16996001,6389.9499736585,MANTIENI STATO ATTUALE,ALTO
2026-01-08,91279.73,91580.01,89200.0,91026.0,91026.0,89195.871,106493.4362,53.6266638607482,2603.3030694352738,10333.23549339,6504.265852608,MANTIENI STATO ATTUALE,ALTO
2026-01-09,91024.01,91944.52,89583.58,90515.45,90515.45,89275.4424,106418.91649999999,51.69982797867806,2585.991421618469,9272.64438525,6877.510813079,MANTIENI STATO ATTUALE,ALTO
2026-01-10,90515.12,90698.0,90251.43,90385.54,90385.54,89381.77560000001,106340.1392,51.195762510384235,2433.1756057885787,1733.85727298,6846.1081323265,MANTIENI STATO ATTUALE,ALTO
2026-01-11,90387.36,91173.12,90109.0,90872.01,90872.01,89505.5358,106257.49815,53.042073782589675,2335.3859196608228,2262.85242889,6514.1654998765,MANTIENI STATO ATTUALE,ALTO
2026-01-12,90878.51,92406.3,90003.46,91188.09,91188.09,89593.132,106178.2904,54.25304879612239,2340.204068256478,9683.74429824,6645.8221388445,MANTIENI STATO ATTUALE,ALTO
2026-01-13,91188.08,96250.0,90925.17,95384.23,95384.23,89735.4926,106119.64465,66.57615762707655,2553.3916348095872,17153.5601987,7253.100978054501,MANTIENI STATO ATTUALE,ALTO
2026-01-14,95385.59,97963.62,94518.63,96955.16,96955.16,89928.0956,106067.65945,69.8505387734362,2617.0772323231877,20696.88952587,8146.979106282,MANTIENI STATO ATTUALE,ALTO
2026-01-15,96954.02,97176.42,95066.19,95587.65,95587.65,90030.4718,106003.6655,63.97507663506677,2580.873858585817,10619.32790923,8244.2634042115,MANTIENI STATO ATTUALE,ALTO
2026-01-16,95578.2,95830.49,94229.04,95504.0,95504.0,90114.2178,105945.31945000001,63.622540695765984,2510.9150115439734,6286.36029783,8460.830826205,MANTIENI STATO ATTUALE,ALTO
2026-01-17,95503.99,95600.0,94980.12,95109.99,95109.99,90198.3636,105892.3105,61.89249894746362,2375.8410821479756,1754.07093263,8455.5532498785,MANTIENI STATO ATTUALE,ALTO
2026-01-18,95109.99,95485.0,93559.78,93633.53,93633.53,90254.47300000001,105816.03655000002,55.77232902004998,2343.6538619945486,2607.76939988,8065.158410725499,MANTIENI STATO ATTUALE,ALTO
2026-01-19,93630.0,93630.0,91935.3,92559.66,92559.66,90298.276,105730.6907,51.76310357619183,2297.552157566366,4993.56556058,7878.585846168001,MANTIENI STATO ATTUALE,ALTO
2026-01-20,92559.65,92807.99,87767.53,88310.6,88310.6,90338.8408,105632.10070000001,39.625300162921235,2493.474146311626,11134.88996796,8072.2712826075,MANTIENI STATO ATTUALE,ALTO
2026-01-21,88310.6,90500.0,87156.0,89363.71,89363.71,90299.954,105537.686,43.18141488350062,2554.2259930036525,12539.4399225,8499.173395956499,VENDI,ALTO
2026-01-22,89363.71,90273.35,88408.65,89463.5,89463.5,90220.14719999999,105438.9136,43.52088894796737,2504.9741363605353,7075.16869109,8280.8078085325,VENDI,ALTO
2026-01-23,89463.51,91147.01,88440.65,89474.93,89474.93,90167.775,105344.93904999999,43.56248268840824,2519.3588409062118,7381.22299218,8502.286235802001,VENDI,ALTO
2026-01-24,89474.94,89832.72,89007.01,89082.17,89082.17,90162.5126,105245.55970000001,42.406792945288835,2398.3839236986255,1801.82109589,8432.432568294,VENDI,ALTO
2026-01-25,89082.16,89177.95,86000.13,86561.94,86561.94,90108.39199999999,105121.95515,35.83692062152754,2454.0579291487234,5428.58128865,8086.382855023,VENDI,ALTO
2026-01-26,86561.94,88787.97,86411.7,88250.01,88250.01,90065.34639999998,104983.04870000001,42.28653310844862,2448.5016484952434,8219.90069049,8014.8036156120015,VENDI,ALTO
2026-01-27,88250.0,89447.21,87180.01,89116.96,89116.96,90034.6084,104840.72270000001,45.326133510149546,2435.551530745584,6475.09716863,7872.699976043,VENDI,ALTO
2026-01-28,89116.96,90476.81,88706.32,89162.4,89162.4,89964.0564,104699.17145,45.48818719465124,2388.0471356923276,6636.13609913,7687.84500633,VENDI,ALTO
2026-01-29,89162.4,89210.16,83216.21,84513.2,84513.2,89813.6006,104526.0834,34.289543733817524,2645.6116260000185,14860.94029344,7967.259801739501,VENDI,ALTO
2026-01-30,84513.19,84599.0,81000.12,84110.99,84110.99,89644.98040000001,104347.3198,33.520698084544506,2713.702224142875,15232.81199203,8642.207537692,VENDI,ALTO
2026-01-31,84110.99,84138.0,75644.15,78648.0,78648.0,89412.38040000001,104151.6516,25.241979940754476,3126.569922418384,14855.0734429,9271.8185883925,VENDI,ALTO
2026-02-01,78648.0,79337.99,75612.75,76895.53,76895.53,89145.1846,103942.72084999998,23.257621129412115,3169.3320708170713,11545.9871474,9364.9307308505,VENDI,ALTO
2026-02-02,76895.99,79339.0,74502.21,78666.85,78666.85,88955.0894,103739.68665,29.30691699955979,3288.4362086158517,21193.37373311,9566.921407571,VENDI,ALTO
2026-02-03,78666.84,79123.75,72859.0,75661.49,75661.49,88739.96920000002,103527.87885,25.617256961760674,3501.0300508575765,16467.12531015,9355.433196785,VENDI,ALTO
2026-02-04,75661.49,76876.54,71703.72,72998.0,72998.0,88442.849,103303.298,22.86930895160279,3620.4436186534635,19764.62442772,9812.6980227095,VENDI,ALTO
2026-02-05,72999.0,73173.96,62181.65,62791.0,62791.0,87974.47360000001,103030.6895,15.851763893627307,4147.00550303536,49371.20579141,11966.9402973885,VENDI,ALTO
2026-02-06,62788.28,71707.18,60001.0,70527.7,70527.7,87675.82719999999,102796.18405,32.70729619535801,4686.946538532834,43810.88328386,14069.780914949999,VENDI,ALTO
2026-02-07,70521.08,71648.05,67293.26,69244.74,69244.74,87298.869,102542.27565,31.577708107116408,4663.221071494775,11251.84383408,14501.984636660001,VENDI,ALTO
2026-02-08,69250.0,72232.17,68840.83,70279.33,70279.33,86937.9756,102299.6201,33.57011842381428,4572.372423530863,8090.44858999,14656.8287881305,VENDI,ALTO
2026-02-09,70279.32,71380.13,68233.01,70101.99,70101.99,86567.2164,102058.14485,33.39063310564093,4470.568678992945,15546.49393947,14877.408986706001,VENDI,ALTO
2026-02-10,70101.98,70489.99,67857.0,68803.65,68803.65,86172.15399999998,101813.99674999999,32.040007193830476,4339.313059064878,11566.41314985,14828.7576480735,VENDI,ALTO
2026-02-11,68803.65,69248.0,65702.95,67024.93,67024.93,85764.06620000002,101559.27325,30.23560666707459,4282.579983417387,15121.43118138,15231.070772588,VENDI,ALTO
2026-02-12,67032.71,68382.9,65065.47,66208.0,66208.0,85336.04560000001,101292.98564999999,29.41621953702567,4213.640698887573,13823.46090185,15553.182668071502,VENDI,ALTO
2026-02-13,66207.99,69434.2,65799.71,68812.0,68812.0,84968.852,101046.6927,35.42359952170125,4172.272791824174,12104.28673482,16068.305950018,VENDI,ALTO
2026-02-14,68812.0,70531.53,68697.63,69786.96,69786.96,84618.671,100805.96055,37.566148776034545,4005.246163836733,5586.9814678,16076.225958975501,VENDI,ALTO
2026-02-15,69786.96,70941.65,68020.0,68792.0,68792.0,84238.351,100560.76980000001,36.24453951281952,3927.8464378483945,5965.51322769,15963.5065858355,VENDI,ALTO
2026-02-16,68792.0,70089.99,67251.81,68858.13,68858.13,83857.9678,100326.25479999998,36.4046829411006,3850.0131208592243,6626.85996745,15971.094725776498,VENDI,ALTO
2026-02-17,68859.55,69199.51,66569.58,67466.7,67466.7,83465.0862,100097.34465000001,34.44423291864544,3762.864326512137,9122.62622708,16095.419232174001,VENDI,ALTO
2026-02-18,67466.7,68438.84,65812.57,66419.79,66419.79,83025.532,99866.7299,33.00411109591778,3681.679017475555,9687.16921753,15836.730678378499,VENDI,ALTO
2026-02-19,66419.78,67288.22,65604.63,66972.5,66972.5,82615.0232,99630.51375,34.55972035016913,3538.9583733701584,8505.29632895,15500.3548952245,VENDI,ALTO
2026-02-20,66972.49,68294.86,66427.23,67984.42,67984.42,82199.9448,99395.1766,37.424493759088364,3419.57777527229,11349.70677085,15325.086561622,VENDI,ALTO
2026-02-21,67984.42,68683.27,67516.93,67955.78,67955.78,81759.90060000001,99164.39074999999,37.374624434652056,3258.632219895699,3287.0646747,14912.140437986998,VENDI,ALTO
2026-02-22,67955.78,68241.4,67132.81,67617.98,67617.98,81300.29980000001,98927.3365,36.752558466415714,3105.057775617435,3263.5334723,14015.648424946503,VENDI,ALTO
2026-02-23,67616.01,67656.42,63855.0,64625.78,64625.78,80762.9354,98662.88795,31.71680265883373,3154.7979345019035,15198.01176266,13952.192747572,VENDI,ALTO
2026-02-24,64625.78,64988.32,62534.61,64068.33,64068.33,80166.9008,98399.81065,30.86823045142718,3104.7202248946246,12517.40763597,13589.8319079845,VENDI,ALTO
2026-02-25,64068.33,70020.0,63912.25,67992.68,67992.68,79652.3142,98157.31150000001,42.52604147720909,3319.2223516878657,17322.54859823,11987.3990483255,VENDI,ALTO
2026-02-26,67992.68,68866.86,66500.92,67490.51,67490.51,79176.52979999999,97898.21720000001,41.56024601413569,3251.1307551387326,10678.27331982,10330.7685501235,VENDI,ALTO
2026-02-27,67490.5,68223.07,64942.87,65859.94,65859.94,78673.2086,97634.0077,38.502558114938275,3253.2071297716807,10276.79604611,10282.016160725,VENDI,ALTO
2026-02-28,65859.93,67761.55,63019.6,66967.85,66967.85,78202.25660000001,97368.28105,41.64414585184886,3359.545906216561,9093.24916408,10332.156189429501,VENDI,ALTO
2026-03-01,66971.54,68200.0,65008.38,65769.0,65769.0,77709.9258,97080.2979,39.30435079990911,3347.551198629664,8511.88788603,9980.4258867575,VENDI,ALTO
2026-03-02,65771.56,70128.74,65250.12,68832.01,68832.01,77269.1258,96832.50899999999,47.43116713232914,3456.9132558704027,17772.46881037,10290.728669783499,VENDI,ALTO
2026-03-03,68832.0,69255.36,66138.2,68335.99,68335.99,76812.0838,96587.00415000001,46.34889195793296,3432.645166165374,12823.7275946,10175.843490444498,VENDI,ALTO
2026-03-04,68335.99,74100.0,67391.17,72683.26,72683.26,76358.0644,96363.14204999998,55.85598646241684,3666.6583685821333,21142.77079177,10541.8089849405,VENDI,ALTO
2026-03-05,72683.26,73588.24,70639.01,70887.6,70887.6,75836.7132,96130.13705,51.77485848793197,3615.4134851119816,10891.71826063,10481.180561231002,VENDI,ALTO
2026-03-06,70887.61,71428.4,67725.14,68108.24,68108.24,75287.125,95889.24445,46.15373971873671,3621.6882361754115,11045.21439575,10754.0922076285,VENDI,ALTO
2026-03-07,68108.23,68544.79,66921.33,67259.62,67259.62,74722.2374,95661.2616,44.56288583753595,3478.9576478771673,3245.05107908,10618.069100198,VENDI,ALTO
2026-03-08,67259.62,68201.16,65618.51,65970.56,65970.56,74139.44880000001,95419.73440000002,42.18430017482862,3414.935673028799,5505.17926548,10561.9850650995,VENDI,ALTO
2026-03-09,65970.56,69543.0,65820.93,68432.17,68432.17,73635.4216,95199.49375,47.90290154373,3436.8738392410282,13303.95615379,10771.051561435,VENDI,ALTO
2026-03-10,68432.16,71800.0,68383.5,69960.83,69960.83,73183.445,94964.75450000001,51.135235220770234,3435.4185650095264,13322.43399947,10952.814800532,VENDI,ALTO
2026-03-11,69960.83,71358.48,68980.74,70208.0,70208.0,72821.39300000001,94738.87515,51.657512560630096,3359.8700960802744,9851.72870494,11020.1364193315,VENDI,ALTO
2026-03-12,70208.03,70819.84,69180.01,70531.56,70531.56,72444.75,94524.14295,52.37511362786871,3237.0100892173978,9708.42046678,10938.072104128001,VENDI,ALTO
2026-03-13,70530.02,73968.0,70398.01,70944.33,70944.33,72074.36660000001,94328.2259,53.326941302741496,3260.7943685590126,12304.21633821,11388.9296873035,VENDI,ALTO
2026-03-14,70944.32,71316.0,70236.02,71232.02,71232.02,71709.50839999999,94125.44595000001,54.01674483126745,3105.02191366194,3174.08339322,11384.457183349501,VENDI,ALTO
2026-03-15,71232.01,73220.8,70868.41,72830.01,72830.01,71384.4652,93933.32994999998,57.75183407452707,3051.2624912575156,5785.61944649,10913.837567541,MANTIENI STATO ATTUALE,ALTO
2026-03-16,72830.01,74913.69,72276.24,74886.47,74886.47,71150.9558,93744.88805,62.026593885298524,3021.704456167693,12657.43153702,10920.8387625935,MANTIENI STATO ATTUALE,ALTO
2026-03-17,74886.46,76022.6,73400.01,73934.11,73934.11,70864.6378,93572.66700000002,59.046933487184546,2993.1962807271443,11357.85437394,10622.604051379,MANTIENI STATO ATTUALE,ALTO
2026-03-18,73934.11,74700.0,70474.83,71245.02,71245.02,70507.19900000001,93384.75245000001,51.52097552534121,3081.194403532348,9248.1145105,10551.096110913,MANTIENI STATO ATTUALE,ALTO
2026-03-19,71245.01,71628.0,68772.78,69918.3,69918.3,70122.317,93193.10420000002,48.25322138261061,3065.053374708609,7794.02546506,10426.9575818605,MANTIENI STATO ATTUALE,ALTO
2026-03-20,69917.19,71384.62,69360.0,70497.01,70497.01,69841.9932,92999.38650000001,49.750368812559756,2990.7367050865655,7315.89355875,10338.089801594,MANTIENI STATO ATTUALE,ALTO
2026-03-21,70497.01,71075.92,68562.13,68912.02,68912.02,69538.0138,92787.70689999999,45.83868599099566,2956.6690832946674,2856.70812643,10055.330813614,MANTIENI STATO ATTUALE,ALTO
2026-03-22,68912.02,69577.0,67332.05,67844.94,67844.94,69321.9526,92568.14955,43.36652317436529,2905.8320059164766,4889.89870785,9411.202308488,VENDI,ALTO
2026-03-23,67844.94,71811.0,67425.0,70874.23,70874.23,69201.5266,92368.91675,51.38265266239475,3011.558291208157,10354.71705596,9287.751781555999,MANTIENI STATO ATTUALE,ALTO
2026-03-24,70874.22,71389.0,68889.0,70533.49,70533.49,69038.8594,92168.2341,50.51650537423317,2975.018413264717,7238.74499869,8592.550491901999,MANTIENI STATO ATTUALE,ALTO
2026-03-25,70533.48,72030.29,70357.1,71301.53,71301.53,68951.6602,91973.67875,52.46170524092984,2882.0306694600936,7665.36824144,8431.232990942499,MANTIENI STATO ATTUALE,ALTO
2026-03-26,71301.52,71414.33,68102.36,68769.02,68769.02,68867.0806,91761.8758,46.035575904350296,2912.7406216415156,8225.19395173,8290.2319687415,MANTIENI STATO ATTUALE,ALTO
2026-03-27,68769.02,69128.75,65498.75,66353.34,66353.34,68938.32740000001,91533.27965,40.890388327782446,2963.9734343814075,13681.42559929,8812.050694752,VENDI,ALTO
2026-03-28,66353.33,67249.65,65876.61,66320.15,66320.15,68854.1764,91307.1338,40.82287899844229,2850.3353319255925,4011.39625322,8737.361544139001,VENDI,ALTO
2026-03-29,66320.16,67076.07,64938.66,65956.94,65956.94,68788.4204,91066.99865000001,40.04374444023559,2799.4120939309078,4588.31530898,8301.579501898499,VENDI,ALTO
2026-03-30,65957.95,68129.33,65736.63,66737.18,66737.18,68717.57740000001,90822.98455,42.57907236409961,2770.3612300787,10707.53083699,8170.834343774501,VENDI,ALTO
2026-03-31,66737.08,68518.1,65924.82,68221.85,68221.85,68679.9746,90583.56365,47.15801464577087,2757.7125707873643,11831.5835043,8269.827083742499,VENDI,ALTO
2026-04-01,68221.84,69285.99,67525.59,68112.35,68112.35,68666.1486,90344.28365,46.861205491822076,2686.4759585882675,9804.6544448,8274.6387826435,VENDI,ALTO
2026-04-02,68112.34,68652.0,65696.96,66894.48,66894.48,68663.5396,90102.18539999999,43.57615406698527,2705.659104403391,8813.97029196,8100.126480331,VENDI,ALTO
2026-04-03,66899.11,67375.7,66275.01,66959.99,66959.99,68678.5794,89860.07995000001,43.804357779299444,2591.018454088863,4181.03967015,8150.474294177499,VENDI,ALTO
2026-04-04,66959.98,67535.2,66770.64,67291.73,67291.73,68648.174,89612.3758,45.017083850884866,2460.5571359396586,2412.86305009,7981.8364743575,VENDI,ALTO
2026-04-05,67291.72,69117.6,66600.0,69005.0,69005.0,68632.53480000001,89374.97880000001,50.90921864241325,2464.631626229683,3810.37749315,7539.4837721640015,MANTIENI STATO ATTUALE,ALTO
2026-04-06,69005.0,70378.48,68332.0,68853.61,68853.61,68633.767,89133.65690000002,50.39530394947129,2434.7636529275624,11182.35365631,7530.7087362825,MANTIENI STATO ATTUALE,ALTO
2026-04-07,68853.6,72753.97,67710.01,71910.2,71910.2,68694.8084,88914.75515000001,59.3234855723823,2621.1348205755944,11156.72732306,7626.1393769105,MANTIENI STATO ATTUALE,ALTO
2026-04-08,71910.21,72861.38,70684.65,71085.99,71085.99,68767.1942,88691.42309999999,56.376850145676556,2589.3916191059097,11083.24086941,7790.600147128001,MANTIENI STATO ATTUALE,ALTO
2026-04-09,71083.99,73147.81,70468.74,71798.01,71798.01,68874.7586,88474.0018,58.30365075115081,2595.7972177412016,10707.78813462,7960.194875921499,MANTIENI STATO ATTUALE,ALTO
2026-04-10,71798.01,73477.87,71431.55,72997.88,72997.88,68995.2662,88275.30824999999,61.39791369261308,2556.5488450454013,10066.64303661,8320.6916214305,MANTIENI STATO ATTUALE,ALTO
2026-04-11,72997.88,73822.95,72564.35,73086.0,73086.0,69097.2978,88080.65219999998,61.6231577790648,2463.8382132564434,2795.93594516,8215.993483295999,MANTIENI STATO ATTUALE,ALTO
2026-04-12,73085.99,73172.14,70512.7,70755.35,70755.35,69153.2892,87867.6881,52.8410057709223,2477.8097694524117,4443.04188961,7920.4097249785,MANTIENI STATO ATTUALE,ALTO
2026-04-13,70755.35,74936.9,70576.27,74446.0,74446.0,69289.8496,87694.73950000001,62.06138798175344,2612.296928777239,17452.66428951,8431.105689519502,MANTIENI STATO ATTUALE,ALTO
2026-04-14,74448.0,76127.18,73854.5,74179.04,74179.04,69480.9148,87517.14825,61.13034600960203,2588.0385767217213,21086.20700901,9102.147627898,MANTIENI STATO ATTUALE,ALTO
2026-04-15,74176.09,75458.81,73545.0,74836.31,74836.31,69696.27440000001,87342.92399999998,62.61731057066501,2539.8793926701696,7732.11670824,9077.4937657235,MANTIENI STATO ATTUALE,ALTO
2026-04-16,74839.97,75539.91,73298.01,75163.09,75163.09,69839.6826,87157.7511,63.367638650723656,2518.595150336587,8138.95301491,8800.3701365045,MANTIENI STATO ATTUALE,ALTO
2026-04-17,75163.09,78390.0,74558.21,77098.01,77098.01,70031.8326,86971.4158,67.52418768699378,2612.3947824554016,15414.90050977,9370.545349331998,MANTIENI STATO ATTUALE,ALTO
2026-04-18,77098.01,77450.15,75473.81,75736.82,75736.82,70229.3702,86779.76135,62.17912254359488,2566.9622979943015,4245.3427458,9353.396721173001,MANTIENI STATO ATTUALE,ALTO
2026-04-19,75736.0,76278.36,73777.86,73823.14,73823.14,70366.47600000001,86555.5772,55.52463525119678,2562.2149909947084,5477.34091341,9091.887224994,MANTIENI STATO ATTUALE,ALTO
2026-04-20,73823.27,76600.0,73741.53,75864.86,75864.86,70568.3932,86331.79490000001,60.39470131094347,2583.3760630665147,8979.33512634,8949.274806096,MANTIENI STATO ATTUALE,ALTO
2026-04-21,75864.86,76926.37,74817.27,76348.58,76348.58,70718.7246,86101.9458,61.47112731425135,2549.4992014189056,7556.91793671,8836.8879806915,MANTIENI STATO ATTUALE,ALTO
2026-04-22,76355.73,79523.0,76145.0,78208.52,78208.52,70916.1752,85880.69559999999,65.36865993063259,2608.677829888984,11757.91950096,8984.0854411415,MANTIENI STATO ATTUALE,ALTO
2026-04-23,78208.52,78722.96,76979.99,78281.32,78281.32,71028.1364,85654.49824999999,65.51570212394884,2546.8415563254853,9366.75503457,9243.3712093625,MANTIENI STATO ATTUALE,ALTO
2026-04-24,78281.32,78607.38,77289.0,77461.8,77461.8,71159.6204,85418.2068,62.308454338243685,2459.094302302237,7766.77212029,9511.0666628725,MANTIENI STATO ATTUALE,ALTO
2026-04-25,77461.79,77911.09,77179.2,77650.72,77650.72,71350.47,85199.49065,62.761026543624745,2335.7225664235057,2871.67459101,9464.1315177655,MANTIENI STATO ATTUALE,ALTO
2026-04-26,77650.72,78943.0,77346.44,78673.83,78673.83,71578.7542,84976.14355000001,65.19813850479366,2282.925240250398,3942.05709744,9102.116689822,MANTIENI STATO ATTUALE,ALTO
2026-04-27,78673.84,79496.0,76447.51,77364.42,77364.42,71806.6314,84754.3931,59.80372739675183,2337.60843737537,9288.76247228,9008.718447283001,MANTIENI STATO ATTUALE,ALTO
2026-04-28,77364.48,77478.99,75646.84,76317.99,76317.99,71964.34779999999,84571.08165000001,55.82831167346045,2301.50426327713,6625.83124653,8785.847966139001,MANTIENI STATO ATTUALE,ALTO
2026-04-29,76317.99,77906.84,74914.0,75752.88,75752.88,72080.1888,84396.0016,53.75032440850887,2350.8853873287635,9665.58304734,8733.737711775,MANTIENI STATO ATTUALE,ALTO
2026-04-30,75752.87,76655.95,75290.1,76305.78,76305.78,72202.14439999999,84202.1906,55.49569901136216,2280.52571680528,6282.45727649,8544.528423769,MANTIENI STATO ATTUALE,ALTO
2026-05-01,76305.78,78961.14,76275.01,78234.05,78234.05,72356.19420000001,84016.99070000001,61.02056155663659,2309.497451319189,8786.48048854,8844.055650938,MANTIENI STATO ATTUALE,ALTO
2026-05-02,78234.05,79155.0,78034.28,78682.31,78682.31,72510.9538,83845.06225,62.195486103087354,2224.5847762249614,2444.21427844,8744.114270379501,MANTIENI STATO ATTUALE,ALTO
2026-05-03,78682.31,79428.6,78073.01,78558.89,78558.89,72657.4912,83683.8361,61.64453982621887,2162.513720780322,2766.87588315,8009.824850061499,MANTIENI STATO ATTUALE,ALTO
2026-05-04,78558.88,80750.0,78205.0,79852.37,79852.37,72797.9384,83542.10795,65.13073748933947,2189.8341692960134,11539.41548269,7532.4852737455,MANTIENI STATO ATTUALE,ALTO
2026-05-05,79852.37,81799.6,79789.5,80907.72,80907.72,72918.3634,83414.33005,67.70955340180856,2176.9960143462986,9129.50056534,7602.354466600499,MANTIENI STATO ATTUALE,ALTO
2026-05-06,80907.72,82814.23,80699.66,81438.1,81438.1,73068.4432,83285.476,68.95229927769448,2172.5370133215624,8276.53099017,7609.2333653635,MANTIENI STATO ATTUALE,ALTO
2026-05-07,81438.11,81709.17,79456.0,80005.38,80005.38,73243.6504,83142.119,62.00963274337235,2178.296512370022,7038.15097074,7190.395888412,MANTIENI STATO ATTUALE,ALTO
2026-05-08,80005.38,80487.39,79520.44,80188.82,80188.82,73449.0608,82990.2228,62.52984483961415,2091.7717614864487,3086.74170459,7132.4658363515,MANTIENI STATO ATTUALE,ALTO
2026-05-09,80188.82,81065.32,80115.33,80655.96,80655.96,73652.23980000001,82851.69125,63.886032701291164,2010.2159213802743,2056.58900174,6961.428240767998,MANTIENI STATO ATTUALE,ALTO
2026-05-10,80655.97,82450.0,80273.86,82199.99,82199.99,73917.9992,82724.7613,68.00770213397244,2022.067641281683,3971.08807704,6711.015888303,MANTIENI STATO ATTUALE,ALTO
2026-05-11,82199.99,82379.0,80417.72,81727.06,81727.06,74195.6416,82582.81645,65.54034238324431,2017.72566690442,7031.61760564,6684.7508717495,MANTIENI STATO ATTUALE,ALTO
2026-05-12,81727.09,81778.0,79802.51,80484.72,80484.72,74387.8514,82430.0294,59.43965281191759,2014.7088335541048,5247.36830885,6359.2233121439995,MANTIENI STATO ATTUALE,ALTO
2026-05-13,80484.72,81293.93,78699.83,79288.26,79288.26,74562.94679999999,82268.13965,54.20649373887189,2056.093916871668,7960.11188101,6288.8911544659995,MANTIENI STATO ATTUALE,ALTO
2026-05-14,79288.26,82066.22,78885.42,81079.39,81079.39,74758.504,82100.79615000001,59.898460155177915,2136.430065666549,13222.23476392,6561.6642866474995,MANTIENI STATO ATTUALE,ALTO
2026-05-15,81078.04,81650.0,78591.99,79058.51,79058.51,74964.29380000001,81925.6534,52.03911385068208,2202.2572038332237,6789.73368724,6757.567241458999,MANTIENI STATO ATTUALE,ALTO
2026-05-16,79058.5,79182.02,77608.95,78105.45,78105.45,75199.336,81751.6469,48.787887674343,2157.31526070228,3053.43839711,6713.1363064424995,MANTIENI STATO ATTUALE,ALTO
2026-05-17,78105.46,78570.0,76673.54,77407.59,77407.59,75421.08480000001,81588.5242,46.49714490860281,2138.682742080689,2500.63873433,6373.730119545,MANTIENI STATO ATTUALE,ALTO
2026-05-18,77406.57,77764.28,75992.0,76943.98,76943.98,75640.82560000001,81431.70319999999,44.98598401783753,2112.5111176463543,8825.37701993,6483.707408215,MANTIENI STATO ATTUALE,ALTO
2026-05-19,76943.96,77350.08,76061.12,76767.48,76767.48,75841.4316,81267.76425,44.39443659619415,2053.686037814472,4874.41365584,6244.148938640001,MANTIENI STATO ATTUALE,ALTO
2026-05-20,76767.48,77782.61,76433.52,77475.99,77475.99,76026.5144,81104.88295,47.38535746654722,2003.3577493991525,6016.20525065,6230.836337348,MANTIENI STATO ATTUALE,ALTO
2026-05-21,77475.98,78123.68,76619.02,77547.62,77547.62,76215.2198,80939.941,47.69168852331799,1967.7364815849267,6038.75037562,6093.449831702,MANTIENI STATO ATTUALE,ALTO
2026-05-22,77547.25,77833.02,75266.73,75443.91,75443.91,76386.2084,80784.37065,40.275208864683925,2010.490304328861,5132.27865239,6227.8530503995,MANTIENI STATO ATTUALE,ALTO
2026-05-23,75446.99,77305.0,74197.11,76650.0,76650.0,76580.0086,80660.2799,45.507263356473175,2088.8759968767995,5619.0521439,6370.461863437,MANTIENI STATO ATTUALE,ALTO
2026-05-24,76648.65,77412.32,76000.0,76975.99,76975.99,76773.6938,80525.81485,46.86223482009693,2040.5505685284572,3695.06880542,5978.2445295735,MANTIENI STATO ATTUALE,ALTO
2026-05-25,76975.99,77834.55,76807.04,77249.07,77249.07,76938.57519999999,80405.6077,48.02805298163069,1968.1905279192824,3335.38172719,5688.538587666,MANTIENI STATO ATTUALE,ALTO
2026-05-26,77249.07,78015.46,75555.0,75826.1,75826.1,77078.025,80268.31685,42.763178275138344,2003.3526330679056,8614.2448817,5705.424282242499,MANTIENI STATO ATTUALE,ALTO
2026-05-27,75826.1,76033.66,74113.95,74315.98,74315.98,77126.1406,80128.46889999999,38.00214157240729,1997.3781592773414,6385.20290985,5672.776879198,VENDI,ALTO
2026-05-28,74316.71,74462.4,72445.11,73512.56,73512.56,77174.672,79972.55695,35.72337470959138,1998.8004336146737,8579.08613888,5947.3941009125,VENDI,ALTO
2026-05-29,73512.55,74224.84,72364.13,73366.77,73366.77,77206.0472,79809.4939,35.309608984090886,1988.936831213625,9057.16460696,6297.422881173499,VENDI,ALTO
2026-05-30,73366.77,74029.01,73107.24,73770.69,73770.69,77221.5034,79663.3006,37.47053092963682,1912.7106289840797,4015.02525805,6299.619740224,VENDI,ALTO
2026-05-31,73770.69,74156.59,73288.0,73575.17,73575.17,77231.2868,79522.98139999999,36.829214633153235,1838.1305840566451,3318.87878933,6113.982799408501,VENDI,ALTO
2026-06-01,73575.18,73978.52,70555.0,71314.42,71314.42,77242.4682,79381.48079999999,30.359033918610038,1951.3726851954566,10835.86426218,6393.407597075,VENDI,ALTO
2026-06-02,71314.43,71315.67,66100.01,66658.35,66658.35,77086.71519999999,79242.25275,21.84651958397582,2184.5360648243527,15741.32305621,6782.468155835,VENDI,ALTO
2026-06-03,66658.45,67416.5,63985.01,64040.0,64040.0,76883.9344,79084.72805,18.67527464071584,2273.6042030511844,15790.02945596,6910.857890437001,VENDI,ALTO
2026-06-04,64039.99,64695.0,61309.25,63806.02,63806.02,76663.3286,78932.8383,18.417983209423156,2353.0431885475286,25533.586511,7848.050531625001,VENDI,ALTO
2026-06-05,63806.02,63906.02,59073.01,61032.0,61032.0,76380.7068,78777.49530000001,15.662838954338625,2530.183675079848,28732.71500543,9132.014362041,VENDI,ALTO
2026-06-06,61031.98,61499.41,59448.45,60850.48,60850.48,76055.7562,78617.17540000001,15.49945169672327,2495.953412574145,9073.41539934,9460.6531952915,VENDI,ALTO
2026-06-07,60850.48,64234.45,60706.4,63302.73,63302.73,75807.0744,78476.38105,26.633886083018652,2569.674597390277,9793.1727327,9509.04298093,VENDI,ALTO
2026-06-08,63302.03,64200.02,62365.43,63062.98,63062.98,75591.8712,78359.01155,26.269436095543682,2517.168554719543,11755.65646469,9853.1051213725,VENDI,ALTO
2026-06-09,63062.97,63490.49,60713.5,61685.8,61685.8,75308.29,78242.09615,24.219304042961795,2535.7272293824326,11218.32861079,10113.2112893795,VENDI,ALTO
2026-06-10,61685.81,62809.04,60708.92,61449.46,61449.46,75010.3076,78125.92345,23.874950330366957,2504.6124272836873,9040.95804487,10263.321672842,VENDI,ALTO
2026-06-11,61449.47,63866.82,61449.47,63563.42,63563.42,74717.4056,78009.69915,33.04497500834549,2498.380111049138,9449.25103044,10479.1702917445,VENDI,ALTO
2026-06-12,63563.44,64347.32,62739.81,63538.43,63538.43,74422.5478,77886.0603,32.994376581264746,2434.7465316884854,8179.86676422,10607.2110227605,VENDI,ALTO
2026-06-13,63538.44,64727.27,63400.92,64429.99,64429.99,74161.9116,77771.5852,36.717312055345595,2355.5753508535936,4146.44545759,10629.779855368999,VENDI,ALTO
2026-06-14,64424.98,65764.16,63640.0,65706.62,65706.62,73923.0296,77647.7741,41.711408992916674,2339.0456829354803,4719.21113394,10698.9713257065,VENDI,ALTO
2026-06-15,65704.23,67264.0,65302.08,66276.8,66276.8,73675.08899999999,77522.57459999999,43.84301743540342,2312.1081341543745,8071.56079236,10671.837121239501,VENDI,ALTO
2026-06-16,66276.79,66944.0,65300.03,65616.64,65616.64,73440.13339999999,77396.1443,41.931045659255396,2264.3839817147764,6347.81359553,10669.967655523502,VENDI,ALTO
2026-06-17,65616.64,66384.01,63851.02,64446.04,64446.04,73202.6944,77264.2342,38.70759363560556,2283.570125878007,7644.1962471,10623.2231609345,VENDI,ALTO
2026-06-18,64446.05,64752.51,62159.76,62879.01,62879.01,72945.217,77126.78169999999,34.84579704130432,2305.6544026010065,7475.48695466,10544.1392783195,VENDI,ALTO
2026-06-19,62879.01,63595.93,62246.24,63475.2,63475.2,72688.6054,77012.7459,37.404548245185424,2237.371230986649,3592.2486366,10523.000447247001,VENDI,ALTO
2026-06-20,63475.08,64312.73,63131.38,64222.99,64222.99,72408.3842,76877.32059999999,40.557810352134844,2161.9411430590317,3866.36413615,10550.374714588,VENDI,ALTO
2026-06-21,64223.0,64508.4,63171.19,63235.63,63235.63,72099.45060000001,76726.22955,37.84682421889065,2103.0317756976724,3741.2101443,10195.642008694002,VENDI,ALTO
2026-06-22,63235.63,65553.39,63235.61,63950.61,63950.61,71807.285,76585.51490000001,40.92611955084814,2118.37093457641,7944.1273781,9805.7822247885,VENDI,ALTO
2026-06-23,63950.61,64211.95,61862.27,62644.86,62644.86,71463.1348,76452.01275,37.29234074559784,2134.8930106780954,6931.61213742,9362.8613588615,VENDI,ALTO
2026-06-24,62644.86,63156.34,59010.74,60983.13,60983.13,71064.64300000001,76310.58855,33.246664636100405,2278.5149384868027,15635.11089006,8867.9375778145,VENDI,ALTO
2026-06-25,60983.14,61868.39,58000.0,59703.65,59703.65,70629.954,76157.09535,30.50276396562292,2392.0774428806026,15027.87126075,8182.6953905805,VENDI,ALTO
2026-06-26,59703.66,60660.0,58243.36,60002.53,60002.53,70229.897,76003.83870000001,31.916314682434134,2393.831911246274,14344.89687871,8446.269464549001,VENDI,ALTO
2026-06-27,60002.97,60838.92,59765.1,59934.84,59934.84,69824.8174,75840.0629,31.758764177318014,2299.5453461572547,4263.41546366,8169.781601097,VENDI,ALTO
2026-06-28,59934.84,60455.0,58810.11,59474.01,59474.01,69401.1784,75677.253,30.64950892158535,2252.784250003165,4245.96241874,7794.2968987995,VENDI,ALTO
2026-06-29,59473.99,60702.63,58800.0,60162.73,60162.73,68960.4332,75515.35665,34.34057331015384,2227.773232145796,10607.13260857,7763.7370986885,VENDI,ALTO
2026-06-30,60162.73,60191.99,58056.0,58523.93,58523.93,68496.37060000001,75356.5863,30.21910786281812,2221.217286992525,9465.93232684,7784.985812787,VENDI,ALTO
2026-07-01,58523.93,61287.33,57717.55,59961.45,59961.45,68085.9052,75205.11695,37.32488945030713,2317.5431950644875,10684.76298705,7846.7614106175,VENDI,ALTO
2026-07-02,59961.46,62147.89,59520.02,61484.02,61484.02,67729.8204,75071.679,43.84711034038745,2339.7093954170246,9926.92193918,7934.114169365499,VENDI,ALTO
2026-07-03,61484.02,62899.99,61162.79,62520.22,62520.22,67358.637,74952.1926,47.82637146544832,2296.673010030094,5258.18045215,7989.7009190935005,VENDI,ALTO
2026-07-04,62520.22,63410.0,62274.16,63086.45,63086.45,67039.1958,74828.3548,49.91504972680895,2213.7563664565155,3145.81597083,7911.0311609380005,VENDI,ALTO
2026-07-05,63086.46,63940.79,62384.08,63580.44,63580.44,66748.6956,74715.20815,51.730576195681394,2166.824483138193,3932.92874482,7704.099558561,VENDI,ALTO
2026-07-06,63580.45,64658.85,61250.0,64001.84,64001.84,66480.5806,74607.91725,53.28618964242408,2255.540591485465,9896.48050701,7881.532904135,VENDI,ALTO
2026-07-07,64001.85,64272.92,62583.0,63323.27,63323.27,66208.1664,74484.07035,50.46578503953453,2215.1391206650746,8692.3130837,7933.938745965001,VENDI,ALTO
2026-07-08,63322.07,63720.88,61453.09,62237.7,62237.7,65917.5708,74353.63885,46.24841718284773,2218.8998977604265,7237.78820087,7922.053808275499,VENDI,ALTO
2026-07-09,62237.7,63448.46,61636.05,63175.25,63175.25,65631.55600000001,74226.31535,50.12499652974627,2189.864905063253,6006.35289135,8042.759021013,VENDI,ALTO
2026-07-10,63175.25,64669.42,62865.01,64128.49,64128.49,65363.1734,74104.17395000001,53.77526146642814,2162.332411844449,7404.52499746,8219.6670640785,VENDI,ALTO
2026-07-11,64128.49,64458.7,63769.84,63773.04,63773.04,65129.755999999994,73985.89255,52.23992029022939,2057.084382426988,2617.29724763,8163.471419244999,VENDI,ALTO
2026-07-12,63773.05,64250.56,63588.2,63740.32,63740.32,64871.562399999995,73866.549,52.09247976875994,1957.461212253632,2633.31782959,7897.9309418195,VENDI,ALTO
2026-07-13,63740.32,64388.01,61750.9,62264.94,62264.94,64577.3414,73742.0153,45.81357602494453,2006.0075542355155,9591.1892568,8030.9097977885,VENDI,ALTO
2026-07-14,62264.94,65055.04,62190.4,64988.64,64988.64,64332.1328,73630.47845,56.28837715375554,2067.338443218693,7504.53812142,7624.3811593565,MANTIENI STATO ATTUALE,ALTO
2026-07-15,64988.65,65559.5,64431.11,64716.63,64716.63,64109.9434,73515.0216,55.14194680711126,2000.270697274501,5757.28000036,7160.851596337001,MANTIENI STATO ATTUALE,ALTO
2026-07-16,64712.04,64946.07,63690.78,63770.6,63770.6,63899.0358,73394.48815,51.23363807062051,1947.0577903263224,5101.5478066,6698.684142731499,MANTIENI STATO ATTUALE,ALTO
2026-07-17,63770.6,64353.56,62452.52,63894.0,63894.0,63706.6646,73278.40425,51.71438823453512,1943.7708053030137,7455.05858276,6858.266298686499,MANTIENI STATO ATTUALE,ALTO
2026-07-18,63893.99,64827.93,63842.35,64796.36,64796.36,63535.256400000006,73160.39855,55.19291339744899,1875.3286049242272,3120.98182893,6802.017269195999,MANTIENI STATO ATTUALE,ALTO
2026-07-19,64796.36,64918.7,64238.08,64681.78,64681.78,63353.478200000005,73046.31774999999,54.65449859504641,1789.9922760010677,2337.25546535,6388.523412035001,MANTIENI STATO ATTUALE,ALTO
2026-07-20,64681.79,65756.09,63702.01,65213.05,65213.05,63186.2358,72928.6913,56.76071658600021,1808.8556848581338,8359.60489964,6333.207040675001,MANTIENI STATO ATTUALE,ALTO
2026-07-21,65213.05,66923.95,65106.79,66516.18,66516.18,63090.27099999999,72811.48225,61.48616482921628,1809.4488502254096,7284.09774035,6163.17377834,MANTIENI STATO ATTUALE,ALTO
2026-07-22,66516.17,66698.55,65484.0,66086.61,66086.61,63078.8362,72688.9252,59.189792910228896,1766.9560752093091,5859.41989993,5959.798676377501,MANTIENI STATO ATTUALE,ALTO
2026-07-23,66086.6,66287.74,64564.09,65051.23,65051.23,63099.0608,72556.71135,53.95887153569306,1763.8627841229304,6960.21139899,6044.9002237195,MANTIENI STATO ATTUALE,ALTO
2026-07-24,65051.24,65762.78,63641.0,64083.32,64083.32,63104.60680000001,72407.77765,49.55030320417637,1789.428299542721,7327.49813634,6253.984331995,MANTIENI STATO ATTUALE,ALTO
2026-07-25,64083.31,64387.43,63732.0,64295.61,64295.61,63169.879,72260.64564999999,50.50545262939585,1708.4284210039555,2180.46852205,6166.3613208565,MANTIENI STATO ATTUALE,ALTO
2026-07-26,64295.61,65511.36,64229.6,65341.07,65341.07,63259.690800000004,72130.95235,55.02170605477543,1677.952105217959,2390.56790196,5791.065690604,MANTIENI STATO ATTUALE,ALTO
2026-07-27,65341.07,65705.08,63545.0,63694.43,63694.43,63267.52480000001,71994.2945,47.64718061787593,1712.3898119881048,5069.45269918,5609.922671378,MANTIENI STATO ATTUALE,ALTO
2026-07-28,63693.44,64041.02,62645.39,63847.12,63847.12,63283.207599999994,71860.95285,48.338633407861636,1689.7641111318114,6232.18054403,5559.642288536001,MANTIENI STATO ATTUALE,ALTO
2026-07-29,63847.12,64665.3,63194.45,63896.14,63896.14,63327.414399999994,71728.50585,48.57346532002914,1674.1273889081112,8092.70552294,5663.959920115501,MANTIENI STATO ATTUALE,ALTO
2026-07-30,63896.14,65118.08,63502.91,64721.9,64721.9,63392.8632,71597.7553,52.491162350484046,1669.916146843246,8025.87127027,5695.027233756,MANTIENI STATO ATTUALE,ALTO
2026-07-31,64721.9,65360.0,62358.96,62825.9,62825.9,63378.1128,71455.94434999999,44.1707067185968,1764.9964220687286,8260.37090197,5977.180916473,MANTIENI STATO ATTUALE,ALTO
2026-08-01,62826.69,63093.0,62209.81,62764.2,62764.2,63362.62819999999,71292.84419999999,43.92668925670757,1702.0102490638199,3060.55404241,5998.542727114,VENDI,ALTO
2026-08-02,62764.2,63730.49,62743.87,63499.49,63499.49,63344.018200000006,71125.56585,47.63906662291791,1650.910945559261,3283.94724012,5683.18062628,MANTIENI STATO ATTUALE,ALTO
2026-08-03,63499.49,64032.43,62210.14,63466.51,63466.51,63299.21599999999,70964.96015,47.48720459421204,1663.1523065907425,7086.70328594,5662.288884506001,MANTIENI STATO ATTUALE,ALTO
